"relative_path","size_bytes","sha256"
"deliverables_sha256.csv","425","9DE180CF926CE7B4F99A054ADA8C9304BE9F4A39B4AC25404ED7C35CF14DEDC3"
"first_person_weapon_offsets.csv","5377","14DFABA21F93B2F78046BC82FCCF5FF34E556E4C5928DBED463F2D0527BDA4AE"
"Halo2Classic_MuzzleFlash\effect_chain.csv","36386","D88B8FD20F904B6A850C9EA8D3C5F0908D6E6AAF23BFF2D2FA3FB895D3E3F604"
"Halo2Classic_MuzzleFlash\file_manifest.csv","22818","3AA312AEAB2D5B117F564CD4BEE458C5F991BFF11189F0D9B140F87AC609ACAE"
"Halo2Classic_MuzzleFlash\first_person_offsets.csv","2093","6B7C20FD993AA80BBE331B617DDC9EA87B9B7E668EB1689005309E06A8A07390"
"Halo2Classic_MuzzleFlash\marker_transforms.csv","14404","A0EBFC7D87A70E7F65336F6959A4745F984365B66BAFD2A4AE8D9C3F26BC849B"
"Halo2Classic_MuzzleFlash\README.md","613","D909DB9587F65D8366D936F0F8AFD40D4A110E20D2411BEEA48726785F4233A0"
"Halo2Classic_MuzzleFlash\tags\effects\bitmaps\energy\energy_bolt_trail.bitmap","2910","AE603399F7A3B6E7AD16E62C0BCA6750C7F62DA6C81BEA83600443499CF15AC4"
"Halo2Classic_MuzzleFlash\tags\effects\bitmaps\energy\flash_c_generic_big.bitmap","7776","8F4C53F6F1E02C6C0138C1D3BD03E2AA369986C2CD830AAE0D83BEAC7041D392"
"Halo2Classic_MuzzleFlash\tags\effects\bitmaps\energy\flash_c_generic_long.bitmap","23481","3217B08F3078BE4322256E643FD01F3C13CFCF4D79536CEEA405A4D1A127C1D9"
"Halo2Classic_MuzzleFlash\tags\effects\bitmaps\energy\flash_c_generic_muzzle.bitmap","69482","499CB1C3F8F04F8305BAF87E281E0C07338203D8CAA37F15331BF31511D06952"
"Halo2Classic_MuzzleFlash\tags\effects\bitmaps\energy\plasma_grenade_electric_burst.bitmap","13342","6EA668F8C72538E61B8E026A8F18221B7A8F3BB96AC61CF6D1D83C94C07F5B8A"
"Halo2Classic_MuzzleFlash\tags\effects\bitmaps\energy\smoke_white_c_generic.bitmap","22556","8391EA4881186C0ADE0EF4C5E45DA33A507C4DD1AA7B6A25B86D1783D1B6976F"
"Halo2Classic_MuzzleFlash\tags\effects\bitmaps\energy\tracers_c_generic.bitmap","5260","5381726402D7A768BE44CA10311EF469179B39980D9C8E566E8DA5524646DF5B"
"Halo2Classic_MuzzleFlash\tags\effects\bitmaps\flares\burst_soft.bitmap","8835","700A7C7CC2FB2A41B32B1A34325E83FCDF52FF85DD636FADDAA68EFA69F75969"
"Halo2Classic_MuzzleFlash\tags\effects\bitmaps\flares\flash_shield.bitmap","3121","3D80F24015A0F36DCFA6A7AB3D231E6FEF03F6DC34EC35B94D6897884BD53714"
"Halo2Classic_MuzzleFlash\tags\effects\bitmaps\flares\ring.bitmap","12216","B8530250347996B7F44A4E7E698521856C333DC56120D8AF3D9A644CF31F9CC4"
"Halo2Classic_MuzzleFlash\tags\effects\bitmaps\lens_flares\flares_weapon_lens.bitmap","9016","5D4AB4FCB4C1CB8BE7F75141DE9F8EBEAB9107DFA3A98BF5D5E307816F38EFDB"
"Halo2Classic_MuzzleFlash\tags\effects\bitmaps\lens_flares\soft_flare_large.bitmap","16374","99B93A34273518E1533B272F89D6F06BA6AAB975E7D6E5C1745965F98E280632"
"Halo2Classic_MuzzleFlash\tags\effects\bitmaps\smoke\smoke_fiery_small.bitmap","6702","B9FCACBF0B8A1575AB028C16DA391824FDA08CEDC93ED60AB4992296823ABECC"
"Halo2Classic_MuzzleFlash\tags\effects\bitmaps\smoke\smoke_fiery.bitmap","24390","FE6F93640F3F04688308F38519AA117F01AC9288F523FF366A714457C7057DB1"
"Halo2Classic_MuzzleFlash\tags\effects\bitmaps\smoke\smoke_soft.bitmap","56971","6188FECB4E364BE14C803B198FE10102FDF0C903C1AAD3B3035A681C544371E9"
"Halo2Classic_MuzzleFlash\tags\effects\bitmaps\smoke\smoke_warthog_gun.bitmap","28286","E2FC2D89170C28C550A40712A95E085FC9B0E50E4C111FCB551B6F9B07B6E953"
"Halo2Classic_MuzzleFlash\tags\effects\bitmaps\smoke\smoke_wispy_small.bitmap","8307","0680F346665CDA3B6B0FB48FD8322A2EB3D6F63AE3C23A458960772FF45ADE3F"
"Halo2Classic_MuzzleFlash\tags\effects\bitmaps\sparks\electric_arcs.bitmap","16458","BDDA5F30280CBAA29F4CB19689EF9C31BE207ADBBC66E9A4826B2665DE7486C6"
"Halo2Classic_MuzzleFlash\tags\effects\bitmaps\sparks\flash_h_shield_impact.bitmap","5374","3401903ECACE296FA0C5400B81CBEE453E0FB03293FC35AB52ED420B2898C86A"
"Halo2Classic_MuzzleFlash\tags\effects\bitmaps\sparks\sparks_animated.bitmap","10343","88482B17F291691617B5BA7B8E14479B03EF4736F2DBC225AEB6C0B6B449ABCC"
"Halo2Classic_MuzzleFlash\tags\effects\bitmaps\weapons_fire\br_muzzle_flash_center.bitmap","27176","FA84EF04100B970328A2105709C10B73FEC1FC32D1C509F66513E0F567995F27"
"Halo2Classic_MuzzleFlash\tags\effects\bitmaps\weapons_fire\br_muzzle_flash_long.bitmap","88818","344DFC15D82D418C3040D3B1F11BE57B908E41FD3B195BC4EE57A380BDE74D26"
"Halo2Classic_MuzzleFlash\tags\effects\bitmaps\weapons_fire\fire_burst_long.bitmap","71736","BC2983626CE276907CA6CD9B8576F186E9A5198BCA8685D03CBDADBCF8D463F9"
"Halo2Classic_MuzzleFlash\tags\effects\bitmaps\weapons_fire\fire_burst_round.bitmap","99066","E75B480613C70084B79B136CD28CA949E829AE09F4095C76EB7310D8E90EEC3D"
"Halo2Classic_MuzzleFlash\tags\effects\bitmaps\weapons_fire\muzzle_flash_center.bitmap","9307","319BF2BE35DAE1513C341D3ACFF1D468F9AB85E183F1CFB32925FE0EBD7EC8EB"
"Halo2Classic_MuzzleFlash\tags\effects\bitmaps\weapons_fire\muzzle_flash_long_2.bitmap","14581","33AE97C5B69770B430DF2E3D8C20239937E1E2FBA0B2BEB7AA328B235F5BEB8E"
"Halo2Classic_MuzzleFlash\tags\effects\bitmaps\weapons_fire\muzzle_flash_long.bitmap","14495","D746671110FE0071C29C6DD6CA96E69C3DAE248EA7B0AA8E359451101416C7AC"
"Halo2Classic_MuzzleFlash\tags\effects\generic_lights\muzzle_flash.light","352","881A8225473749614F32D8DCC20E419833C58781C19F5E4905B019272049DB9B"
"Halo2Classic_MuzzleFlash\tags\effects\generic\energy\energy_bolt_trail.particle","814","8398F19084B91E48DC0BADC3B808C61D1AE27A60A1B84E471ADF4B6A0F09328C"
"Halo2Classic_MuzzleFlash\tags\effects\generic\energy\flash_c_generic_big.particle","904","9E9547BE408687E062112A1D2F5A013EEE08CE85926D8001BEEEF06F56EB56A2"
"Halo2Classic_MuzzleFlash\tags\effects\generic\energy\flash_c_generic_long.particle","929","B5A4223E298B35FD36C6D2F510DD99FB1DCDA3C666CE65011BAFC308FC75D7CD"
"Halo2Classic_MuzzleFlash\tags\effects\generic\energy\flash_c_generic_med.particle","931","5D5155E028B85F63093DEF90D6EB71F7D1993F59A65A61DD4AFCDE5391624083"
"Halo2Classic_MuzzleFlash\tags\effects\generic\energy\flash_c_generic.particle","939","ABC680E1C1689F2CCAE48FBECFD415A96985F0D2253135190DE3EF19C1A1082C"
"Halo2Classic_MuzzleFlash\tags\effects\generic\energy\plasma_electric_burst.particle","938","B00CA9812109A5B378105D46CE73DDD4F69B713A0B83C87FD5F2031408694206"
"Halo2Classic_MuzzleFlash\tags\effects\generic\energy\smoke_c_generic.particle","946","6833BEBF73CA9402F0E584E0175546A442D9A3BC195A540719A0DF63B8ED7015"
"Halo2Classic_MuzzleFlash\tags\effects\generic\energy\smoke_white_c_generic.particle","1010","961CC3F7892C07B15C62CE8DF37362EF6E9ACBAEC5C025DF0C39C638074C2B4F"
"Halo2Classic_MuzzleFlash\tags\effects\generic\energy\tracer_c_generic.particle","790","55C0374958D77156CA546A43B112B7D1B73F477617CBDDE2FFF9B43427657638"
"Halo2Classic_MuzzleFlash\tags\effects\generic\flares\burst_soft.particle","898","DDDC717F339D1A72F85939A70FAC5A053CCDD63B4C062424217DDB731D30BD48"
"Halo2Classic_MuzzleFlash\tags\effects\generic\flares\flare_large.particle","901","DA818FCCEF30B72BDFE9A904405FA1AD41130BCE57EF0A110171BDDFD74B0169"
"Halo2Classic_MuzzleFlash\tags\effects\generic\flares\flash_shield.particle","828","3C27B6106BE020C8B75E0620A4EB0E877876034C1BCDA964E1EF7E1C4D0D8173"
"Halo2Classic_MuzzleFlash\tags\effects\generic\flares\ring.particle","884","CD34AAF813AE8C2134EDCC0D520D896B88CFDC3B74A9DB923D3BBE6DB3AA984C"
"Halo2Classic_MuzzleFlash\tags\effects\generic\smoke\smoke_fiery_small.particle","917","DFF066989A3670AE9E6CA98A5ED00D7B85FCD74A17D011B3D357637B8F209B45"
"Halo2Classic_MuzzleFlash\tags\effects\generic\smoke\smoke_fiery.particle","916","A800C4FFB6C9C57D5CA4BA3A6DA54964B8EB849B286C1AFAC67302421954D910"
"Halo2Classic_MuzzleFlash\tags\effects\generic\smoke\smoke_soft.particle","804","FBCD680B8CCD30F2089914756329FD7A3CBB823365887FBF88A6B3366AA7508E"
"Halo2Classic_MuzzleFlash\tags\effects\generic\smoke\smoke_wispy_small_additive.particle","808","AA69848EA22F75E9B513CE6968A2BACDE9E6DB1B59FB701A73F336BAEC42ADC8"
"Halo2Classic_MuzzleFlash\tags\effects\generic\sparks\electric_arcs.particle","911","21044B4ED13544051B7702DDD82C2D2FB71E30AC0C56AF2F61AC02597EEFB77A"
"Halo2Classic_MuzzleFlash\tags\effects\generic\sparks\flare_large.particle","943","1AAC20C866797CDCB63F15A966FB2B07B86A74E32B1A18299A2A4242E49B5286"
"Halo2Classic_MuzzleFlash\tags\effects\generic\sparks\flash_h_shield_impact.particle","882","B1D2A0FA233F0E8B079DD4D674D593B8E75ACBD8709FCEC1EBFF62E9ECDC5152"
"Halo2Classic_MuzzleFlash\tags\effects\generic\sparks\sparks_animated_soft.particle","1169","2C306DE12A60D58A1F781AE2383BBED075538D52070F0CC579E720721B918182"
"Halo2Classic_MuzzleFlash\tags\effects\generic\weapon_flares\muzzle_flash_center.particle","817","6184CF4FAEA8F720AAED99AF4BBCDD7DB44F458F98AA0133619D120D949F180A"
"Halo2Classic_MuzzleFlash\tags\effects\generic\weapon_flares\muzzle_flash_long_2.particle","817","44842E7A2552610C2C52F15671FE18169281AE3F4FC009BD7D660957600BBA22"
"Halo2Classic_MuzzleFlash\tags\effects\generic\weapon_flares\muzzle_flash_long.particle","815","5ECAA4A693E89433155E828EDC18701177E4C9015373272C5624CDF2278B51EA"
"Halo2Classic_MuzzleFlash\tags\effects\objects\vehicles\warthog\chaingun\muzzle_flash_long.particle","890","7C2728B1B9E563F254E68F022DC2DAABDAC5464153DB0CA5610A2E207F2629F9"
"Halo2Classic_MuzzleFlash\tags\effects\objects\vehicles\warthog\chaingun\muzzle_flash.particle","972","81EFD85DAAE7610E389985D3429A5532EC0FB93A7E523F3AEFAC0B1129681698"
"Halo2Classic_MuzzleFlash\tags\effects\objects\vehicles\warthog\chaingun\muzzle_smoke.particle","1147","7AC42A203287EEFDD817E922275D00DB4AB84205161DA4049712212E15CC65C5"
"Halo2Classic_MuzzleFlash\tags\effects\objects\weapons\fixed\plasma_cannon\plasma_cannon_fire.effect","12248","C9E201571CFE9463B0ACFAE61E4E415D38A0B1B928FCE9AF9E133538A09B961A"
"Halo2Classic_MuzzleFlash\tags\effects\objects\weapons\fixed\plasma_cannon\plasma_cannon_fire.light","352","456389AC32CE90458A0B3E0830E7C6E33884C478728F89DCA935E99AA48B72C8"
"Halo2Classic_MuzzleFlash\tags\effects\objects\weapons\pistol\magnum\fire_bullet.effect","8183","FEA83721DDB74784BC538353AB2479ECD5FBA00235FDD7A0CF5398A1E4EB9A72"
"Halo2Classic_MuzzleFlash\tags\effects\objects\weapons\pistol\magnum\muzzle_flash.light","352","4F7E11A0472E6FB81B861AB49103A806DF80B7F41C2EBF7A92B74B9FF39F3B6F"
"Halo2Classic_MuzzleFlash\tags\effects\objects\weapons\pistol\needler\firing.effect","9214","F1CF7F06A249C62E0A9AC251B457A753918DD3436ADEB0F73FE32C3FF470AEA7"
"Halo2Classic_MuzzleFlash\tags\effects\objects\weapons\pistol\plasma_pistol\charged_bolt_fire.effect","367","E32E6FCDD46B69803E610A3F4E70DDAB445A5771DAF28649B8E11DCFA3B371B9"
"Halo2Classic_MuzzleFlash\tags\effects\objects\weapons\pistol\plasma_pistol\fire_bolt.effect","6022","71175DD5DBD1752E5464BB3E137491EBE69586C1B4CB6BA8E648646CB6043EBA"
"Halo2Classic_MuzzleFlash\tags\effects\objects\weapons\pistol\plasma_pistol\muzzle_flash.light","352","8DC05B0D2CE61200D9B8E019078493B85357CBCD77D78DA759F302068870646B"
"Halo2Classic_MuzzleFlash\tags\effects\objects\weapons\rifle\battle_rifle\fire_bullet.effect","7983","404FA5776F420FEA5BBE5A7FAEA8E142DFD48F823DD25C66F86039D2AE166FDF"
"Halo2Classic_MuzzleFlash\tags\effects\objects\weapons\rifle\battle_rifle\muzzle_flash_center.particle","868","3DF8C0A6DDA5FCA9AC39F6659EEAE083BA964941E12BC49A85E756243A3E28AF"
"Halo2Classic_MuzzleFlash\tags\effects\objects\weapons\rifle\battle_rifle\muzzle_flash.light","352","6ACBFDDE71BF29B667912F4DF3575F0401C6E36E127B1A4CA219AAF9D5BDF9BF"
"Halo2Classic_MuzzleFlash\tags\effects\objects\weapons\rifle\battle_rifle\muzzle_flash.particle","890","74A3B6FE34CD7279C56730C9A18F1BE9DC576F24EA9F21C60BF45290F0067C38"
"Halo2Classic_MuzzleFlash\tags\effects\objects\weapons\rifle\battle_rifle\smoke.particle","1147","4A5BB044530BB93AFE0578EAAC0136F44D686D555D81741583BCDBA62DF07ED0"
"Halo2Classic_MuzzleFlash\tags\effects\objects\weapons\rifle\beam_rifle\beam_rifle_fire.effect","24339","4F818C005CE1BCF7AC68C71B08531832886ED1BB812CCE1F8CCFADC9BD554D69"
"Halo2Classic_MuzzleFlash\tags\effects\objects\weapons\rifle\brute_plasma_rifle\lower_fire.effect","11681","9C080D0680A8D2837A451E59674177D9D371DAB30F5BBA535A560F75029AC7E5"
"Halo2Classic_MuzzleFlash\tags\effects\objects\weapons\rifle\brute_plasma_rifle\upper_fire.effect","11553","A94E26C83B96C307BD5E7AD648FA5EF572922F67DCE50DD94985C31F879F43E9"
"Halo2Classic_MuzzleFlash\tags\effects\objects\weapons\rifle\covenant_carbine\firing.effect","8815","58904C1E715601A77E2A8CEF7C6DEA0D1C1871648FB70F461536760692A055D4"
"Halo2Classic_MuzzleFlash\tags\effects\objects\weapons\rifle\covenant_carbine\firing.light","352","5CEA5224F24FBF02B15FBE1DA1C8D47D9DC8A7AD0ADF8B0D1A12A5DF712BAC9B"
"Halo2Classic_MuzzleFlash\tags\effects\objects\weapons\rifle\gpmg\gpmg_gun_fire.effect","14612","3799A704D0CE9A5F7B8CED5C43058E3CF809D603543728D62BFA3CDBD3539771"
"Halo2Classic_MuzzleFlash\tags\effects\objects\weapons\rifle\plasma_rifle\lower_fire.effect","11690","4C03F51B5E5757E5A2F23C0D6811523C281BE2EE27DDB9498D94557264C100AE"
"Halo2Classic_MuzzleFlash\tags\effects\objects\weapons\rifle\plasma_rifle\upper_fire.effect","11562","6FAFFCAFD23EE0443CB6F1C4469BEE94AF37332C7C5DC5F4C60005430CAD9FC6"
"Halo2Classic_MuzzleFlash\tags\effects\objects\weapons\rifle\shotgun\muzzle_flash.light","352","6B419DFF5B40022BB577BA46ACFC858ACDCFA6A8B4E44133E5969382C7BD700B"
"Halo2Classic_MuzzleFlash\tags\effects\objects\weapons\rifle\shotgun\shotgun_firing.effect","15881","755A5711976BFDD4FBE7B0BEF06BEC87DE107D45A4BD23127EE6B7485A0B4644"
"Halo2Classic_MuzzleFlash\tags\effects\objects\weapons\rifle\smg_silenced\muzzle_flash.effect","2519","53F16DC7A7E09F82F193642FD126A020597098CFFA0AB5591C2E9333024F51DA"
"Halo2Classic_MuzzleFlash\tags\effects\objects\weapons\rifle\smg\fire_bullet.effect","6607","9B5074EC0CB71570B38CE69435C76865313E8C2BE66FCD9335F4FD840D53931F"
"Halo2Classic_MuzzleFlash\tags\effects\objects\weapons\rifle\smg\fire_burst_center.particle","886","C4AE9081B57BBFE89992D48EBEA7AB521879EFD8B853AC4181FBDC98F1E044C1"
"Halo2Classic_MuzzleFlash\tags\effects\objects\weapons\rifle\smg\fire_burst_long.particle","885","E2A8585855F548F3F465DE18A0765888F8EFC3EB7B1A9BBE7784BE059586F8CE"
"Halo2Classic_MuzzleFlash\tags\effects\objects\weapons\rifle\smg\muzzle_smoke.particle","1179","183EDBAEFD093EFB50D4D1D5545C13B5C7EFFC344AB922A022265540D8C2B753"
"Halo2Classic_MuzzleFlash\tags\effects\objects\weapons\rifle\smg\smg_muzzle_flash.light","352","885F25F1E927B3680A36E8477DE16EA44797326CDEBED7C6140D81A8E7DEDE44"
"Halo2Classic_MuzzleFlash\tags\effects\objects\weapons\rifle\sniper_rifle\fire_bullet.effect","10323","54482774099C8950E6F4EC7D38B3744FAB3AD6CDD97AA9DCF7D0D74D443F2FE7"
"Halo2Classic_MuzzleFlash\tags\effects\objects\weapons\rifle\sniper_rifle\sr_muzzle_flash.light","352","11FFD380DE4387C96D51F3D52E9A0DA15273738788A5CC2FAAD45F7A53AF22F6"
"Halo2Classic_MuzzleFlash\tags\effects\objects\weapons\support_high\flak_cannon\flak_bolt_fire.effect","2964","7408FF444BE8D0139C6B7013D7C2A585A7E0D8B83821D09E1B6F4D51BD965D0A"
"Halo2Classic_MuzzleFlash\tags\effects\objects\weapons\support_high\flak_cannon\muzzle_flash.light","352","662A167BA084AD48E0E89EDE60640EFFE273BDD9A0708FB9254EB799987C4F49"
"Halo2Classic_MuzzleFlash\tags\effects\objects\weapons\support_high\rocket_launcher\rocket_fire.effect","10158","61952C2456DAD01D4D0C4D4D193168AA17F9A6872BE5DB166911D8B2021F65A8"
"Halo2Classic_MuzzleFlash\tags\effects\objects\weapons\support_low\brute_shot\firing.effect","8051","96439EF8B2F75197EE85B42B27EA95BBC093F2913E298243038450E52AA1FF42"
"Halo2Classic_MuzzleFlash\tags\effects\objects\weapons\support_low\brute_shot\muzzle_flash.light","352","AD70C6590FCC85D4C730EF7491F2AD66F95973F19C85CEDBA1151B65D6B3FF02"
"Halo2Classic_MuzzleFlash\tags\objects\weapons\fixed\h_turret_mp\weapon\h_turret_mp_weapon.weapon","1373","7832CBEA52DEC0CA5360790AFB227F771B1F9F9BBCB2FBE6B05021322D063842"
"Halo2Classic_MuzzleFlash\tags\objects\weapons\fixed\plasma_cannon\plasma_cannon.weapon","2197","886E8C92B339045C18F627274B0B6C8CAC63D62B67885A16446A7174A954EC80"
"Halo2Classic_MuzzleFlash\tags\objects\weapons\pistol\magnum\fp_magnum\fp_magnum.render_model","406351","BAF108087783B6464469CF9434D709AF62730C2C3E964DAD6F6CAC99BF5BAA44"
"Halo2Classic_MuzzleFlash\tags\objects\weapons\pistol\magnum\magnum.weapon","3492","62F5E78B1DDCC9D4647F64389381C8FC2523D0870B31C7A7F68DDBCF972C2E1E"
"Halo2Classic_MuzzleFlash\tags\objects\weapons\pistol\needler\fp_needler\fp_needler.render_model","624246","50A61C512662A7EBCCA22AE6905FC91188A8F92856D341F8C55ADFFEC897E792"
"Halo2Classic_MuzzleFlash\tags\objects\weapons\pistol\needler\needler.weapon","3647","2250283AA53555A7689B2C433E898D903621776DA2D3EBA8087B1F50026337B7"
"Halo2Classic_MuzzleFlash\tags\objects\weapons\pistol\plasma_pistol\fp_plasma_pistol\fp_plasma_pistol.render_model","376288","19511881619E17B63973838BDFC1A1F6AE07E1F5663F9B777C8361103158C8E7"
"Halo2Classic_MuzzleFlash\tags\objects\weapons\pistol\plasma_pistol\plasma_pistol_muzzle.light","352","C7EA9C88F128A303EA32A3A83762A90CC61D3882292ED25E35C559C271FE0588"
"Halo2Classic_MuzzleFlash\tags\objects\weapons\pistol\plasma_pistol\plasma_pistol.weapon","4760","B56E30D76B13E6044C025262E8C1866438085C7F946F5165F7CF5202AD130EB7"
"Halo2Classic_MuzzleFlash\tags\objects\weapons\rifle\battle_rifle\battle_rifle.weapon","3559","41E66103B67C31DBB37AF3E3BA91E915E1071EBB43A8500428FCA40945E24286"
"Halo2Classic_MuzzleFlash\tags\objects\weapons\rifle\battle_rifle\fp_battle_rifle\fp_battle_rifle.render_model","664023","8318A9A2D7B0DA7FBC66254B844C45D0587EE9D9BEB5103A796BB8F2127E2DFB"
"Halo2Classic_MuzzleFlash\tags\objects\weapons\rifle\beam_rifle\beam_rifle.weapon","3693","46EA1C33FA70DB61D5912A1A1094483C4A84540D659E0DCC68610A9F38825DA1"
"Halo2Classic_MuzzleFlash\tags\objects\weapons\rifle\beam_rifle\fp_beam_rifle\fp_beam_rifle.render_model","434777","0E338BED03B9E4F3150BEF8722C51D1861970118AB21039609706D3581393C82"
"Halo2Classic_MuzzleFlash\tags\objects\weapons\rifle\brute_plasma_rifle\brute_plasma_rifle_muzzle_flash.light","352","5F31FCA85B8459D339196E127C73A97315D5CDA4E623B39179A9730FF1CCDD45"
"Halo2Classic_MuzzleFlash\tags\objects\weapons\rifle\brute_plasma_rifle\brute_plasma_rifle.weapon","4103","0D5D61BF287AB2AA0DCE0E7F8E9829D325DF4D496B91AEEF3714E6DC518E990D"
"Halo2Classic_MuzzleFlash\tags\objects\weapons\rifle\brute_plasma_rifle\fp_brute_plasma_rifle\fp_brute_plasma_rifle.render_model","744856","4C418B637B42E3349D12FE228B3FA86D2E63FD48ADACC7D2CCB3ED382A54DD55"
"Halo2Classic_MuzzleFlash\tags\objects\weapons\rifle\covenant_carbine\covenant_carbine.weapon","4128","E23C6192E508C630F4BA96C89FA89F7CC693984B91E04397DA327FF848D3744C"
"Halo2Classic_MuzzleFlash\tags\objects\weapons\rifle\covenant_carbine\fp_covenant_carbine\fp_covenant_carbine.render_model","468785","7FCB388B6134CC681F082C6D89BEFC3DB4FC5F1D5727F35E4843E58CF471FB13"
"Halo2Classic_MuzzleFlash\tags\objects\weapons\rifle\gpmg\fp_gpmg\fp_gpmg.render_model","123620","2670D5D8A8F38C6218AA3A8051109A17BE1740172EC9E587188EF26C2A6F6E34"
"Halo2Classic_MuzzleFlash\tags\objects\weapons\rifle\gpmg\gpmg.weapon","4055","1079A54F683700B76A8915129F31CC5FCB19301936D2346229714995A2EC9EF8"
"Halo2Classic_MuzzleFlash\tags\objects\weapons\rifle\plasma_rifle\fp_plasma_rifle\fp_plasma_rifle.render_model","744820","657B4F8D88DE763AB47DCFFEA74743DCA268957E22B94D412210666E7A08B5ED"
"Halo2Classic_MuzzleFlash\tags\objects\weapons\rifle\plasma_rifle\muzzle_flash.light","352","0C69B51B428C1760E2023DAA95A44E71B699AC031CC6215EC524AAD08E92D06F"
"Halo2Classic_MuzzleFlash\tags\objects\weapons\rifle\plasma_rifle\plasma_rifle_muzzle_flash.light","352","44C1FF8920F2EBF6A4E2DD52431F23DFC61B55D1DB3C56977CE053B852719210"
"Halo2Classic_MuzzleFlash\tags\objects\weapons\rifle\plasma_rifle\plasma_rifle.weapon","4128","C33D4C580E725287B8C26672FEA7246FB8B4D05B21DC1CE843FF22702048ADF6"
"Halo2Classic_MuzzleFlash\tags\objects\weapons\rifle\shotgun\fp_shotgun\fp_shotgun.render_model","415793","2B4CAB8E1EF7757E1F013CF59C109650165C63C8C7A4090E855D74743E242909"
"Halo2Classic_MuzzleFlash\tags\objects\weapons\rifle\shotgun\shotgun.weapon","3555","2FF34BD7D341A340BE90143791321CC2F1FDFB59AC0036D8CA0F8E2E03AC2457"
"Halo2Classic_MuzzleFlash\tags\objects\weapons\rifle\smg_silenced\fp_smg_silenced\fp_smg_silenced.render_model","450697","04EEC82B3F0E875FE7238B333EE4CA7FE50055303B04F7509D7A4C712E398341"
"Halo2Classic_MuzzleFlash\tags\objects\weapons\rifle\smg_silenced\smg_silenced.weapon","3413","A9FBF1D7DF3B186DBB6A1F58C4551AC4041A6C2F0B259DABCB00CFF3D42EE191"
"Halo2Classic_MuzzleFlash\tags\objects\weapons\rifle\smg\fp_smg\fp_smg.render_model","466169","AB4E2F0A96D3559AD9101A7105A439FFB811F1590186D69E136B133071DB749F"
"Halo2Classic_MuzzleFlash\tags\objects\weapons\rifle\smg\smg.weapon","3504","8D80429BC628D9ADD5ED4579158EE74D67B311E50E585B58DD835D382C99AD8C"
"Halo2Classic_MuzzleFlash\tags\objects\weapons\rifle\sniper_rifle\fp_sniper_rifle\fp_sniper_rifle.render_model","521350","CC3FD44F484138EA03B97394CA69AD9B0B7CBB18674AE7B9D15BFD9978ADBA9C"
"Halo2Classic_MuzzleFlash\tags\objects\weapons\rifle\sniper_rifle\sniper_rifle.weapon","3825","DE3C801C58A8EA6D3941730B4DA340ED304449F556A03A00A4F833C7E2F01F97"
"Halo2Classic_MuzzleFlash\tags\objects\weapons\support_high\flak_cannon\flak_cannon.render_model","588196","9181149BA42A8B88CD6C47FCEB869C1A3C00B3CD83F30CA4BD6B025E8535C9BA"
"Halo2Classic_MuzzleFlash\tags\objects\weapons\support_high\flak_cannon\flak_cannon.weapon","3659","FCE7D8AEAA3FE2A4FCBC76DE0427F48B9C2142044EB56AA00777AC949DBADF92"
"Halo2Classic_MuzzleFlash\tags\objects\weapons\support_high\rocket_launcher\fp_rocket_launcher\fp_rocket_launcher.render_model","814720","60A578B9F923238AE1BE59B468787AFE6405AC7925B7795D5C28E3071B6232A1"
"Halo2Classic_MuzzleFlash\tags\objects\weapons\support_high\rocket_launcher\rocket_launcher.weapon","4038","84E9C4F15DB910BEFC67AC5C1327EF99E17CC134B212A13C912486FA51644AD6"
"Halo2Classic_MuzzleFlash\tags\objects\weapons\support_low\brute_shot\brute_shot.weapon","3292","F6657F9C7EC949A0ECEFB6222AC9EA3B5058B8D4B123F4462329EE4948E87A5F"
"Halo2Classic_MuzzleFlash\tags\objects\weapons\support_low\brute_shot\fp_brute_shot\fp_brute_shot.render_model","857456","F3401C58AE7741FB7D2DE52391C4E3B074964AC46947F17E63B633126FD64823"
"Halo2Classic_MuzzleFlash\textures_tga\effects\bitmaps\energy\energy_bolt_trail_00_00.tga","8236","8818EB5B27A179289D9A13C3017DF31B387CA489A2F450CEDF177ECBE1430D23"
"Halo2Classic_MuzzleFlash\textures_tga\effects\bitmaps\energy\flash_c_generic_big_00_00.tga","16428","8C274796626244B93AAC4D304114C9F5E58EEEE8968E90BE29E56E71D2E32C8C"
"Halo2Classic_MuzzleFlash\textures_tga\effects\bitmaps\energy\flash_c_generic_long_00_00.tga","65580","136EE40BE5A92ED88BAAB303B2258EFBF18E77973F09CFDDD139313FA8F5BBE4"
"Halo2Classic_MuzzleFlash\textures_tga\effects\bitmaps\energy\flash_c_generic_muzzle_00_00.tga","262188","8F868FAFED2D14900EE8606450AA68B4C3D5F5F9E28A15F8DA31788F72739E89"
"Halo2Classic_MuzzleFlash\textures_tga\effects\bitmaps\energy\plasma_grenade_electric_burst_00_00.tga","65580","7190D30B4375C028962506C5AC6BC9623152C093E828BFFB3F9D48851F0A4828"
"Halo2Classic_MuzzleFlash\textures_tga\effects\bitmaps\energy\smoke_white_c_generic_00_00.tga","65580","EC180874967E77028C83602B05CA8AF3A027A891076138437CE628319FD00227"
"Halo2Classic_MuzzleFlash\textures_tga\effects\bitmaps\energy\tracers_c_generic_00_00.tga","16428","988430B68AEE4D549A2BB66DA418ACE10A9F40E99FC5986EFDD5D9D24E3A2B3B"
"Halo2Classic_MuzzleFlash\textures_tga\effects\bitmaps\flares\burst_soft_00_00.tga","16428","EB1971FA18250FAD68D2401BEA2CA3E43EBEA1E5496E6987ED9827A55113E01D"
"Halo2Classic_MuzzleFlash\textures_tga\effects\bitmaps\flares\flash_shield_00_00.tga","4140","FBD891CF398BBADC6327C71007417507E0A23358FCF8C8960F354CC2AFEADAF1"
"Halo2Classic_MuzzleFlash\textures_tga\effects\bitmaps\flares\ring_00_00.tga","16428","6E62FC21C7C716C29A2406B97FB6E4373CC9CFA44B404BF9233E11011AECB460"
"Halo2Classic_MuzzleFlash\textures_tga\effects\bitmaps\lens_flares\flares_weapon_lens_00_00.tga","12332","45DC77487DFBA23A1D3FDF0B405A84A0668A5F61BEB3099D25FF69EC79A91E8C"
"Halo2Classic_MuzzleFlash\textures_tga\effects\bitmaps\lens_flares\soft_flare_large_00_00.tga","16428","E2A68DE511D89CF14B76B6495501E53F5D7E52F019AFAA5593AEA3387ABB0CC0"
"Halo2Classic_MuzzleFlash\textures_tga\effects\bitmaps\smoke\smoke_fiery_00_00.tga","65580","BB1B230C73EEE9805F8AFA1D93266534A66D0313366EF975C1999BFA1178E6AB"
"Halo2Classic_MuzzleFlash\textures_tga\effects\bitmaps\smoke\smoke_fiery_small_00_00.tga","16428","D20664DD0EDDA6CA3EB1EBA82594219BF4184D5A016AF43206D52654FBF17E9B"
"Halo2Classic_MuzzleFlash\textures_tga\effects\bitmaps\smoke\smoke_soft_00_00.tga","65580","F2FE50ED79395D0E05183361B5BE843B8F51E180A9234637CCBC6947D536B396"
"Halo2Classic_MuzzleFlash\textures_tga\effects\bitmaps\smoke\smoke_warthog_gun_00_00.tga","65580","1E88FF53887D0D65A99C2386E6D39404170D5F0AB8EB6795401570DF5C1E97EC"
"Halo2Classic_MuzzleFlash\textures_tga\effects\bitmaps\smoke\smoke_wispy_small_00_00.tga","16428","F735045842894DF8F5E73E842D5FF190598DDA0C972A01D46D11BB2B22D62777"
"Halo2Classic_MuzzleFlash\textures_tga\effects\bitmaps\sparks\electric_arcs_00_00.tga","65580","3BCFF651394DEA7700E0E8752D57FC1B918E83085A9816920C99EF91B43C523C"
"Halo2Classic_MuzzleFlash\textures_tga\effects\bitmaps\sparks\flash_h_shield_impact_00_00.tga","4140","C9BE174D5494DF984D1C5AF5CC179B6D18F8D8BEAF50FB56800785B15E1DC872"
"Halo2Classic_MuzzleFlash\textures_tga\effects\bitmaps\sparks\flash_h_shield_impact_01_00.tga","4140","8EB1FD129027F8650CC96868D9CA12368D00953CA87B301414A9B9A0027408A7"
"Halo2Classic_MuzzleFlash\textures_tga\effects\bitmaps\sparks\sparks_animated_00_00.tga","16428","89A9CCC4091789310DC5C159C1075A3A3EA9E0AD78EE3B0B6244A3270770A04B"
"Halo2Classic_MuzzleFlash\textures_tga\effects\bitmaps\weapons_fire\br_muzzle_flash_center_00_00.tga","16428","0E06E4456DCE9BC8EB775A7816A24CB87A0F97F6797631EE7C0115957E4218CE"
"Halo2Classic_MuzzleFlash\textures_tga\effects\bitmaps\weapons_fire\br_muzzle_flash_center_01_00.tga","16428","B43FEE8511CF5BC2B87C6C03FD56AF2B1DE2C4CB7365D8F347191F8BEC8AADA7"
"Halo2Classic_MuzzleFlash\textures_tga\effects\bitmaps\weapons_fire\br_muzzle_flash_center_02_00.tga","16428","8504E0C050F3298C1DF5D83036503A5C315705A3A233C3213EDF7686804E1DC1"
"Halo2Classic_MuzzleFlash\textures_tga\effects\bitmaps\weapons_fire\br_muzzle_flash_long_00_00.tga","262188","D5B475853C80D7C5C9BBD88562C8FB34F56E5169CA6E1C989526AB0093B23164"
"Halo2Classic_MuzzleFlash\textures_tga\effects\bitmaps\weapons_fire\fire_burst_long_00_00.tga","262188","91D816451107A2F4F80F680C0E2CD6483364C13D4B29847FAFE0169AC0E66644"
"Halo2Classic_MuzzleFlash\textures_tga\effects\bitmaps\weapons_fire\fire_burst_round_00_00.tga","262188","F7BD776472EB29E1A62438E824A6CB893B5DD755E92DC2CE2CE0973378C368AC"
"Halo2Classic_MuzzleFlash\textures_tga\effects\bitmaps\weapons_fire\muzzle_flash_center_00_00.tga","16428","2F7C257F043301C5127D79DF350F1482079AB5E78BDDB03BC1112FA256360879"
"Halo2Classic_MuzzleFlash\textures_tga\effects\bitmaps\weapons_fire\muzzle_flash_long_00_00.tga","32812","93433EA544C7EDBAB759A8789234354005A43AA50EAEE638AA2E0232F2EFB54C"
"Halo2Classic_MuzzleFlash\textures_tga\effects\bitmaps\weapons_fire\muzzle_flash_long_2_00_00.tga","32812","0F6F4DBEFD9A20B43FFD4C4DBFE8BEB10D3874174E599D9FD36C2CD81D74E784"
"Halo4_MuzzleFlash\effect_chain.csv","181335","5A4AFD72DFD5CA3834631C4494F8314DF6FDDFAD79C09D40C4874FCAE5C8C45C"
"Halo4_MuzzleFlash\file_manifest.csv","98294","4D8D6F36E7595827677EB95A870FDADB062180D4B0531512836CBB1B2BE68F9F"
"Halo4_MuzzleFlash\first_person_offsets.csv","3398","A1959F0C722F2AC77BFA8AA645142E7752A387FFF280970D926277A95C314B0A"
"Halo4_MuzzleFlash\marker_transforms.csv","28287","82123980D8107A731369BFFE447035C5139A052FD6B0ACA4619600E49A99E5B2"
"Halo4_MuzzleFlash\README.md","599","0FA937BE294437B1FA38BDE26864752CA7E7BF2733F955372AE59689C51BAA02"
"Halo4_MuzzleFlash\tags\fx\bitmaps\2d\alphas\horizontal_grad_01.bitmap","23624","3E88EE3CAAF61A31756462B6AB78147C2D139B3100AB148649EE5EC0C4A29B31"
"Halo4_MuzzleFlash\tags\fx\bitmaps\2d\caustics\caustics_04.bitmap","100108","F2B14F57C09AC4DDC1E50EF9C10681E9F9580AD01B6183C8FFEC4D10596037A2"
"Halo4_MuzzleFlash\tags\fx\bitmaps\2d\clouds\cloud_07_small.bitmap","100080","513C18B5049145E523A13BC36CFDE0EE5D44F0390C14960C0BEF15D01721394D"
"Halo4_MuzzleFlash\tags\fx\bitmaps\2d\clouds\cloud_07.bitmap","360860","2DDAF7296EC7178EB65AF23F523ABD9ACAF82F79747E6B36EBAFFC72DCEF0375"
"Halo4_MuzzleFlash\tags\fx\bitmaps\2d\clouds\smoke_large_01.bitmap","360860","ABEDA8CE92E057EACBB92EFCA075B2A4131631A74C865AA7D56A581864CCC8DF"
"Halo4_MuzzleFlash\tags\fx\bitmaps\2d\clouds\soft_smoke_small_fix.bitmap","362256","AE447EE51C91BBB0EA9F0DD3E819E768164139ED60C3DC9D47F879EE2CF2D6AE"
"Halo4_MuzzleFlash\tags\fx\bitmaps\2d\energy\energy_swirl_02.bitmap","340380","09995327BCF493A3B01770EF468EF1EBE19D11BA61683E431B60788AD7368E29"
"Halo4_MuzzleFlash\tags\fx\bitmaps\2d\energy\energy_wisps_01.bitmap","340380","7D6C616B388E72329E8DBE8349864119A088A44C67B3AA110B4D336D35F671ED"
"Halo4_MuzzleFlash\tags\fx\bitmaps\2d\energy\plasma_cloud_01.bitmap","100108","E19DF9298617883DB040EC6A846AF403005FFE00AAD027BBD54A778F2217B7F6"
"Halo4_MuzzleFlash\tags\fx\bitmaps\2d\energy\plasma_cloud_02.bitmap","100108","5469820AE53BA994D3CF7AD693441C55599F5F08A6DCC4F284D461E814094372"
"Halo4_MuzzleFlash\tags\fx\bitmaps\2d\flare\elliptical_glow.bitmap","143772","36139B6FF060DD04488204C2A93B51F576254A84079CCBF68AD32A7F222C5566"
"Halo4_MuzzleFlash\tags\fx\bitmaps\2d\flare\flare_g_ray_vert_diff.bitmap","187464","3EE32061C7C9DA7D28D6E40F1411B4859C88A3B35F2A7D338FC3A2E201165C6C"
"Halo4_MuzzleFlash\tags\fx\bitmaps\2d\flare\forerunner_lenseflare.bitmap","1061276","EA638342DEE86C396DBA0DBD75475E4EECE6554F817980C5D0313D6A3AB32DCF"
"Halo4_MuzzleFlash\tags\fx\bitmaps\2d\flare\forerunner_lensreflection.bitmap","187464","9951F45767E3B8063FA6627D867C85DC57E1345830995A44E4766B6043820E47"
"Halo4_MuzzleFlash\tags\fx\bitmaps\2d\flare\starburst_02.bitmap","362224","BC2FCD22EE7D44033F25EF8A215C70554899445D06636AB59005663AF9A74B97"
"Halo4_MuzzleFlash\tags\fx\bitmaps\2d\flare\starburst_03.bitmap","275004","4B2E36F1F975A6861DF60EA28E1BBABC791CEE78F47590FD27DCFB2929F775B2"
"Halo4_MuzzleFlash\tags\fx\bitmaps\2d\flare\starburst_04.bitmap","274844","8546EAA1F99CA4C56FA228407A582BC711E42115B15C80FA44609C70AF410C55"
"Halo4_MuzzleFlash\tags\fx\bitmaps\2d\flare\starburst_05.bitmap","1061276","151FD987B43DE2DD12683A012167F2DB7BD3BA893BC76AC9CECD43EE0318F0E4"
"Halo4_MuzzleFlash\tags\fx\bitmaps\2d\flare\starburst_07.bitmap","360860","22E0FA669DC93B4B92003005FF2675859BEE4CE746998BB80CAD5EECEA66E356"
"Halo4_MuzzleFlash\tags\fx\bitmaps\2d\flare\starburst_09.bitmap","537148","A4215E2323CD31D109BFE28E27B7D7BC0CBF13356109238E3BB58294419D33A7"
"Halo4_MuzzleFlash\tags\fx\bitmaps\2d\flare\streak_05.bitmap","143772","EE964407BE0C74F275FA9C5C4F61D7F3810538767B46F49036CA8CB931F1B7AA"
"Halo4_MuzzleFlash\tags\fx\bitmaps\2d\glows\flash_streaks.bitmap","274844","961480D64F6C7581FC7272FBE8AB410FDDFA28E860AB66F4BC0AA42B1D0587FB"
"Halo4_MuzzleFlash\tags\fx\bitmaps\2d\glows\glow_disc_1.bitmap","1410800","49B16055D4A085D9529A093A95A97DDDD7D92BF6EBB6BC9E11E936698B68A9A3"
"Halo4_MuzzleFlash\tags\fx\bitmaps\2d\glows\glow_soft.bitmap","360892","FE7E8AECB3738396ABA4EF1A3F2BB74973BDF4BA456801EBF4C59911B5BCC9AD"
"Halo4_MuzzleFlash\tags\fx\bitmaps\2d\shapes\soft_fill_01.bitmap","360892","EE88C7B6B6BED596A0620B714DCCD09CA35EDF4A79B6F6CA2BF21D0FB60CDD65"
"Halo4_MuzzleFlash\tags\fx\bitmaps\2d\weapon_fire\forerunner_rifle_muzzleflash.bitmap","1410808","DA077D564B859A4F7F9BD86CBFC1657F2B6C4BC2C928EF3F0A0614FF1A0DDDE3"
"Halo4_MuzzleFlash\tags\fx\bitmaps\2d\weapon_fire\fr_bolt_pistol\fr_bolt_pistol_muzzle_flash_diamond.bitmap","100080","86D843D71518BE54708BA18D5F09B9EEC9C2FD0D4EEC453BE14391BA9573DD84"
"Halo4_MuzzleFlash\tags\fx\bitmaps\2d\weapon_fire\fr_bolt_pistol\fr_bolt_pistol_ring_small1.bitmap","78236","8047522A6B7EB6B79ACF907C9BE0B7D5EB3C762AD39AFDAEDD23C58B9308B88D"
"Halo4_MuzzleFlash\tags\fx\bitmaps\2d\weapon_fire\fr_bolt_pistol\fr_bolt_pistol_ring_small2.bitmap","78236","B1A7B06073934041F2B305CB4769D2569BB888219777DA473CD7FC7861D63F35"
"Halo4_MuzzleFlash\tags\fx\bitmaps\2d\weapon_fire\fr_incineration_launcher\fr_incin_back_plate.bitmap","78268","3D492E2375D526E10EE1DDB64E3495B2C0542B690C1D629C90AE170AA19FC48A"
"Halo4_MuzzleFlash\tags\fx\bitmaps\2d\weapon_fire\fr_incineration_launcher\fr_incin_barrel_slide.bitmap","45500","2B52615BBE127511C6CA55067A80D87171AFE189D18DD3CAA5321D53C26EC16E"
"Halo4_MuzzleFlash\tags\fx\bitmaps\2d\weapon_fire\fr_incineration_launcher\fr_incin_barrel.bitmap","78268","FFF194162616561F800B2D1492A2DA6652632D88449A494B38EDA1115EB55C77"
"Halo4_MuzzleFlash\tags\fx\bitmaps\2d\weapon_fire\fr_incineration_launcher\fr_incin_top_plate_slide.bitmap","29116","8EA398F8739181FA5EE9570945BA23D8598A698F3BD14C1DFAB3252F4C2C97F4"
"Halo4_MuzzleFlash\tags\fx\bitmaps\2d\weapon_fire\fr_incineration_launcher\fr_incin_top_plate.bitmap","143804","27D464B936821851AAC2D1F3468D9B6EABDCA33005E12E737C365E0D4C11B646"
"Halo4_MuzzleFlash\tags\fx\bitmaps\2d\weapon_fire\fr_incineration_launcher\fr_incin_vent.bitmap","45468","3AA2B3B26301C3C9D6475C45FB6345B78801F60B4021966CF16B2C5DEC69DD80"
"Halo4_MuzzleFlash\tags\fx\bitmaps\2d\weapon_fire\fr_muzzle_flash_out.bitmap","187464","6BB5579C1F56944445948AA45E4F98AA52668A8C75342DBB2EE1EC323318A7B6"
"Halo4_MuzzleFlash\tags\fx\bitmaps\2d\weapon_fire\fr_muzzle_flash_ring1.bitmap","274844","2D2C953D16180792B0869C66EF87BEE425ABCF6D0E4896F1329BD2AA9F2BED7B"
"Halo4_MuzzleFlash\tags\fx\bitmaps\2d\weapon_fire\fr_muzzle_flash_ring2.bitmap","78236","1FF2648F5ABDDF1E69D50C1F3D31F1101AA5ABDA267EC1330025D5157A0E29AE"
"Halo4_MuzzleFlash\tags\fx\bitmaps\2d\weapon_fire\fr_muzzle_flash.bitmap","187464","3B69A4C2377FC10579B4BC791CAD6439494B70F8FDAA353598E815B323426B49"
"Halo4_MuzzleFlash\tags\fx\bitmaps\2d\weapon_fire\fr_rifle_hard_light\fr_rifle_hardlight_muzzle_front.bitmap","536988","DB68647B1B48D0650B79904D5B3B0845E3B2889A4E847159741EB55185F0060A"
"Halo4_MuzzleFlash\tags\fx\bitmaps\2d\weapon_fire\fr_rifle_muzzle_flare_glow.bitmap","711752","10CDC60CD4738EBD27363A5BD2C44DFC1ADFC65406B8DD58F10CD36735254651"
"Halo4_MuzzleFlash\tags\fx\bitmaps\2d\weapon_fire\fr_rifle_muzzle_flare_shape.bitmap","711752","7086D39FFA8BD858A1836F0D9517D40A1500D2C945C755837AD72D244B56892F"
"Halo4_MuzzleFlash\tags\fx\bitmaps\2d\weapon_fire\fr_smg_hard_light\fr_smg_front_plate.bitmap","29084","952E2E1404F3C28B5779D16F2E780A5C258092142DF677A87A3BB87B8D3BD7C6"
"Halo4_MuzzleFlash\tags\fx\bitmaps\2d\weapon_fire\fr_sniper_rifle\fr_sniper_rifle_bottom_plate.bitmap","45468","117BBC4DB736B245B001CB3C6524719FF10AEF2DB348A27255C90316D0527D35"
"Halo4_MuzzleFlash\tags\fx\bitmaps\2d\weapon_fire\fr_sniper_rifle\fr_sniper_rifle_cylinder.bitmap","29084","3D3F4DD4A6F2DFAE4B9BAF38D20D9234CB35253CE4B39AD42A7225BDE5522D42"
"Halo4_MuzzleFlash\tags\fx\bitmaps\2d\weapon_fire\fr_sniper_rifle\fr_sniper_rifle_front_plate.bitmap","45468","23CA60C5FB593B767DDEE060265554DDF116EAE49B4E98CD70A017F3A3DFB733"
"Halo4_MuzzleFlash\tags\fx\bitmaps\2d\weapon_fire\fr_sniper_rifle\fr_sniper_rifle_muzzle_flash_diamond.bitmap","187464","9D54773D75DBBC6440C71444AA0923D3FCA77F5D45BE52DC47AE30BB6CC5E1B5"
"Halo4_MuzzleFlash\tags\fx\bitmaps\2d\weapon_fire\fr_sniper_rifle\fr_sniper_rifle_top_plate_slide.bitmap","45468","2F4C6E5E0A9A6280C633826881E434CE64FFCD0435BFDFD98A231B637DEF9DE5"
"Halo4_MuzzleFlash\tags\fx\bitmaps\2d\weapon_fire\fr_sniper_rifle\fr_sniper_rifle_top_plate.bitmap","78236","829BD4A188EB6B31D6E678BECF30D20FB8BB9B7C82498069D16B367C06FFEDC4"
"Halo4_MuzzleFlash\tags\fx\bitmaps\2d\weapon_fire\fr_spread_gun_front_rail.bitmap","78236","C2D021E57193AC5F0B3C6DEBB8CD80FA4F34FB2D27DC77FD13D82121011B4AE8"
"Halo4_MuzzleFlash\tags\fx\bitmaps\2d\weapon_fire\fr_spread_gun_mid_rail.bitmap","78236","EF09A33BD8A1921445B3B42C7E9ADB78CA6A1068F18E21A26B9FBD8EA8332C87"
"Halo4_MuzzleFlash\tags\fx\bitmaps\2d\weapon_fire\fr_spread_gun_slide.bitmap","78236","DAEC7736A267604BE33C4924BCA9FE537381F6135751D48F1480042C61ABE7BD"
"Halo4_MuzzleFlash\tags\fx\bitmaps\2d\weapon_fire\laser_starburst.bitmap","100080","4AB6FA78EE0AEAC2623E7AB1ABC63A2C22A6207E853E67BC63CDCC95C98E6F7C"
"Halo4_MuzzleFlash\tags\fx\bitmaps\2d\weapon_fire\rail_gun_sonic_ring.bitmap","78236","A84EAF27100D1EE11CAB488145E5D5FE09AAB027C6C6E86F0062314B89313134"
"Halo4_MuzzleFlash\tags\fx\bitmaps\3d\energy\energy_muzzleflash_long.bitmap","723396","EDEF825121C9FD91C6B627FE075F73DA9EFBD540E9BE26695C0EA7C7DCD1C88E"
"Halo4_MuzzleFlash\tags\fx\bitmaps\3d\energy\energy_vapor_01.bitmap","313072","D87BA0E1D419CA00BC0DDA48CE6CAB1DA5F8DBC52AE33125860CF6B10F27FCAA"
"Halo4_MuzzleFlash\tags\fx\bitmaps\3d\energy\energy_wisps_3d.bitmap","1214192","1BB6D8D0444925D9F2963672FD3398488ABF35F5FA3B6C361147A7F71A2A3701"
"Halo4_MuzzleFlash\tags\fx\bitmaps\3d\weapons\fr_weapon_tech_bits.bitmap","187548","351D7696C9A2F1989E9DA3B8BB05B46C112CD4A3A766A28FF4667255E2C79522"
"Halo4_MuzzleFlash\tags\fx\bitmaps\distortion\distortion_forerunner_projectile.bitmap","364444","B3E2826408E6A3484AB79ACF8B731221B498217C6004BC3C1C0A04A9DD82CDE6"
"Halo4_MuzzleFlash\tags\fx\bitmaps\distortion\distortion_plasma_ball.bitmap","189340","E3E38842249CB095B26A00AF5EEED9CF6236B1D978B7E3F67D909857D3831AF0"
"Halo4_MuzzleFlash\tags\fx\bitmaps\distortion\fire_seamless_distortion_01.bitmap","189372","9381E2A23E5A80B02999714F3E947EACE17D347537CD1D3A729C34BAF67218EF"
"Halo4_MuzzleFlash\tags\fx\bitmaps\gradient\grad_anim_hot_blue_diff.bitmap","15524","7C0277E25C3EEF505429FA69113BE5309BBBAE435E7D7FB5251D5C5BDB69B6A4"
"Halo4_MuzzleFlash\tags\fx\bitmaps\gradient\grad_bishop_glow.bitmap","13732","64316D551320562811FA720C6F9167C7018CA4FBA1BA0103568C0D57C2CA48C6"
"Halo4_MuzzleFlash\tags\fx\bitmaps\gradient\grad_bluelight_1.bitmap","13212","E1700BCF686D0212A825D7258FEEDD131203059E4F946C4EB01052607ED4A0DC"
"Halo4_MuzzleFlash\tags\fx\bitmaps\gradient\grad_covenant_carbine_muzzle_flash.bitmap","13212","7A168258A306184F38C3967823EF5271942CA8D3B632DFCC47A06A8BB8334305"
"Halo4_MuzzleFlash\tags\fx\bitmaps\gradient\grad_didact_red.bitmap","13732","618FF7688F7DFB832C2412E7209B1BD18CFAB3826ABFA58A32D448B98399A357"
"Halo4_MuzzleFlash\tags\fx\bitmaps\gradient\grad_digital.bitmap","13732","F1E9E529F206A4F7A8AC0C044CF0559D1C850B8740A9B061777CDBCF8227E9B1"
"Halo4_MuzzleFlash\tags\fx\bitmaps\gradient\grad_forerunner_hardlight_rifle.bitmap","13732","1A964E783713CBAEE019AD6D8B90F591A42B6608204422720166D100071201F5"
"Halo4_MuzzleFlash\tags\fx\bitmaps\gradient\grad_forerunner_heat.bitmap","13764","ACB86C05C7FFDDBE0CA6CF68C688638AC3F3CF896F87068B049E2B7658667EDA"
"Halo4_MuzzleFlash\tags\fx\bitmaps\gradient\grad_forerunner_muzzle_incinerator.bitmap","13724","D2527B2A63262F482D0B319B5F406D5E16FA72E7AF47A268E506C6E4754E5BCA"
"Halo4_MuzzleFlash\tags\fx\bitmaps\gradient\grad_forerunner_muzzle_pistol.bitmap","13212","C785A8FAD0504C06E84AFC6BE7CC26944515C0CBEA9318E71F55CEDDB3065342"
"Halo4_MuzzleFlash\tags\fx\bitmaps\gradient\grad_forerunner_muzzle_smg.bitmap","14744","DBC32A560F7E88878B76CA8A91CEC6173056CC912519A12B98EB6B4936C4F60B"
"Halo4_MuzzleFlash\tags\fx\bitmaps\gradient\grad_forerunner_muzzle_sniper.bitmap","13732","D306204A625CA73AC124141838DA2F94CA60F74C355B695521CE121BA570CFC4"
"Halo4_MuzzleFlash\tags\fx\bitmaps\gradient\grad_forerunner_muzzle_spread.bitmap","13212","3EBE93212736D529CB152FFC0BD1FBA62F98D06723D7ACE72B1E24E5D181EB19"
"Halo4_MuzzleFlash\tags\fx\bitmaps\gradient\grad_forerunner_muzzle.bitmap","14744","C78F346DB7BC1845C4795B07DA44E2635843CA23F6B22C942978A29C421CDE89"
"Halo4_MuzzleFlash\tags\fx\bitmaps\gradient\grad_hot_blue.bitmap","13732","A0F25A89A3954D4C2E918C60A509A1827943FC41E1BF121A3B78D8AB91FE28A8"
"Halo4_MuzzleFlash\tags\fx\bitmaps\gradient\grad_laser_red.bitmap","13732","39ECEC949BF8A075611BE12837AF7A54CCFB1D7B838025FA19BDD02DF8CEA24A"
"Halo4_MuzzleFlash\tags\fx\bitmaps\gradient\grad_plasma_blue_thin.bitmap","34564","EFF36A3AD3004183588C6791967DBE1008EBDD3E7E9223DE08C4DEAA9610B11A"
"Halo4_MuzzleFlash\tags\fx\bitmaps\gradient\grad_plasma_blue.bitmap","143772","FADC9346E95136056CA31F3336AC60CDBA8E297F8907AEFC4A2972A10F226F92"
"Halo4_MuzzleFlash\tags\fx\bitmaps\gradient\grad_purple_carbine.bitmap","13220","F970CE43BA60675676B11F9EF220A48FCF8A5F7BEF70172B14EEFA8BFED5EE70"
"Halo4_MuzzleFlash\tags\fx\bitmaps\gradient\grad_spark.bitmap","14788","6A4EE9665177D87E95C4FED974BC4D1993962FB3FD2E8BC6BF71ECD240A7AC1B"
"Halo4_MuzzleFlash\tags\fx\library\weapons\parts\muzzle_smoke.particle","24464","C37543C2F0797BD0DFC04285012C909FBBA45A5585962F828BAD3D0B4E2C5537"
"Halo4_MuzzleFlash\tags\fx\reach\bitmaps\atmospheric_rolling\rolling_smoke_plate.bitmap","2808988","9BCEE3DC12D8CD3E5CEAE4CB27AF742992E5994283D36E36A39618E770DD15C9"
"Halo4_MuzzleFlash\tags\fx\reach\bitmaps\atmospheric\smoke_fiery_small.bitmap","361020","6036DC9252CF4B2EF5C550FFB0DB511DA2788439F0BAC705C18E37C67033209D"
"Halo4_MuzzleFlash\tags\fx\reach\bitmaps\atmospheric\soft_smoke_large.bitmap","1410960","6BCCAFC69CB1047FA7B1A4BCE2D71AB0CAF7C8A8E83C66C3C2BAD9516210DAA1"
"Halo4_MuzzleFlash\tags\fx\reach\bitmaps\atmospheric\soft_smoke_small.bitmap","362256","C1BD85F0BC9EAE2E2AC9B2B367C861DC31E80BFCFF590EF3753E2464F694FB54"
"Halo4_MuzzleFlash\tags\fx\reach\bitmaps\atmospheric\thin_smoke_small.bitmap","360860","3781F16DF6DA0DA58CFCE4862687274597AD5241081B6157EFF5188DC8284F2C"
"Halo4_MuzzleFlash\tags\fx\reach\bitmaps\distortion\distortion_ring.bitmap","188316","13DD0336BF652545EE34C7BF2A2FC28814F23CB77C7A6C5060B2BABE2786C30B"
"Halo4_MuzzleFlash\tags\fx\reach\bitmaps\distortion\distortion_shimmer.bitmap","78236","AE87111C9B4418AF5FD4DB13287AAFDC273728BB6584FC195104D4683F733ADE"
"Halo4_MuzzleFlash\tags\fx\reach\bitmaps\fire\fire_burst_med.bitmap","1410800","3A9D261C73C86FAACAE21FBF37FEA03D7E3A7AAF6FDF6487DD3E987CD22D04AF"
"Halo4_MuzzleFlash\tags\fx\reach\bitmaps\fire\fire_clouds_256.bitmap","362224","5F5AAF751C63F8DAE9B3F42CD2683505B6B0E7FBFE9AB30DAA974AFB949BDE63"
"Halo4_MuzzleFlash\tags\fx\reach\bitmaps\fire\fire_large.bitmap","1410800","98A71184CAD1079D6973816A42C9EECE8831F48262AD7C510D11192226430FFB"
"Halo4_MuzzleFlash\tags\fx\reach\bitmaps\flash\flash_large.bitmap","362224","49F82C317F0501F6BC34AA8B60F88C523666CCC48AEDF6851805A041DC90766A"
"Halo4_MuzzleFlash\tags\fx\reach\bitmaps\flash\flash_soft.bitmap","362224","857A5BE7407FB974CE8CF83E51C52D7E9502767E681C678381CF1D2A1CE727F6"
"Halo4_MuzzleFlash\tags\fx\reach\bitmaps\flash\glow_soft.bitmap","362224","021C957AC1E9C55176C08D85CB51B01180A9C2F40AA3C44D02A4D772D27A70BF"
"Halo4_MuzzleFlash\tags\fx\reach\bitmaps\lens_flares\anamorphic_flare.bitmap","187508","E06F87D375653F06C602DEC9309818311CEE34841966A06DF6AAB0A95A40C692"
"Halo4_MuzzleFlash\tags\fx\reach\bitmaps\material\burst_spray.bitmap","362220","8B1186E73DF1D974187346188280C62AB08138D5FDABEF369AE86E79774878C0"
"Halo4_MuzzleFlash\tags\fx\reach\bitmaps\plasma\plasma_clouds_128_b.bitmap","100080","3A187B52F282003E24EB3E24F0BDB0F170451FBAE2DC0BFC52835AE74036DD1E"
"Halo4_MuzzleFlash\tags\fx\reach\bitmaps\plasma\plasma_clouds_256_a.bitmap","362224","112128B47949E8B1FC216572C468132603D84DD4487AC2567291C4D48369DB83"
"Halo4_MuzzleFlash\tags\fx\reach\bitmaps\plasma\plasma_clouds_256_b.bitmap","362224","7C04AD49899AD39474E2D221A907C4211CC1B9049D2DA6FA028B20291440D905"
"Halo4_MuzzleFlash\tags\fx\reach\bitmaps\plasma\plasma_ring.bitmap","100080","52DD3D32A01CED92C395A59B9CE806FAE3347A9A3E551461101DDA2D84117C89"
"Halo4_MuzzleFlash\tags\fx\reach\bitmaps\sparks\spark_burst_small.bitmap","100304","5567098D8A8C4EFD00DFC42B478A9C942BA4889765787D80857A302E55BE6180"
"Halo4_MuzzleFlash\tags\fx\reach\bitmaps\sparks\spark_ember.bitmap","34332","C9CB7B31FAFACF0BF91C7BC9FFEC9469923010CB06AD0ECF8C55C3E5312DC1E4"
"Halo4_MuzzleFlash\tags\fx\reach\bitmaps\weapon_fire\gradients\muzzle_flare_assault_rifle_long.bitmap","13212","7417A3ED1A1C81A93D78337937C7CDCEEE09C35B8AB9AAEF1381ADFC44ED3139"
"Halo4_MuzzleFlash\tags\fx\reach\bitmaps\weapon_fire\gradients\muzzle_flare_assault_rifle.bitmap","13212","FE2A73A37A7656C195F82D36BE573DDE9BF095665BEFA029DBAD7A924A0B4237"
"Halo4_MuzzleFlash\tags\fx\reach\bitmaps\weapon_fire\gradients\muzzle_flare_battle_rifle.bitmap","13212","DD48A3ADB8450CCC51DEFE2ED7C2608AD54418663E630B047289A2FD4FB29A31"
"Halo4_MuzzleFlash\tags\fx\reach\bitmaps\weapon_fire\gradients\muzzle_flare_concussion_rifle_long.bitmap","13724","B8B2DE45AEDBD3446DC3FEC1276F6580453EF1CEC2E5E9DDF404B7F92948CF36"
"Halo4_MuzzleFlash\tags\fx\reach\bitmaps\weapon_fire\gradients\muzzle_flare_concussion_rifle.bitmap","13724","49BC4BD793930092169BF1824C8886B528A0B8198243628C32BAF3CE14974C25"
"Halo4_MuzzleFlash\tags\fx\reach\bitmaps\weapon_fire\gradients\muzzle_flare_flak_cannon_long.bitmap","13724","6590683C4D986195530978966A8F30B5BA81711EF2B953FC22EFD01532883E85"
"Halo4_MuzzleFlash\tags\fx\reach\bitmaps\weapon_fire\gradients\muzzle_flare_flak_cannon.bitmap","13724","DDC505105B079BDF887EBD874E0DCA8E428BF7709895D0ACBEF1210C42EA9F7C"
"Halo4_MuzzleFlash\tags\fx\reach\bitmaps\weapon_fire\gradients\muzzle_flare_needler_long.bitmap","13724","DC9D8CC3A0F7F1D52303B705D823A2A72F7136BDE867FBB7CD960F616BACBBB9"
"Halo4_MuzzleFlash\tags\fx\reach\bitmaps\weapon_fire\gradients\muzzle_flare_plasma_pistol_long_charged.bitmap","13724","78E4B21951B76B71326B3C4D3BE5927DE68A2811B4E5F2AFB6F39447A98093B4"
"Halo4_MuzzleFlash\tags\fx\reach\bitmaps\weapon_fire\gradients\muzzle_flare_plasma_pistol_long_soft.bitmap","13724","AA7EE6CC28C2145206C38E4590FB27BF3C01CAFB0766C0FB60CCD905818A13C8"
"Halo4_MuzzleFlash\tags\fx\reach\bitmaps\weapon_fire\gradients\muzzle_flare_plasma_pistol_long.bitmap","13724","E8B6FAD648BC417AA5560E0537C0353B76EE4581B1584B9439A9FFF2691A8FF3"
"Halo4_MuzzleFlash\tags\fx\reach\bitmaps\weapon_fire\gradients\muzzle_flare_plasma_pistol.bitmap","13724","2C2B4052F2FE814512920262C76C1BDCEAB052287EB808A43C8265D8D3FFA246"
"Halo4_MuzzleFlash\tags\fx\reach\bitmaps\weapon_fire\gradients\muzzle_flare_plasma_rifle_long.bitmap","13724","71C6382FC13EB0DC4A5C5C00506D2402D780212DFAF0331B7D0E3519447F275B"
"Halo4_MuzzleFlash\tags\fx\reach\bitmaps\weapon_fire\gradients\muzzle_flare_plasma_rifle.bitmap","13724","FCC73099A2D1F0DEE7F2B0A130ED34B61B39D02C09B8A161B3D12ABA7DF889D2"
"Halo4_MuzzleFlash\tags\fx\reach\bitmaps\weapon_fire\gradients\muzzle_flare_plasma_turret_long.bitmap","13724","F12FD23DD82D07AA072A2F908BB2B6743A3696A31724F758580E07B7DBA872E2"
"Halo4_MuzzleFlash\tags\fx\reach\bitmaps\weapon_fire\gradients\muzzle_flare_plasma_turret.bitmap","13724","3352C4B142877EAC82472A7A6930C95BBE0E7AC7D2493C720CE9FCDA14D96924"
"Halo4_MuzzleFlash\tags\fx\reach\bitmaps\weapon_fire\gradients\muzzle_flare_shotgun.bitmap","13724","8C81C6DB10AD35C35B05F951B7372B068EBDB149526735B17868263F61596A84"
"Halo4_MuzzleFlash\tags\fx\reach\bitmaps\weapon_fire\muzzle_flash_long_fiery.bitmap","1411024","AD09DAB547578377F8101B10BAAFB357C43C11EAB4E4EEDFF15BD7CCB1658E48"
"Halo4_MuzzleFlash\tags\fx\reach\bitmaps\weapon_fire\muzzle_flash_long_gaseous.bitmap","1411024","66EF0022AA7F82AE36E10139229A9A413A03789F7257F70AE7A9B48577B1D2F8"
"Halo4_MuzzleFlash\tags\fx\reach\bitmaps\weapon_fire\muzzle_flash_long_soft.bitmap","98876","42AAFE1D58A517BB1DF6704009C18C59DADE5BA75D260CAB8DC0FA23F9B991BB"
"Halo4_MuzzleFlash\tags\fx\reach\bitmaps\weapon_fire\muzzle_flash_round_fiery.bitmap","711912","C70BDDBE0F686D3FC46B703E3E2CD118AC8D05F4AD4C70770F4BA83728DEE1CB"
"Halo4_MuzzleFlash\tags\fx\reach\bitmaps\weapon_fire\muzzle_flash_round_gaseous.bitmap","711912","54E42093AD5EDB6212E290E2391018A0A9C21E1A8C168AC680B9951CE91589F5"
"Halo4_MuzzleFlash\tags\fx\reach\particles\_gradients\fire.bitmap","13724","25C81061E25327F20BBC7590F3B7DD55F559B1D48F4995D77BFDADC31B04CF5F"
"Halo4_MuzzleFlash\tags\fx\reach\particles\_gradients\fireball_human.bitmap","29084","212E52CFBEB74A3A596A865D046B99EF85FD841F9375B60F155B5D385CF9759F"
"Halo4_MuzzleFlash\tags\fx\reach\particles\_gradients\grayscale_light.bitmap","13724","FC96E2280247160328780CDEB9A9B383EFE27B017460839F7F5D5D18EBE183E6"
"Halo4_MuzzleFlash\tags\fx\reach\particles\_gradients\plasma_blue_01.bitmap","16796","9FDEFF393543755BB0C4996ECD597ECB6608562C115FB795F5EEEBB3B606229B"
"Halo4_MuzzleFlash\tags\fx\reach\particles\atmospheric\soft_smoke\muzzle_smoke.particle","22698","25922B5D1B18E5C6D436AA17AFB5898C5487C0645D3B2C46257D90DF8E9B35FB"
"Halo4_MuzzleFlash\tags\fx\reach\particles\distortion\distortion_ring.particle","16680","F70A43DF7CE50442EBC19BE7157D707C0A38FB4DF53BF2C79FF6B8048EBFE513"
"Halo4_MuzzleFlash\tags\fx\reach\particles\flare\flash_large.particle","16133","10C85E82125A8EB73009FA929B7612E06598446C4A4FA71C8165496E67B17402"
"Halo4_MuzzleFlash\tags\fx\reach\particles\flare\glow_soft.particle","16951","F72D7916FD6911CD28A01F28536D2595248F07E6AE0C341BF76A7C8B53CB9396"
"Halo4_MuzzleFlash\tags\fx\reach\particles\plasma\gradients\soft_plasma_blue.bitmap","45468","DBAAE1FA3489C7B8A09BD9DA3F5BA408C79F6E20F2090BE6CE3C16405E4E29CC"
"Halo4_MuzzleFlash\tags\fx\reach\particles\plasma\gradients\soft_plasma_green.bitmap","29084","69E1CBCA6C4EA9DC098851326B42DE6FA15C5640FFE7CB4005047740C2042251"
"Halo4_MuzzleFlash\tags\objects\weapons\boneyard\covenant_carbine\fx\particles\muzzle_flash_long.particle","23253","DC842488638161B47D01F538FC4E046E6D49929D1BA6670BD350233303CA61E9"
"Halo4_MuzzleFlash\tags\objects\weapons\pistol\plasma_pistol\fx\charged\firing.effect","62819","E85CD4BCA122C8392F328EE6CB0C1BAE195A46BCDBF044F5FA416E57BC63C809"
"Halo4_MuzzleFlash\tags\objects\weapons\pistol\plasma_pistol\fx\firing.effect","79087","65EFE66634B7C0BD2CDADBE907C98E3CD55BABBF290483406C385FD1ED540518"
"Halo4_MuzzleFlash\tags\objects\weapons\pistol\plasma_pistol\fx\particles\anamorphic_flare.particle","16305","292055606AA67815794A79E73BF6B5B76A0C5B31F024A347B46A1AC7BF969A67"
"Halo4_MuzzleFlash\tags\objects\weapons\pistol\plasma_pistol\fx\particles\charging_plasma_ring.particle","19842","5953D43BD4A099BB8BC38E3180E7A20E077CDF7224DDF7B5E4A8830082F251DD"
"Halo4_MuzzleFlash\tags\objects\weapons\pistol\plasma_pistol\fx\particles\flash_large.particle","16261","AFF344C707E37AB9631EF46A59DB3830852540007499623FD362C4FDFB6AFCBF"
"Halo4_MuzzleFlash\tags\objects\weapons\pistol\plasma_pistol\fx\particles\glow_soft.particle","17093","4D80B5987E1B138418C30A5FAED738EDBA56A30AEAFB9C7971C94EF497470414"
"Halo4_MuzzleFlash\tags\objects\weapons\pistol\plasma_pistol\fx\particles\muzzle_flash_long_charged.particle","19008","3E4106C50EA58E32C3850AA69AA7F9DD62861B57393FB8024C21C0B275E5F672"
"Halo4_MuzzleFlash\tags\objects\weapons\pistol\plasma_pistol\fx\particles\muzzle_flash_long_soft.particle","18573","4AB513620F3B651B6578D9A8FFFFEDB604E0D77F3677F399BE8D528AC9641630"
"Halo4_MuzzleFlash\tags\objects\weapons\pistol\plasma_pistol\fx\particles\muzzle_flash_long.particle","18964","F6AB5FB4AED90F3FCA9B9FEDB9CFB069D6A33090200A701D8C5F66DCEE4F86C4"
"Halo4_MuzzleFlash\tags\objects\weapons\pistol\plasma_pistol\fx\particles\muzzle_flash_round.particle","19517","CEA80707735976068CC99F9929640059D5C39B50B2436C372AA211EB98658501"
"Halo4_MuzzleFlash\tags\objects\weapons\pistol\plasma_pistol\plasma_pistol.render_model","590205","B85856B1EFDD740DA2464B3FB4BCAD403C7ACD4AFF79FC3D9C32DAC2FF1EBD58"
"Halo4_MuzzleFlash\tags\objects\weapons\pistol\plasma_pistol\plasma_pistol.weapon","54502","77D8970DD7A183107520B398361BC175EC4D8E1E41ACF6D42FD7990299E037E9"
"Halo4_MuzzleFlash\tags\objects\weapons\pistol\storm_bishop_beam\fx\bsh_distortion_ring.bitmap","188316","13DD0336BF652545EE34C7BF2A2FC28814F23CB77C7A6C5060B2BABE2786C30B"
"Halo4_MuzzleFlash\tags\objects\weapons\pistol\storm_bishop_beam\fx\bsh_distortion_ring.particle","16931","25369BAA7D4891CD0D9A57D4F223C34E11D89EFDAA4F3F4B9DFFA101767327AB"
"Halo4_MuzzleFlash\tags\objects\weapons\pistol\storm_bishop_beam\fx\bsh_firing.effect","54917","020467523733CE11BA721D8E2D11AC6F210FE213923CC5CC417C5C4CD1FE50E0"
"Halo4_MuzzleFlash\tags\objects\weapons\pistol\storm_bishop_beam\fx\bsh_flash_large.bitmap","362224","49F82C317F0501F6BC34AA8B60F88C523666CCC48AEDF6851805A041DC90766A"
"Halo4_MuzzleFlash\tags\objects\weapons\pistol\storm_bishop_beam\fx\bsh_flash_large.particle","16183","7C053DB1ABBBADECE5FC5C53102E1E5A41A57832649C1ADE33FFF1DEE6CA1A5E"
"Halo4_MuzzleFlash\tags\objects\weapons\pistol\storm_bishop_beam\fx\bsh_muzzle_flash_plasma.particle","31742","AA21DC942E968C89D12FFC787ACE40FAC97ED595B09AF2842CCE4D8AA8316365"
"Halo4_MuzzleFlash\tags\objects\weapons\pistol\storm_bishop_beam\fx\friendly_beam\firing.effect","54713","0E631F7E7792B4DCC0A4F749B26DC8A8BE805936AE67D2CDE18FEB22AD1A2A4A"
"Halo4_MuzzleFlash\tags\objects\weapons\pistol\storm_bishop_beam\fx\particles\muzzle_flash_plasma.particle","31742","49067E1E8A708FB9D1412BB48DA9E4C79007ED2E9A937DC2CCC5569B4DDB736E"
"Halo4_MuzzleFlash\tags\objects\weapons\pistol\storm_bishop_beam\storm_bishop_beam.render_model","538989","FF7831C089AB9F85AAB34E468E33F3E47CE02F7CCB601F664BB75D58CD13FAC7"
"Halo4_MuzzleFlash\tags\objects\weapons\pistol\storm_bishop_beam\storm_bishop_beam.weapon","47854","E217921FEE1DE949F39A20A99951505909219432177C364AA7743415C53A02D7"
"Halo4_MuzzleFlash\tags\objects\weapons\pistol\storm_burst_pistol\fx\bst_firing.effect","82577","B8D96C7683D26758A1D6F66886295119265E5A40333BF0F9D462A02E56D1241F"
"Halo4_MuzzleFlash\tags\objects\weapons\pistol\storm_burst_pistol\fx\bst_flash_large.particle","16133","AEA66DF931212CD4CEF4DE86A6F52C8BBD298B9711778773D1E0B39C36A377A4"
"Halo4_MuzzleFlash\tags\objects\weapons\pistol\storm_burst_pistol\fx\bst_glow_soft.particle","17093","4A8B1D20F514D14A4A35B0193B3F0152EE956FAEE02F79FE5348E771EE13A0CA"
"Halo4_MuzzleFlash\tags\objects\weapons\pistol\storm_burst_pistol\fx\bst_muzzle_flash_long_soft.particle","15897","66FAD562D9608C420B5BC48DE132176E931AE427AA0A94C534F44011E7A30242"
"Halo4_MuzzleFlash\tags\objects\weapons\pistol\storm_burst_pistol\fx\bst_muzzle_flash_long.particle","18132","1838EC5830AC1E6FEE830F4223CA2B7A5A5CE68FAE408278A92B4854A3B5817B"
"Halo4_MuzzleFlash\tags\objects\weapons\pistol\storm_burst_pistol\fx\bst_muzzle_flash_round.particle","17705","E1C167204ABF6C030C24D5DC2E155CB9F5C08187218C669487F7B4A502F3B012"
"Halo4_MuzzleFlash\tags\objects\weapons\pistol\storm_burst_pistol\storm_burst_pistol.render_model","664548","BA4BC5BC7B14EA12A00B8092D3B7845DE031B04D52A8B9BBCC08183B3E56518A"
"Halo4_MuzzleFlash\tags\objects\weapons\pistol\storm_burst_pistol\storm_burst_pistol.weapon","48573","DB83FD31F73AA4A25FB5A204F050579AE4CADF27CC3929C76C9D125706003CEB"
"Halo4_MuzzleFlash\tags\objects\weapons\pistol\storm_magnum\fx\mag_firing.effect","52290","93D6AEA3D39CF432C5545882A1C65000F25FB469D77C59F6BDDA920ADA444237"
"Halo4_MuzzleFlash\tags\objects\weapons\pistol\storm_magnum\fx\mag_glow_soft.bitmap","362224","021C957AC1E9C55176C08D85CB51B01180A9C2F40AA3C44D02A4D772D27A70BF"
"Halo4_MuzzleFlash\tags\objects\weapons\pistol\storm_magnum\fx\mag_glow_soft.particle","16293","E35C8EAB9823EB32CF2E10B686F12251F3236474E1248C3576B162853D54D46E"
"Halo4_MuzzleFlash\tags\objects\weapons\pistol\storm_magnum\fx\mag_muzzle_flare_magnum.bitmap","13724","49BABFE32B7919D1D4931CC5EF68CC01412687A1031006259CCB45CD1DD8F8F8"
"Halo4_MuzzleFlash\tags\objects\weapons\pistol\storm_magnum\fx\mag_muzzle_flash_long_soft.bitmap","98876","42AAFE1D58A517BB1DF6704009C18C59DADE5BA75D260CAB8DC0FA23F9B991BB"
"Halo4_MuzzleFlash\tags\objects\weapons\pistol\storm_magnum\fx\mag_muzzle_flash_long.particle","17937","E96F4375E68B9F7ED1D9F6F1A71A58DAE8390D14AA9AD6D3E72CF2193196B881"
"Halo4_MuzzleFlash\tags\objects\weapons\pistol\storm_magnum\fx\mag_muzzle_flash_round_gaseous.bitmap","711912","54E42093AD5EDB6212E290E2391018A0A9C21E1A8C168AC680B9951CE91589F5"
"Halo4_MuzzleFlash\tags\objects\weapons\pistol\storm_magnum\fx\mag_muzzle_flash_round.particle","18511","08ACDF94996ED396715F21A66A671A0810E58AE6CB4DF083E298DF99660FC0E1"
"Halo4_MuzzleFlash\tags\objects\weapons\pistol\storm_magnum\fx\mag_muzzle_smoke.particle","21050","6FE27AAAE2BAD816CD4E8A697D6B6C2C5939F302DCFF15D137656CAFBF3A46B3"
"Halo4_MuzzleFlash\tags\objects\weapons\pistol\storm_magnum\storm_magnum.render_model","948183","264A0DCD4F15399CD8DB8ACA76B8AD164DFEC1481F977AC824BE4A64FE5E62DF"
"Halo4_MuzzleFlash\tags\objects\weapons\pistol\storm_magnum\storm_magnum.weapon","44687","F7AAF0FF2B44CCBBFDCC4DA1D98BAD7FFA68AA4A3584B7CBBB2BA21130F4F724"
"Halo4_MuzzleFlash\tags\objects\weapons\pistol\storm_needler\fx\ndl_firing_plasma_ring.particle","18034","97CEDA0CD505C7B73E8739E8FA72824DE3B0F6DEEC28BDED50F6BB03AF93BA3B"
"Halo4_MuzzleFlash\tags\objects\weapons\pistol\storm_needler\fx\ndl_firing.effect","88318","607281219D32A569A4DF3F90031ADD8F14E8F00A09E066E30DD083D6A45480F3"
"Halo4_MuzzleFlash\tags\objects\weapons\pistol\storm_needler\fx\ndl_flash_large.bitmap","362224","49F82C317F0501F6BC34AA8B60F88C523666CCC48AEDF6851805A041DC90766A"
"Halo4_MuzzleFlash\tags\objects\weapons\pistol\storm_needler\fx\ndl_flash_large.particle","16873","9DF415EA2CC34F987DEBAEF33C4F484D1E262165305A6363BD97C507F8B84ED6"
"Halo4_MuzzleFlash\tags\objects\weapons\pistol\storm_needler\fx\ndl_glow_soft.bitmap","362224","021C957AC1E9C55176C08D85CB51B01180A9C2F40AA3C44D02A4D772D27A70BF"
"Halo4_MuzzleFlash\tags\objects\weapons\pistol\storm_needler\fx\ndl_glow_soft.particle","16295","2D36DE72FAB3E52AF32B41FFCBFD06A7026F4B1BF4C4A17233CDE4A5FD21ADE2"
"Halo4_MuzzleFlash\tags\objects\weapons\pistol\storm_needler\fx\ndl_muzzle_flare_needler_long.bitmap","13724","DC9D8CC3A0F7F1D52303B705D823A2A72F7136BDE867FBB7CD960F616BACBBB9"
"Halo4_MuzzleFlash\tags\objects\weapons\pistol\storm_needler\fx\ndl_muzzle_flare_needler.bitmap","13724","B0A8E04E413CF352D41EC7080E0C58632696CB3B95B4ACECF44997FFC4C8D9D1"
"Halo4_MuzzleFlash\tags\objects\weapons\pistol\storm_needler\fx\ndl_muzzle_flash_long_gaseous.bitmap","1411024","66EF0022AA7F82AE36E10139229A9A413A03789F7257F70AE7A9B48577B1D2F8"
"Halo4_MuzzleFlash\tags\objects\weapons\pistol\storm_needler\fx\ndl_muzzle_flash_long_soft.bitmap","98876","42AAFE1D58A517BB1DF6704009C18C59DADE5BA75D260CAB8DC0FA23F9B991BB"
"Halo4_MuzzleFlash\tags\objects\weapons\pistol\storm_needler\fx\ndl_muzzle_flash_long_soft.particle","18417","12A0B96021EE3E54C1BECD3DC1FFAA7F7638936123E44D514842B5E9A7D47469"
"Halo4_MuzzleFlash\tags\objects\weapons\pistol\storm_needler\fx\ndl_muzzle_flash_long.particle","18152","BAFE319C0F29EE61C2486E4A0090A80E0365FE676FD78D25B8C8C3477BCEE71F"
"Halo4_MuzzleFlash\tags\objects\weapons\pistol\storm_needler\fx\ndl_muzzle_flash_round_fiery.bitmap","711912","C70BDDBE0F686D3FC46B703E3E2CD118AC8D05F4AD4C70770F4BA83728DEE1CB"
"Halo4_MuzzleFlash\tags\objects\weapons\pistol\storm_needler\fx\ndl_muzzle_flash_round.particle","18423","AFFBD01FA5BE3B3F93757E9F99CFA320EF1553D3032EC13CC5B6E912DE303B05"
"Halo4_MuzzleFlash\tags\objects\weapons\pistol\storm_needler\fx\ndl_plasma_ring.bitmap","100080","52DD3D32A01CED92C395A59B9CE806FAE3347A9A3E551461101DDA2D84117C89"
"Halo4_MuzzleFlash\tags\objects\weapons\pistol\storm_needler\storm_needler.render_model","599138","F8F6C7ECA1B166E80C182E2FA42B0B48AF18926ADBC3526766B22C94F4D00ADC"
"Halo4_MuzzleFlash\tags\objects\weapons\pistol\storm_needler\storm_needler.weapon","44683","13F2D736CD9D77BBD25DA10DDCFD1CD9B9D416FD643BF8EDF6154AF017D24757"
"Halo4_MuzzleFlash\tags\objects\weapons\pistol\storm_plasma_pistol\fx\charged\firing.effect","66254","7D2F2C8CE5C2B2E852856D4837D0D4F8EBC24B9B7B620197938AA5B5186C2761"
"Halo4_MuzzleFlash\tags\objects\weapons\pistol\storm_plasma_pistol\fx\firing.effect","110429","6CD66CE783E8899380CC29ECC4463E9B40CDB15D51580574A33783168EAF9EAF"
"Halo4_MuzzleFlash\tags\objects\weapons\pistol\storm_plasma_pistol\fx\particles\anamorphic_flare.particle","16305","619D39E34B5D69FE2516776516F73FE3DCCB28115A697E621A64CD1FE3DAA7EE"
"Halo4_MuzzleFlash\tags\objects\weapons\pistol\storm_plasma_pistol\fx\particles\charging_plasma_ring.particle","20053","598484E8C07C41808687F22A7C4D9FF9D71E678A5D913E411A2CA4BA59174640"
"Halo4_MuzzleFlash\tags\objects\weapons\pistol\storm_plasma_pistol\fx\particles\flash_large.particle","16261","35F67071BFA0A1E633476327317A969DBC742BB5D277FC38414F21391BE0BD4D"
"Halo4_MuzzleFlash\tags\objects\weapons\pistol\storm_plasma_pistol\fx\particles\glow_soft.particle","17743","47254F6D5F1F036DA5059D1B255945CD22B7667714F82A0FB2521A77B1E8313E"
"Halo4_MuzzleFlash\tags\objects\weapons\pistol\storm_plasma_pistol\fx\particles\muzzle_flash_long_charged.particle","19008","71592DBD6A3C3DD0A55C661B0AB03C7C3649CCFE92B17F375AE50A6E3DC21C36"
"Halo4_MuzzleFlash\tags\objects\weapons\pistol\storm_plasma_pistol\fx\particles\muzzle_flash_long_soft.particle","18784","88207FE984D72FF0AC56F78828504EF50AE90ED81971BE153CD159D014258D17"
"Halo4_MuzzleFlash\tags\objects\weapons\pistol\storm_plasma_pistol\fx\particles\muzzle_flash_long.particle","18964","63CEDFB129196B00615594A8B9D2FA2171ABCE3C6073BDF30A9276BC5A0A1E80"
"Halo4_MuzzleFlash\tags\objects\weapons\pistol\storm_plasma_pistol\fx\particles\muzzle_flash_round.particle","20142","D3E9433786C71A0C7B4561E6A44327E73321FF1AAD72B3C3FBA24D2B21652AD1"
"Halo4_MuzzleFlash\tags\objects\weapons\pistol\storm_plasma_pistol\storm_plasma_pistol.render_model","501729","86EBBBD6A7B6D96DF8F64F2F939C9A60A45DAE1FCB9C4641F7F5D0D12C288C35"
"Halo4_MuzzleFlash\tags\objects\weapons\pistol\storm_plasma_pistol\storm_plasma_pistol.weapon","55145","D7BD6D078F73A60F4CB21DE09F15D5E1CE632E77835BF5AA74138C821CF9EB5C"
"Halo4_MuzzleFlash\tags\objects\weapons\pistol\storm_sentinel_beam\fx\bsh_distortion_ring.bitmap","188316","13DD0336BF652545EE34C7BF2A2FC28814F23CB77C7A6C5060B2BABE2786C30B"
"Halo4_MuzzleFlash\tags\objects\weapons\pistol\storm_sentinel_beam\fx\bsh_distortion_ring.particle","16702","B96E02382BDA5AF0CD06D24D292EAFB9771D0BF77B43609EA03CF2B0113CADAC"
"Halo4_MuzzleFlash\tags\objects\weapons\pistol\storm_sentinel_beam\fx\bsh_firing.effect","37771","31D38010976A4375E5183B4ECE7FE43A0DA0386C98F278190E660D521D8478DA"
"Halo4_MuzzleFlash\tags\objects\weapons\pistol\storm_sentinel_beam\fx\bsh_flash_large.bitmap","362224","4E13994B353875BA31F4CDEA00AF10FAF2B3DDC40A1BE924848122C379FDFCE6"
"Halo4_MuzzleFlash\tags\objects\weapons\pistol\storm_sentinel_beam\fx\bsh_flash_large.particle","15938","A44ABB60891EB1516320BFF1423A5C297717089932AD7754CFAE6BE40739ADB8"
"Halo4_MuzzleFlash\tags\objects\weapons\pistol\storm_sentinel_beam\fx\bsh_muzzle_flash_plasma.particle","31099","13540EC6C73E851BDE42B40D40BEC2C950BF90571790C1C8EF6506D818C528C6"
"Halo4_MuzzleFlash\tags\objects\weapons\pistol\storm_sentinel_beam\fx\friendly_beam\firing.effect","58926","E3C8783D520F42FD0B703604A6D1B2A542E1E777F7A22C84E75025DDB21ADD2B"
"Halo4_MuzzleFlash\tags\objects\weapons\pistol\storm_sentinel_beam\fx\particles\muzzle_flash_plasma.particle","31099","F80B74668A82F25147E1F61E0C90C2F77AC97554C8B839C48CDAC835628C5364"
"Halo4_MuzzleFlash\tags\objects\weapons\pistol\storm_sentinel_beam\storm_sentinel_beam.weapon","47804","FC6C665F03D69D8A557A98E391E7B4A9747A87526EC918020BB3950B7CAE9ABF"
"Halo4_MuzzleFlash\tags\objects\weapons\pistol\storm_stasis_pistol\fx\charged_concussion.effect","147926","B6658C2461C03662F95D376E34BC0E6A67C64B22223D1C1713B5EFBCF0FBF29C"
"Halo4_MuzzleFlash\tags\objects\weapons\pistol\storm_stasis_pistol\fx\firing.effect","144397","F4EE191CE3075C128C60E012446BFF0247FB79B5F593FEE0B20B584D6CF1F9F3"
"Halo4_MuzzleFlash\tags\objects\weapons\pistol\storm_stasis_pistol\fx\particles\charged_plate_flash_1p.particle","17645","A6D32D3979DF0371F039EA980D881432D3ECDFBD0C96EB05B6178545DFE0EB07"
"Halo4_MuzzleFlash\tags\objects\weapons\pistol\storm_stasis_pistol\fx\particles\charged_plate_flash_large_1p.particle","16039","7F10EE940151AE94A16C61927D3A5B0610D8FC9316A349A9F119407F064D285F"
"Halo4_MuzzleFlash\tags\objects\weapons\pistol\storm_stasis_pistol\fx\particles\muzzle_flash_1p.particle","17645","C34DCFF747A2477AC2BEBFD14185D051E1160D4F22148EAA2F122B032CB12C46"
"Halo4_MuzzleFlash\tags\objects\weapons\pistol\storm_stasis_pistol\fx\particles\muzzle_flash_diamond_1p.particle","17688","7C5116D64FF661DC0B423706CB2AE8BD15BD50F24B27EB0DBB424B2201E5A049"
"Halo4_MuzzleFlash\tags\objects\weapons\pistol\storm_stasis_pistol\fx\particles\muzzle_flash_forward_3p.particle","17657","824DAFDD37057AE1FC427815BF71EAA470111C3EF55A9DBBB26C209994153D8B"
"Halo4_MuzzleFlash\tags\objects\weapons\pistol\storm_stasis_pistol\fx\particles\muzzle_ring_1p.particle","17665","F999E61A2CD93E257AC709ACCD2A5160290921578A69955004C8DF122A299CA7"
"Halo4_MuzzleFlash\tags\objects\weapons\pistol\storm_stasis_pistol\fx\particles\vent_ring1_1p.particle","18675","8A8B5B5F2389A01113369E26647DB4EBC629268DB761E48BD842706E52908DB1"
"Halo4_MuzzleFlash\tags\objects\weapons\pistol\storm_stasis_pistol\fx\particles\vent_ring2_1p.particle","18675","58FF3F7A5E14510017AF7EC028C28566C4037BA26B53803F0CEF5A0024FF0933"
"Halo4_MuzzleFlash\tags\objects\weapons\pistol\storm_stasis_pistol\fx\parts\charged_muzzle_flash_1p.cheap_light","2827","7BA7611A2337E037C5A0B8FF49CF62013BACC8D5296246A164CDDEB3379D65AC"
"Halo4_MuzzleFlash\tags\objects\weapons\pistol\storm_stasis_pistol\fx\parts\charged_muzzle_flash_3p.cheap_light","2827","F87A4C61EABB038FB0FD158667AD4118FF3441AE1401D0C85616EEE20E137489"
"Halo4_MuzzleFlash\tags\objects\weapons\pistol\storm_stasis_pistol\fx\parts\firing_muzzle_flare_3p.lens_flare","8610","38B789E79A9ABD010BE7084C65F4A655755954DB701E8FA2DCDBD2BE632E67BD"
"Halo4_MuzzleFlash\tags\objects\weapons\pistol\storm_stasis_pistol\fx\parts\muzzle_flash_1p.cheap_light","2827","72ED3ACA15CD69CFCB14AAC5E8B101F6096B503EA4B9570A03FB661B645124B9"
"Halo4_MuzzleFlash\tags\objects\weapons\pistol\storm_stasis_pistol\fx\parts\muzzle_flash_3p.cheap_light","2827","B4AAED14E7306E53778A9300B4BDCE40AF8AA970EF78B71C6630C3059F64E595"
"Halo4_MuzzleFlash\tags\objects\weapons\pistol\storm_stasis_pistol\storm_stasis_pistol.render_model","1143762","F3C82081E341DA3E18F995F0E5CB49364CC66A197D46CF787C7C12A34A120E3E"
"Halo4_MuzzleFlash\tags\objects\weapons\pistol\storm_stasis_pistol\storm_stasis_pistol.weapon","56547","10443771BA9CEA6F31F9042CB189D824DCAF5C2A6E7ABEAC397B6E1BF9D903A2"
"Halo4_MuzzleFlash\tags\objects\weapons\pistol\storm_sticky_detonator\fx\muzzle_flash_round.particle","18935","7F8D74E6C8218215B237FC104D476B3703EB9176E3DADDA9A12508D19A1E222D"
"Halo4_MuzzleFlash\tags\objects\weapons\pistol\storm_sticky_detonator\fx\sgl_firing.effect","59584","7B05BA5AF089A56830EFD3345A952ACDB57736F35937C2FF3042389ED5770B0A"
"Halo4_MuzzleFlash\tags\objects\weapons\pistol\storm_sticky_detonator\storm_sticky_detonator.render_model","665109","0DC11F3C153D586A8D5A14071931F437A43B2FAE1B4666295D0B0093A587BE07"
"Halo4_MuzzleFlash\tags\objects\weapons\pistol\storm_sticky_detonator\storm_sticky_detonator.weapon","44054","88675188C88120364D22E0FD38E44A4717983EDE9A13EA17143E0E164928EAB1"
"Halo4_MuzzleFlash\tags\objects\weapons\pistol\storm_target_laser\fx\firing_tracer.effect","33870","54423A7895B82A62704543611CBFD07A4D1DF1CC89F40A32BD4489A66853F6B9"
"Halo4_MuzzleFlash\tags\objects\weapons\pistol\storm_target_laser\storm_target_laser.render_model","1060643","CE75DE3A1C5B5EF164D94A43AD11F4699C0C860C348EFAF409A1F552F3AC5F7C"
"Halo4_MuzzleFlash\tags\objects\weapons\pistol\storm_target_laser\storm_target_laser.weapon","49031","1DCA22CA2F997686E47BA2C3D36A713ABEC3DDB2E492817B425C1585BDE9D49F"
"Halo4_MuzzleFlash\tags\objects\weapons\pistol\target_laser\fx\firing_tracer.effect","15367","B9B3DA656460E7177A2EA76BA33E4970F15D1F03DDE2CC3A490D511B6E2A08A7"
"Halo4_MuzzleFlash\tags\objects\weapons\pistol\target_laser\target_laser.render_model","952048","24CBCF3BD1C50AFC2C7D11ECC3758796D974F521DE2FE869615B7342E2050DBF"
"Halo4_MuzzleFlash\tags\objects\weapons\pistol\target_laser\target_laser.weapon","46621","2672ED120E3E33EABF1681647B366BCE71A25546FC6F9A044B8BB0CC8EE63E60"
"Halo4_MuzzleFlash\tags\objects\weapons\rifle\storm_assault_carbine\fx\firing.effect","116332","BDF40D70BA5A38BF9BF40F071537F796883D0BB08C9BCA8525CF5E4B2D75D45B"
"Halo4_MuzzleFlash\tags\objects\weapons\rifle\storm_assault_carbine\fx\parts\assault_carbine_lenseflare.lens_flare","11141","C238CE16BEC487C0DF99EE4D432F96C64E71E3AEC9FF05085DF6A4C406277750"
"Halo4_MuzzleFlash\tags\objects\weapons\rifle\storm_assault_carbine\fx\parts\flash_core_glow_flare.particle","16411","3F7A41FB65F14F3FBB3F6F91CE9DC1A34476288EFF574643F30026B0DBFC7A42"
"Halo4_MuzzleFlash\tags\objects\weapons\rifle\storm_assault_carbine\fx\parts\flash_core_glow.particle","16416","4BF29F65AEA8C615EF6B25A8D4A52FB7E1D23D8A0D0DB5FB3B8F6ADFED802929"
"Halo4_MuzzleFlash\tags\objects\weapons\rifle\storm_assault_carbine\fx\parts\flash_large_core.particle","16416","2965F88CF3048868C36D722B5FA262C848CECFA50D6C2866E2BC3E439A0103EE"
"Halo4_MuzzleFlash\tags\objects\weapons\rifle\storm_assault_carbine\fx\parts\flash_soft_core.particle","16784","FABC00928BAB501DD01E74F478975F051197E4419EFC2359C55EE4F8E19EDB6C"
"Halo4_MuzzleFlash\tags\objects\weapons\rifle\storm_assault_carbine\fx\parts\muzzle_flash_long_soft.particle","17463","04C24F8C50FB2D80A0E0BD7E8D1FE6C805D8D4B1C99534750762F42739C5407C"
"Halo4_MuzzleFlash\tags\objects\weapons\rifle\storm_assault_carbine\fx\parts\muzzle_flash_round_outer.particle","21048","122B0087BD29C30B14BE2383D2F6C895407769A15B168ED0B217EE3D05F78582"
"Halo4_MuzzleFlash\tags\objects\weapons\rifle\storm_assault_carbine\fx\parts\muzzle_flash_round.particle","21076","22D15D82A85ED3C87454B4F45E09292D8A696AD807B648E575B3847EF30F1EF6"
"Halo4_MuzzleFlash\tags\objects\weapons\rifle\storm_assault_carbine\storm_assault_carbine.render_model","1654054","2E06000C5895512F55108CA788C6940F330783996A3551965826E48767661143"
"Halo4_MuzzleFlash\tags\objects\weapons\rifle\storm_assault_carbine\storm_assault_carbine.weapon","44038","0C5CFED425FBF9DFC94A590FB6B950A09A70688B0A1CE6501FEF81A6FC85B698"
"Halo4_MuzzleFlash\tags\objects\weapons\rifle\storm_assault_rifle\fx\ar_firing.effect","80489","C887B5EF83D49F5BB6C6AEAA63D912DB6CEF13B7B6EC832172A9B210F151649A"
"Halo4_MuzzleFlash\tags\objects\weapons\rifle\storm_assault_rifle\fx\ar_muzzle_flash_long_brake.particle","19238","6E8B85EDF51A5E09D092C3EAAF679B8BEC47DEA5B51794480DF76749B9ADB030"
"Halo4_MuzzleFlash\tags\objects\weapons\rifle\storm_assault_rifle\fx\ar_muzzle_flash_round_gaseous.bitmap","711912","54E42093AD5EDB6212E290E2391018A0A9C21E1A8C168AC680B9951CE91589F5"
"Halo4_MuzzleFlash\tags\objects\weapons\rifle\storm_assault_rifle\fx\ar_muzzle_flash_round.particle","20647","9CC4067769B759368581E84134084E46D1BC77A6F97780CDCDBD757303F31A1C"
"Halo4_MuzzleFlash\tags\objects\weapons\rifle\storm_assault_rifle\fx\particles\muzzle_flash_long_brake.particle","18824","129B39738BD70B686BF4C66E01F7895717FE3BC1890A5B71C587034F01EC5F64"
"Halo4_MuzzleFlash\tags\objects\weapons\rifle\storm_assault_rifle\fx\particles\muzzle_flash_long.particle","18408","398BF6E77E780B8F94F1CDCE2FECF779683B08519DDA571D2261EA9C3B59CAD7"
"Halo4_MuzzleFlash\tags\objects\weapons\rifle\storm_assault_rifle\fx\particles\muzzle_flash_round.particle","21495","BFEF989234D3FDEB5B60486DC3D2E480C0AAEBC8103D1D90C97A69997893ADAF"
"Halo4_MuzzleFlash\tags\objects\weapons\rifle\storm_assault_rifle\storm_assault_rifle.render_model","1930537","7FDA1AB0B5F153C60CED40697B4ED706103E8D20A92AD6D25906EE2D9C4A67DA"
"Halo4_MuzzleFlash\tags\objects\weapons\rifle\storm_assault_rifle\storm_assault_rifle.weapon","45368","EB4CD5460359B9A769CCE7B93AAB93A435CE2DDD99F26B32025DAFF395ED3E9C"
"Halo4_MuzzleFlash\tags\objects\weapons\rifle\storm_attach_beam\storm_attach_beam.render_model","4079623","30FA6B28DA94EDDC0EBD82C99365258ABF2741C2B0E61D5BF7B401817E30D1EC"
"Halo4_MuzzleFlash\tags\objects\weapons\rifle\storm_attach_beam\storm_attach_beam.weapon","41878","6EA4C3768330AC481D3C29B490F68A60C98F2419CBDDFAC6BBB2E5FBA80872F9"
"Halo4_MuzzleFlash\tags\objects\weapons\rifle\storm_beam_rifle\fx\firing.effect","102897","C8012490F57FCF38A7CB52C2A1B1D15FF0CA3A706E8CBF2018DA927AD26E47BB"
"Halo4_MuzzleFlash\tags\objects\weapons\rifle\storm_beam_rifle\fx\particles\flash_core_glow.particle","17248","E165426670114ED6AFF6A246E222384148F04B6683B155EF50898818F913F405"
"Halo4_MuzzleFlash\tags\objects\weapons\rifle\storm_beam_rifle\fx\particles\flash_large.particle","16484","DABA6CB2855AFBD65B7B2FCB2C8F8D58DE1A4E337EC409F2F2F6EDF07F176E21"
"Halo4_MuzzleFlash\tags\objects\weapons\rifle\storm_beam_rifle\fx\particles\flash_streaks.particle","17248","088962ED2BD5561AB988A73C4C8E0D71300FAAE6525FBD6CA8D5A0B38CC391B1"
"Halo4_MuzzleFlash\tags\objects\weapons\rifle\storm_beam_rifle\fx\particles\glow_soft.particle","17506","95F28939893384FE72658976E0434AD45093620E0A473315C5FA3545BFA0B02A"
"Halo4_MuzzleFlash\tags\objects\weapons\rifle\storm_beam_rifle\fx\particles\muzzle_flash_long_soft.particle","17174","0DE3C225D88214BBB3706AE917C49721872E1025A11DFA5AAC4569A0F3AA627C"
"Halo4_MuzzleFlash\tags\objects\weapons\rifle\storm_beam_rifle\fx\particles\muzzle_flash_long.particle","18154","702E80A04773A00C3E180259D73F933C493EC9C753D1F6C61D0749D62DFB4682"
"Halo4_MuzzleFlash\tags\objects\weapons\rifle\storm_beam_rifle\fx\particles\muzzle_flash_round.particle","17616","EAA4BD790DB0FD7F8DE9C80EB5251D5913288B2B55D9911069C715C72D67074B"
"Halo4_MuzzleFlash\tags\objects\weapons\rifle\storm_beam_rifle\storm_beam_rifle.render_model","1603599","260B7E621A16D080B416DEFE0BEA97EC8B1944600C5BFF807A6F98FC5FEAB648"
"Halo4_MuzzleFlash\tags\objects\weapons\rifle\storm_beam_rifle\storm_beam_rifle.weapon","54943","74455DD3BD24551BBA4EF0EAAEAD89CA0FF77B64E07BB51DB48FB38FF767CD53"
"Halo4_MuzzleFlash\tags\objects\weapons\rifle\storm_br\fx\firing.effect","92658","97999B076F81F3E235AA2A973D2FC8588E629E119DAAC98F00A68604A2AFC969"
"Halo4_MuzzleFlash\tags\objects\weapons\rifle\storm_br\fx\particles\muzzle_flash_long_brake.particle","19247","B3B7975DA94D86EA1C4D8063A1277CD3C7789D934EE78851BA0118BA1B9D90DC"
"Halo4_MuzzleFlash\tags\objects\weapons\rifle\storm_br\fx\particles\muzzle_flash_long_soft.particle","19291","FB7F7B8EBF607E9146101C9A17DF6E4EB0DAC7F8B36080D00871ACFD51728949"
"Halo4_MuzzleFlash\tags\objects\weapons\rifle\storm_br\fx\particles\muzzle_flash_long.particle","18046","7C2584B29BB84FE126E8F4D81DF8A5BB1B0048F0F4AEC2FF8231AB360EA46B08"
"Halo4_MuzzleFlash\tags\objects\weapons\rifle\storm_br\fx\particles\muzzle_flash_round.particle","18719","77F35D9E7948272FAEDB387925870E54E7B1F7ADCA3E824321F75E34F50A4357"
"Halo4_MuzzleFlash\tags\objects\weapons\rifle\storm_br\fx\parts\storm_lenseflare_br.lens_flare","9847","1A38FCBB94E08E672C03B9E6FB5B5B8237E3F74C248E09056496C0BC72832025"
"Halo4_MuzzleFlash\tags\objects\weapons\rifle\storm_br\storm_br.render_model","1884249","02913CFAB5981BAB488B2062D00662503EF485F5B3AEF70F28FB360BE3380F2C"
"Halo4_MuzzleFlash\tags\objects\weapons\rifle\storm_br\storm_br.weapon","42463","AF7AA13E8D6FAF519A06FFA330D7971D9AFFEFA81928B411FDD4523B3ABCB14B"
"Halo4_MuzzleFlash\tags\objects\weapons\rifle\storm_concussion_rifle\fx\firing.effect","53764","6A1743006BBCDAC47CC08FAE3CEF1D083C1471C1509B8D1720D2768FE4C97609"
"Halo4_MuzzleFlash\tags\objects\weapons\rifle\storm_concussion_rifle\fx\particles\glow_soft.particle","16253","4AF1B514D6E71324D031B44C3035AF74BEE5F30E5329CCCE9E3230830297E7A4"
"Halo4_MuzzleFlash\tags\objects\weapons\rifle\storm_concussion_rifle\fx\particles\muzzle_flash_long_soft.particle","15955","A76111B5BCF1D925947AD629281188E5474ABE6046DE84BCB7AAB5F7735E73B6"
"Halo4_MuzzleFlash\tags\objects\weapons\rifle\storm_concussion_rifle\fx\particles\muzzle_flash_long.particle","18148","945EC11AD19E4DBA907351B0634DE7DE1270C64D6876F82F27960768B50E0E5F"
"Halo4_MuzzleFlash\tags\objects\weapons\rifle\storm_concussion_rifle\fx\particles\muzzle_flash_round.particle","18250","AA46D133C51DD338A06529C9648149C76C450CFBF824D0203514B291F6A9FF31"
"Halo4_MuzzleFlash\tags\objects\weapons\rifle\storm_concussion_rifle\storm_concussion_rifle.render_model","1689202","CF9B012FC80982A826F0FC22E3F59594152F0904424CE53D0F5F704A44D40718"
"Halo4_MuzzleFlash\tags\objects\weapons\rifle\storm_concussion_rifle\storm_concussion_rifle.weapon","43166","4A6734834FC2B0F7B658AB0C26E8562543E67573F75A307B4E2FDBC610BAE6C0"
"Halo4_MuzzleFlash\tags\objects\weapons\rifle\storm_covenant_carbine\fx\firing.effect","113169","FC76D365F4400C7270EDE6B880061B0EFC5C305E4D39C2CE7D7D346897C7545B"
"Halo4_MuzzleFlash\tags\objects\weapons\rifle\storm_covenant_carbine\fx\particles\flash_large.particle","16392","B31FD47F004F51668AFC6FA73D57019C38F222712B328508A49D032B27CB8F30"
"Halo4_MuzzleFlash\tags\objects\weapons\rifle\storm_covenant_carbine\fx\particles\muzzle_flash_distortion.particle","22564","EE5A1538198811FEB2868B653D406291FD6F72A5907C30069E21F282AAA88607"
"Halo4_MuzzleFlash\tags\objects\weapons\rifle\storm_covenant_carbine\fx\particles\muzzle_flash_long_soft.particle","18205","07C50085191B8E803031CB70A4DBB063C9FA600CC6F9EFE24FE5C20104B1FD0E"
"Halo4_MuzzleFlash\tags\objects\weapons\rifle\storm_covenant_carbine\fx\particles\muzzle_flash_long.particle","17942","E791273D3A6AF7887308B1475293CB8AE8ADBB73F473A57A144BE4D6CCC41A50"
"Halo4_MuzzleFlash\tags\objects\weapons\rifle\storm_covenant_carbine\fx\particles\muzzle_flash_round.particle","21112","0361C05D01E2AEC75C967803599624C4923EA4750ABB03061FD6A8653953AC41"
"Halo4_MuzzleFlash\tags\objects\weapons\rifle\storm_covenant_carbine\fx\particles\muzzle_lens_flare_1st.particle","17215","62439B7AA0C139AD9FCFCCECEE82EBC262707513F6F1F788339E27579076A868"
"Halo4_MuzzleFlash\tags\objects\weapons\rifle\storm_covenant_carbine\storm_covenant_carbine.render_model","1172537","39E5DF6B35B826871B382B1BA4FC12B6D415E0F8F61BDE5DBA787F5721E5548E"
"Halo4_MuzzleFlash\tags\objects\weapons\rifle\storm_covenant_carbine\storm_covenant_carbine.weapon","42750","0E6EF53954758141534171E8C0153876ED432FEA15FECD22FABF00445F47749F"
"Halo4_MuzzleFlash\tags\objects\weapons\rifle\storm_dmr\fx\firing.effect","85881","4005AD7BC6B5FFDC4D691F59C66C2FA27F3F39D158A85B2C8173C4120EFAF6C8"
"Halo4_MuzzleFlash\tags\objects\weapons\rifle\storm_dmr\fx\particles\muzzle_flash_long_brake.particle","18032","1B5687245D65E737248D8A29BC042493B0CDBB8C3A96C221AC3E0AC6F1EEFBBD"
"Halo4_MuzzleFlash\tags\objects\weapons\rifle\storm_dmr\fx\particles\muzzle_flash_long_soft.particle","18529","0C678BFDD944B9B51DD0A0EE7E00D6CE0EE044786487EC6789FDA136452C1881"
"Halo4_MuzzleFlash\tags\objects\weapons\rifle\storm_dmr\fx\particles\muzzle_flash_long.particle","16893","0749EC355A8528539DE5A0418C8DD489D1373D0D4475DB8CEAB4BAAC4DDD123A"
"Halo4_MuzzleFlash\tags\objects\weapons\rifle\storm_dmr\fx\particles\muzzle_flash_round.particle","18499","3608CACC44EB3FBE1546EDF9891A58C10ED238ACF4354C0A2CE6B0071C70E92C"
"Halo4_MuzzleFlash\tags\objects\weapons\rifle\storm_dmr\storm_dmr.render_model","1889810","EC76E7AE7DDE76B546CD58CEEB1BAA81107BC35BF0790BF28B415BCD180E29CC"
"Halo4_MuzzleFlash\tags\objects\weapons\rifle\storm_dmr\storm_dmr.weapon","42764","A9D1CA5026E74446B7651B2A5B6CC9F9F345F66EAEDC1EF08420F2EC502D6DF7"
"Halo4_MuzzleFlash\tags\objects\weapons\rifle\storm_forerunner_rifle\fx\homingrifle_firing.effect","353989","DB0AD09780740DE57D3D6C81B634D2AD3A1B57DF509244F4B1B3BE08E2180F38"
"Halo4_MuzzleFlash\tags\objects\weapons\rifle\storm_forerunner_rifle\fx\homingrifle_muzflash_long_break.particle","17567","A64EF274685E0F501788DBC77DD19219974D590E465D2AC2FCB654E39B67C661"
"Halo4_MuzzleFlash\tags\objects\weapons\rifle\storm_forerunner_rifle\fx\impact\impact_glow.light_volume_system","14475","F256A960B6E989D7AAE09AFCCC3A04428F59F71EED2EEB46CA7E9A7F42F91C67"
"Halo4_MuzzleFlash\tags\objects\weapons\rifle\storm_forerunner_rifle\fx\particles\fr_rifle_hardlight_muzzle_front_accent.particle","17924","1717F270B54CEED2300B45183F956DBECF4BB5C3AC2491D9438C059032B602D3"
"Halo4_MuzzleFlash\tags\objects\weapons\rifle\storm_forerunner_rifle\fx\particles\fr_rifle_hardlight_muzzle_front.particle","17924","CF5B205B28AEBD81389939429F6081045375181FB83065422854F386F72D1132"
"Halo4_MuzzleFlash\tags\objects\weapons\rifle\storm_forerunner_rifle\fx\particles\hardlight_bits_core.particle","16881","6150C08377786E9EE685AF59902A4822243286FC143BC92AD59E649004407BDC"
"Halo4_MuzzleFlash\tags\objects\weapons\rifle\storm_forerunner_rifle\fx\particles\muzzle_glow_1p.particle","17146","262B6FF88D830A38CD40708BCD7BCBAFF16CC5FEAD5C608F1EF538A5B7985E08"
"Halo4_MuzzleFlash\tags\objects\weapons\rifle\storm_forerunner_rifle\fx\parts\fr_lenseflare_rifle_1st.lens_flare","7964","ED8F23742AC6243858DEB695C401E19CEA29703A0A0B5E8C0D4D410A82791BDA"
"Halo4_MuzzleFlash\tags\objects\weapons\rifle\storm_forerunner_rifle\fx\parts\fr_lenseflare_rifle_muzzle_1st.lens_flare","8530","F32B207C8448429F68996DED9AC4A4ADF3078EC1DF58CAD6A943C77522942FBA"
"Halo4_MuzzleFlash\tags\objects\weapons\rifle\storm_forerunner_rifle\fx\parts\fr_lenseflare_rifle_muzzle_soft_glow.lens_flare","10622","08D66BCBA1D1F5A702B95DB5022F317226D96C9436D233493F254CA83E3ECE76"
"Halo4_MuzzleFlash\tags\objects\weapons\rifle\storm_forerunner_rifle\fx\parts\fr_lenseflare_rifle_muzzle.lens_flare","9110","743294D568EE7FC38854FE8C9D8CF9D4D1261D26F0F9096F8FF9F85027826C65"
"Halo4_MuzzleFlash\tags\objects\weapons\rifle\storm_forerunner_rifle\fx\parts\fr_lenseflare_rifle.lens_flare","8830","322090650938A1A7AB29D88B20D1EC81643EF9C0505E3B284339C4A899B9A681"
"Halo4_MuzzleFlash\tags\objects\weapons\rifle\storm_forerunner_rifle\fx\parts\fr_rifle_muzflash_break.particle","18002","B4C4F3F3869505560F297E711AD018C337DD3F8EA30F605CC36F4E8A34FE2E43"
"Halo4_MuzzleFlash\tags\objects\weapons\rifle\storm_forerunner_rifle\fx\parts\fr_rifle_muzzle_flare_glow.particle","17158","C5FFF39BD0866505FC5BD176B441966CB622E5A8E75BC24AD08A6E5CB93525B8"
"Halo4_MuzzleFlash\tags\objects\weapons\rifle\storm_forerunner_rifle\fx\parts\fr_rifle_muzzle_flare.particle","17998","8B9C2D140A55B9DF1B827921C5A031605D54529654BE1DD4BD713BE63904A7ED"
"Halo4_MuzzleFlash\tags\objects\weapons\rifle\storm_forerunner_rifle\fx\parts\muzzle_flash_streaks.particle","17990","E6DE9EA93538D91CAA2D087B8D8672E22627FD0AE227D76CC29B6614EF4766AD"
"Halo4_MuzzleFlash\tags\objects\weapons\rifle\storm_forerunner_rifle\fx\parts\muzzle_glow_1p.light_volume_system","14475","7BEBF29460D8D56C259C03B178F041F8004509B7DC68F5858B2F02321E966D3E"
"Halo4_MuzzleFlash\tags\objects\weapons\rifle\storm_forerunner_rifle\fx\parts\muzzle_glow_accent_glows.particle","17143","C44DA48A2ED9C65A40056328A524D1E7B257A4E4D39DEE11224BD5864D148281"
"Halo4_MuzzleFlash\tags\objects\weapons\rifle\storm_forerunner_rifle\fx\parts\muzzle_glow_accent.particle","17159","511334C0AB674134E66220E6D34B8514F616D41BFF1476AD5AD0A01A899A58C9"
"Halo4_MuzzleFlash\tags\objects\weapons\rifle\storm_forerunner_rifle\fx\parts\muzzle_glow_core.particle","17158","4CE11971B6EEB9FFD00880150E9720246C1822A585B179A87B82AB99F6638D79"
"Halo4_MuzzleFlash\tags\objects\weapons\rifle\storm_forerunner_rifle\storm_forerunner_rifle.render_model","1996783","5FAFAE90DB4A013D70DDA23756FFC308BD9B42E6B93DB6DC6A202414B190B90B"
"Halo4_MuzzleFlash\tags\objects\weapons\rifle\storm_forerunner_rifle\storm_forerunner_rifle.weapon","49257","4F20C1EEF31F48888C7794E38FE63624DFBF1242E26C9AE5D5496ECF60C530B3"
"Halo4_MuzzleFlash\tags\objects\weapons\rifle\storm_forerunner_smg\fx\fr_smg_firing_muzzle_flash.effect","87306","51F7FF9E47F5853E0E71CC4FA9561549B27E8C9155B4CF19909B4407DBB5B9F1"
"Halo4_MuzzleFlash\tags\objects\weapons\rifle\storm_forerunner_smg\fx\particles\firing_front_plate_1p.particle","17874","B47B4FF02D34BA6C7D82ADA00864DC348093251138AC6B93A25486BFC94374C0"
"Halo4_MuzzleFlash\tags\objects\weapons\rifle\storm_forerunner_smg\fx\particles\firing_muzzle_flash_1p.particle","17842","DE0BEFF9956255E61EAA981C5F19A0AD7CAB3CEF91ED8FC83A60F215DA705345"
"Halo4_MuzzleFlash\tags\objects\weapons\rifle\storm_forerunner_smg\fx\particles\firing_muzzle_flash_diamond_1p.particle","17854","6A1687AE0F3AD1935AAC34934DA85552974E9C36198CB5A68C0349DCA229BE47"
"Halo4_MuzzleFlash\tags\objects\weapons\rifle\storm_forerunner_smg\fx\particles\firing_muzzle_flash_diamond_3p.particle","17854","EC2BC23513C9FB1DC22E4959B13211527ECE4D4154EC671B5C66F3744A9D2AE7"
"Halo4_MuzzleFlash\tags\objects\weapons\rifle\storm_forerunner_smg\fx\particles\firing_muzzle_flash_forward_3p.particle","17857","E8500F6E7A0E3B0EA8BF3C8D8C485D957E00582B0FA34661CFD5C9B052A6483D"
"Halo4_MuzzleFlash\tags\objects\weapons\rifle\storm_forerunner_smg\fx\particles\firing_muzzle_flash_large_3p.particle","17914","33FE9F7D64AE9F59825368AD793E19894710AE7E9C69C8783124FCE32E7C5792"
"Halo4_MuzzleFlash\tags\objects\weapons\rifle\storm_forerunner_smg\fx\particles\firing_muzzle_flash_large.particle","17914","CF47612E247D5CAAE29B63EBC81B88AD96755F21EC7664A77EDBF88A9830209B"
"Halo4_MuzzleFlash\tags\objects\weapons\rifle\storm_forerunner_smg\fx\particles\reload_vent_ring2_1p.particle","18869","91F66533298A8C9107E6A3F3098DD5ACCBB2E367ABDE4879C27C950450FD0A68"
"Halo4_MuzzleFlash\tags\objects\weapons\rifle\storm_forerunner_smg\fx\particles\storm_forerunner_smg_muzflash_distortion.particle","18729","5713A2393CEEF10C041B0A45A59DD9DA278BE682938DB996B769C13002F7AF2D"
"Halo4_MuzzleFlash\tags\objects\weapons\rifle\storm_forerunner_smg\storm_forerunner_smg.render_model","2206514","99639288BE8EB43AD95401E0474536B8117C17DBD4126DA949516B9FEED64144"
"Halo4_MuzzleFlash\tags\objects\weapons\rifle\storm_forerunner_smg\storm_forerunner_smg.weapon","48048","19D7374B3D5AFD1EDC5A786DCE9ADF11DD52CF2621C0749A2A2650AB3EABB824"
"Halo4_MuzzleFlash\tags\objects\weapons\rifle\storm_forerunner_sniper_rifle\fx\fr_sniper_rifle_firing.effect","283889","0D8F01CECFE1DAC990FC728933445B6C57519BE2CB09BD2B790DE51146273827"
"Halo4_MuzzleFlash\tags\objects\weapons\rifle\storm_forerunner_sniper_rifle\fx\particles\firing_bottom_plate_1p.particle","17885","7709F9E88333D4BDF81DABEB0F3A927604633AD3E2FE9D4E6C2EC2E723E589E8"
"Halo4_MuzzleFlash\tags\objects\weapons\rifle\storm_forerunner_sniper_rifle\fx\particles\firing_cylinder_1p.particle","17881","58CD74B5A46E72D960AF8C95D90458EBABA1127A64723915D385B38BC6A79481"
"Halo4_MuzzleFlash\tags\objects\weapons\rifle\storm_forerunner_sniper_rifle\fx\particles\firing_front_plate_1p.particle","17884","E2B64C77AA7D6838336E51F5B7AB183CB926A8478EFBA9BCBE594607C9046072"
"Halo4_MuzzleFlash\tags\objects\weapons\rifle\storm_forerunner_sniper_rifle\fx\particles\firing_muzzle_flare_glow.particle","17583","8E6D27DC6BDDCAAA1AC1818903C9697FBA4B4408A4061F75331C78748C4091EB"
"Halo4_MuzzleFlash\tags\objects\weapons\rifle\storm_forerunner_sniper_rifle\fx\particles\firing_muzzle_flash_1p.particle","17842","3583D684486E374C196D012C67663E55C7A83F5C352176C484F4BEF32A6227CB"
"Halo4_MuzzleFlash\tags\objects\weapons\rifle\storm_forerunner_sniper_rifle\fx\particles\firing_muzzle_flash_diamond_1p.particle","17047","A6ED2376424E3E99F1840A3DDA81E6BD0D2ADE8E1FD4122B488E0E9DBDB3DD3C"
"Halo4_MuzzleFlash\tags\objects\weapons\rifle\storm_forerunner_sniper_rifle\fx\particles\firing_muzzle_flash_large_1p.particle","16236","A3A6AD163989B170530C741C372BDDEAF3B1EED62C546D9A34253A27C2A175CD"
"Halo4_MuzzleFlash\tags\objects\weapons\rifle\storm_forerunner_sniper_rifle\fx\particles\firing_muzzle_flash_soft_1p.particle","16998","C25F17E82C98311A5B0E1CE572C0AC2720D057588E7B856D2EE5A956E15B23E4"
"Halo4_MuzzleFlash\tags\objects\weapons\rifle\storm_forerunner_sniper_rifle\fx\particles\firing_muzzle_glow_accent_glows.particle","17559","B41FF70D8EE749F3D63117DB4E9E8488B0DD787BC17743C43729A4A8844A1A20"
"Halo4_MuzzleFlash\tags\objects\weapons\rifle\storm_forerunner_sniper_rifle\fx\particles\firing_muzzle_glow_accent.particle","17584","E9E51E303F1B958B15FC81869B818BB4B9ABCDA074A79D132AB659D80A809C16"
"Halo4_MuzzleFlash\tags\objects\weapons\rifle\storm_forerunner_sniper_rifle\fx\particles\firing_secondary_muzzle_flash_1p.particle","17348","553C9490F9C84CBE58E8CAF03DFEDE6A4D48B3F519AD68F503657043A5FF21E9"
"Halo4_MuzzleFlash\tags\objects\weapons\rifle\storm_forerunner_sniper_rifle\fx\particles\firing_top_plate_1p.particle","17882","07D57A0372238C965F2EA8E4E1E573AD73D8FC56B8572261C57A3859A99AC86F"
"Halo4_MuzzleFlash\tags\objects\weapons\rifle\storm_forerunner_sniper_rifle\fx\particles\firing_top_plate_slide_1p.particle","17888","DB80790B4FCB38EF35366466B28083C67795D97658982078B2A8A5C1F6401734"
"Halo4_MuzzleFlash\tags\objects\weapons\rifle\storm_forerunner_sniper_rifle\fx\particles\firing_vent_bits_1p.particle","17307","862BA270EB45EE730A3C275965E7E5A253FAE79BA35703DEB69162ADDA450D70"
"Halo4_MuzzleFlash\tags\objects\weapons\rifle\storm_forerunner_sniper_rifle\fx\particles\firing_vent_ring1_1p.particle","18872","5B7C72B228B3B5AA4DCEB55A0190EAA4011DA5F17154BAE9E7D9C32C70B0F2A8"
"Halo4_MuzzleFlash\tags\objects\weapons\rifle\storm_forerunner_sniper_rifle\fx\particles\firing_vent_ring2_1p.particle","18872","57E8AB34DB51F5FDB61AD1C8E811407B9F52FF6CDAD1C80548B77119C2CEB4B5"
"Halo4_MuzzleFlash\tags\objects\weapons\rifle\storm_forerunner_sniper_rifle\storm_forerunner_sniper_rifle.render_model","2091917","EDD3F7224614F2A6F7DE6F155D026F55EF099A791718B90F31E9D124F3DB50FD"
"Halo4_MuzzleFlash\tags\objects\weapons\rifle\storm_forerunner_sniper_rifle\storm_forerunner_sniper_rifle.weapon","44978","8A3B6B4BD732AE4E4A344EFCC833488BBCD9FF0CEF6A4BC7BFAB6F96B6A3D59F"
"Halo4_MuzzleFlash\tags\objects\weapons\rifle\storm_homing_rifle\fx\homingrifle_muzflash_energy.particle","18682","63F6B6A68B890FE8AFF617FE87FDFB99F8911A66C3014179D9CD2A34862F6596"
"Halo4_MuzzleFlash\tags\objects\weapons\rifle\storm_homing_rifle\fx\homingrifle_muzflash_firey_round.particle","17791","24BDA98977F021CFB609713B76C101982B0CFE4A34A063708A90AC1C387F70FA"
"Halo4_MuzzleFlash\tags\objects\weapons\rifle\storm_lmg\fx\firing.effect","75277","1F961C7E9514A4AA4036DB02B5D13910DEAC4E3B407E4CCD5ACE40426E4442E9"
"Halo4_MuzzleFlash\tags\objects\weapons\rifle\storm_lmg\fx\particles\muzzle_flash_long_brake.particle","17954","6859779A77F70EC2727DD2F7F720707A4A263E0D3D06BF72DCA069BCED272EF8"
"Halo4_MuzzleFlash\tags\objects\weapons\rifle\storm_lmg\fx\particles\muzzle_flash_long.particle","17124","37E598BD4900159725CD75C6955C748EE6AE70F4EBBF7954663D173882C82E2D"
"Halo4_MuzzleFlash\tags\objects\weapons\rifle\storm_lmg\fx\particles\muzzle_flash_round.particle","20105","B73E28D8DF0764AE562173174A5BBC52E95DD9F5088AAD63544921A271DB56CB"
"Halo4_MuzzleFlash\tags\objects\weapons\rifle\storm_lmg\storm_lmg.render_model","1444101","19C02C2F92AC60046754FC763184D52A34CF0016C63A87B6FBCB0C9AA5EA693F"
"Halo4_MuzzleFlash\tags\objects\weapons\rifle\storm_lmg\storm_lmg.weapon","45089","BC7193990A61CC00EDA1F6239DBEE2CE3B0DED9BF9B6E993F60B59D4B1BCE0F0"
"Halo4_MuzzleFlash\tags\objects\weapons\rifle\storm_rail_gun\fx\firing.effect","112548","49E944830C26C899D7129E7FB3B7422BAC915C4EE122B79BA735BFE261F72CAD"
"Halo4_MuzzleFlash\tags\objects\weapons\rifle\storm_rail_gun\fx\particles\firing_flash_ring.particle","17910","C64D16BD233DD07084F7AF6302E269DE7022A88AA66E2D946EE561DFA49E0879"
"Halo4_MuzzleFlash\tags\objects\weapons\rifle\storm_rail_gun\fx\particles\firing_glow_soft.particle","17663","C722A77501EDC18D2FD26E57BDB803FD95D9E66E29F4BF51927298BF2759BD0C"
"Halo4_MuzzleFlash\tags\objects\weapons\rifle\storm_rail_gun\fx\particles\firing_plasma_ring.particle","19195","C97040B3DF217D901DB8406EA5F06282F328CA66946590CC2766ABAED76A41E8"
"Halo4_MuzzleFlash\tags\objects\weapons\rifle\storm_rail_gun\fx\particles\firing_rail_flare.particle","18113","6BA78AF22FF24DA43F13A67236AE0BD4A4C2A7DE84F235F86CE14E131017BECE"
"Halo4_MuzzleFlash\tags\objects\weapons\rifle\storm_rail_gun\fx\particles\firing_soft_flare.particle","18113","FBDF0B2EF80147315688FB6AC9F657D1C01CB039B1070AFDEE5450C197F002B2"
"Halo4_MuzzleFlash\tags\objects\weapons\rifle\storm_rail_gun\fx\particles\muzzle_flash_long_soft.particle","18331","35CF4A8D00914DF37137DE782F11B8E4C9151A0AD3A971CC5B65D1A87DD9A34D"
"Halo4_MuzzleFlash\tags\objects\weapons\rifle\storm_rail_gun\fx\particles\muzzle_flash_long.particle","18754","3508EC83E170707FBE6A54AFA469385117ADCC257598EC62EA2FCBF4BBBB3461"
"Halo4_MuzzleFlash\tags\objects\weapons\rifle\storm_rail_gun\storm_rail_gun.render_model","1234883","0B2946F1287E37362160A62FD99F1E88954C49ECF7D566BF4B257BE1FC7BCB68"
"Halo4_MuzzleFlash\tags\objects\weapons\rifle\storm_rail_gun\storm_rail_gun.weapon","51916","77D12607BEB752C3168FD4F68EE14AF2C72FF623E23FE1BAAB1508F9DD2B9787"
"Halo4_MuzzleFlash\tags\objects\weapons\rifle\storm_shotgun\fx\firing.effect","86921","29C225CCAC440EE91819FB74556D4490DC9C3251993253168A13BAA4B59AA98D"
"Halo4_MuzzleFlash\tags\objects\weapons\rifle\storm_shotgun\fx\firing\parts\spark_ember.particle","17197","E0A647D588D687022BBC58D5B187D33344614B985FDA1228D6D33E4D0C90BC57"
"Halo4_MuzzleFlash\tags\objects\weapons\rifle\storm_shotgun\fx\particles\muzzle_flash_long_gaseous.particle","18813","C2D392AB2C3A8DC09583E8D90FDB75D18A7A769B7FF442A3079B7E320A39B68A"
"Halo4_MuzzleFlash\tags\objects\weapons\rifle\storm_shotgun\fx\particles\muzzle_flash_round_fiery.particle","17894","DA87EC4C2A6E5425676F0AFA2CDBADDFF1E07B7DAAAC9F94833278220F68376E"
"Halo4_MuzzleFlash\tags\objects\weapons\rifle\storm_shotgun\fx\particles\muzzle_flash_round.particle","18972","E61748189B64B84E13B43EE6D406FD94430061FE50515E35E51C34C56334B968"
"Halo4_MuzzleFlash\tags\objects\weapons\rifle\storm_shotgun\storm_shotgun.render_model","1578471","77F02A328E39F75858820E71960A7DC5CB47723125DFADD781B42ED6648DC04E"
"Halo4_MuzzleFlash\tags\objects\weapons\rifle\storm_shotgun\storm_shotgun.weapon","43170","10C257E4C51680ACCCEB861515B21772017C7631DD9E61ABB36AB6A709B00EDE"
"Halo4_MuzzleFlash\tags\objects\weapons\rifle\storm_sniper_rifle\fx\sr_firing.effect","105022","B8F759F268909D2F94839B81ECF286A56BA4415C5A03485BECB5D48A7B099892"
"Halo4_MuzzleFlash\tags\objects\weapons\rifle\storm_sniper_rifle\fx\sr_glow_soft.particle","17388","4534D6DCA1510880119426A5E9798B370E560E1195A26A327D40F010AA804CE1"
"Halo4_MuzzleFlash\tags\objects\weapons\rifle\storm_sniper_rifle\fx\sr_muzzle_flash_long_brake.particle","18845","8AD5A52C5133206D537334FCC3355CE65362E12DB8BF3EB70DD787C476A96CE3"
"Halo4_MuzzleFlash\tags\objects\weapons\rifle\storm_sniper_rifle\fx\sr_muzzle_flash_long_soft.particle","19052","59B4BE1BC0929C3FF2B7F27811FD2CF84CD6E6131D2DBD4729D1FDBACD6DB7C3"
"Halo4_MuzzleFlash\tags\objects\weapons\rifle\storm_sniper_rifle\fx\sr_muzzle_flash_round_fiery.particle","18503","48ED2673288F3933B541956BA0C194CC4FC245663F69B92C990B785D6FCA1C13"
"Halo4_MuzzleFlash\tags\objects\weapons\rifle\storm_sniper_rifle\fx\sr_muzzle_smoke.particle","24482","58BB98CC1F6F32554DFB99AD1C9712FAED41815C4B090B044EF49E77F6B1ACD9"
"Halo4_MuzzleFlash\tags\objects\weapons\rifle\storm_sniper_rifle\fx\sr_soft_smoke_small.bitmap","362256","B14C257E229696444BC3A5499D0C4B470C4175966BF2512F309BFD0E233A9221"
"Halo4_MuzzleFlash\tags\objects\weapons\rifle\storm_sniper_rifle\storm_sniper_rifle.render_model","1541830","6081B0EBD564376FF77770EDF438AEF3794B74EFD4D973055D96BF389DFC5D74"
"Halo4_MuzzleFlash\tags\objects\weapons\rifle\storm_sniper_rifle\storm_sniper_rifle.weapon","42125","3ACC145F4B8E74F78D5BE4087CC7A3E44D3752043767A2CFC8A75604625832E4"
"Halo4_MuzzleFlash\tags\objects\weapons\rifle\storm_spread_gun\fx\firing\parts\firing_forward_flash_1p.light_volume_system","14475","80516493E23D48A9125E4048483F3C7A59109018CA5BBF3091186F177480068E"
"Halo4_MuzzleFlash\tags\objects\weapons\rifle\storm_spread_gun\fx\firing\parts\firing_forward_flash_3p.light_volume_system","14475","E6A260FDF3E84E83802899953B7630AB232F6413D96EE113C43ED26F5CBDAD46"
"Halo4_MuzzleFlash\tags\objects\weapons\rifle\storm_spread_gun\fx\firing\parts\front_rail_1p.particle","17449","3C4FF9A15855BE0D87E41D49F417795092941BE33DF7C5B0D9BB6003E22132CF"
"Halo4_MuzzleFlash\tags\objects\weapons\rifle\storm_spread_gun\fx\firing\parts\mid_rail_1p.particle","17447","5A5A741F0A3797379375253075AC5242D1F3D55EEBF9A34ACD1FCB2A1657A272"
"Halo4_MuzzleFlash\tags\objects\weapons\rifle\storm_spread_gun\fx\firing\parts\muzzle_bits_1p.particle","17731","A9067D3614B27333E897861CAB71799112B9B56DB1CF5322E1170978EB7420CD"
"Halo4_MuzzleFlash\tags\objects\weapons\rifle\storm_spread_gun\fx\firing\parts\muzzle_flash_3p.cheap_light","2769","5EC642B449EDF4A027F60C3D77A80940DB8895E0817329218CB45672D2612E76"
"Halo4_MuzzleFlash\tags\objects\weapons\rifle\storm_spread_gun\fx\firing\parts\muzzle_flash_large.particle","17434","5DAA289188B287A32433FDE5F2A072993D8DC1DA11565D9E095D19A3E31EBFEB"
"Halo4_MuzzleFlash\tags\objects\weapons\rifle\storm_spread_gun\fx\firing\parts\muzzle_flash.cheap_light","2769","D3D52BD90C32DF33E40F85065FEB05ECF4C875F43A1FA07428D75295F5CA7C65"
"Halo4_MuzzleFlash\tags\objects\weapons\rifle\storm_spread_gun\fx\firing\parts\muzzle_forward_3p.particle","17438","59806ABA19F7DC01EB167699D6D1A5615E87E00684375519ED80258BCD61E314"
"Halo4_MuzzleFlash\tags\objects\weapons\rifle\storm_spread_gun\fx\firing\parts\muzzle_glow_1p.particle","18262","4D9F13BA2977D2890B7765EC591A72199A032D1D26A60E02D6ECC1FBA1B4F58B"
"Halo4_MuzzleFlash\tags\objects\weapons\rifle\storm_spread_gun\fx\firing\parts\muzzle_glow_3p.particle","18262","CB8E1B85BA090C044E7EEB84F37CB2F8CC33FF8266CC3CC3C186EFBC49CBA236"
"Halo4_MuzzleFlash\tags\objects\weapons\rifle\storm_spread_gun\fx\firing\parts\muzzle_rings_1p.particle","17446","26799F3345F71A4DF6796C7FF1D5CAD4C53391DCD9076DF16D7795225A91F53E"
"Halo4_MuzzleFlash\tags\objects\weapons\rifle\storm_spread_gun\fx\firing\parts\muzzle_rings_small_1p.particle","17446","9CFE6C256D2FB4356BB07737A5E9780CE9EF13F5370572879EAE223A3E40171A"
"Halo4_MuzzleFlash\tags\objects\weapons\rifle\storm_spread_gun\fx\firing\parts\muzzle_streak_1p.particle","18262","69706A2C5C1846B8DB395997E5F723DF38ED2383208015DD7A42027CFC575D4A"
"Halo4_MuzzleFlash\tags\objects\weapons\rifle\storm_spread_gun\fx\firing\parts\slide_rail_1p.particle","17444","78F56375C30E8BE931283FEEE688902BE84E49567378638D2421955C8AB72B26"
"Halo4_MuzzleFlash\tags\objects\weapons\rifle\storm_spread_gun\fx\firing\sg_firing.effect","150764","9E55B308DD6650DFAB857880EE49BA3D941681DE6B5A31704676361597B76508"
"Halo4_MuzzleFlash\tags\objects\weapons\rifle\storm_spread_gun\storm_spread_gun.render_model","1622405","12F70E7C5939E8626BD3B9018A1EA89D455033A629B7A72567B65225D8FF37F2"
"Halo4_MuzzleFlash\tags\objects\weapons\rifle\storm_spread_gun\storm_spread_gun.weapon","46877","477A96A81315E0CBFB7C84B93BDF7897EEB007DE5AA297D9951BDE60D078A488"
"Halo4_MuzzleFlash\tags\objects\weapons\rifle\storm_stasis_rifle\fx\sts_firing.effect","58801","997546E88292A5921D0BF6008BC33C8BF0B695D2389B6BEE4632476C7A58882B"
"Halo4_MuzzleFlash\tags\objects\weapons\rifle\storm_stasis_rifle\fx\sts_flash_large.bitmap","362224","49F82C317F0501F6BC34AA8B60F88C523666CCC48AEDF6851805A041DC90766A"
"Halo4_MuzzleFlash\tags\objects\weapons\rifle\storm_stasis_rifle\fx\sts_flash_large.particle","16183","FF435D63C591235FA1D88F57E19CAB60B116B6778C6BBE57F5446ED4345CE400"
"Halo4_MuzzleFlash\tags\objects\weapons\rifle\storm_stasis_rifle\fx\sts_glow_soft.bitmap","362224","021C957AC1E9C55176C08D85CB51B01180A9C2F40AA3C44D02A4D772D27A70BF"
"Halo4_MuzzleFlash\tags\objects\weapons\rifle\storm_stasis_rifle\fx\sts_glow_soft.particle","16175","DD8DE60F664738226B2D25B19BBE6D0C3DC6462FBC5C8D16B6DA2928069CE2CE"
"Halo4_MuzzleFlash\tags\objects\weapons\rifle\storm_stasis_rifle\fx\sts_muzzle_flash_long_fiery.bitmap","1411024","AD09DAB547578377F8101B10BAAFB357C43C11EAB4E4EEDFF15BD7CCB1658E48"
"Halo4_MuzzleFlash\tags\objects\weapons\rifle\storm_stasis_rifle\fx\sts_muzzle_flash_long.particle","17681","282B990901BAF87C7C859BFA8F7055BEB5AAE329AA007313FF9D22EE4916704A"
"Halo4_MuzzleFlash\tags\objects\weapons\rifle\storm_stasis_rifle\fx\sts_muzzle_flash_round_fiery.bitmap","711912","C70BDDBE0F686D3FC46B703E3E2CD118AC8D05F4AD4C70770F4BA83728DEE1CB"
"Halo4_MuzzleFlash\tags\objects\weapons\rifle\storm_stasis_rifle\fx\sts_muzzle_flash_round.particle","18513","3D2648BD783EF08AD94150F6EC5B1C82DE630F310F939BB1EAD95BD126C34BA3"
"Halo4_MuzzleFlash\tags\objects\weapons\rifle\storm_stasis_rifle\storm_stasis_rifle.render_model","879259","5904B0769A6CCCC39A71C6D441DA614D7031983F7D0059B649EBA464E27A8028"
"Halo4_MuzzleFlash\tags\objects\weapons\rifle\storm_stasis_rifle\storm_stasis_rifle.weapon","44865","046485CF35F45AC5D3931EAAA25300539F3BD3D4B4A56AAEC823DD53CA444370"
"Halo4_MuzzleFlash\tags\objects\weapons\support_high\plasma_launcher\fx\firing.effect","70353","2480A7F2A9F89B119EDA5B58E45DA1592BAA167FD48896F33FFC7ACEDA7A97C2"
"Halo4_MuzzleFlash\tags\objects\weapons\support_high\plasma_launcher\fx\particles\muzzle_flash_long_soft.particle","17068","ADA9C8C1A57F48370A8AD441356D736916B68F3B91644403F1611CD94CE59BB5"
"Halo4_MuzzleFlash\tags\objects\weapons\support_high\plasma_launcher\fx\particles\muzzle_flash_long.particle","18136","B1067F7B5DA9D44EF2AE284F7613D9ACF38870FB8990CB482EBF8E23D5048DE7"
"Halo4_MuzzleFlash\tags\objects\weapons\support_high\plasma_launcher\fx\particles\muzzle_flash_round.particle","17410","FA86AB86DA422A169CAA13C58455C68ADE71BB9DD7C2C647A432D6368CCDC55D"
"Halo4_MuzzleFlash\tags\objects\weapons\support_high\storm_forerunner_incineration_launcher\fx\fr_incin_firing.effect","178405","06406C906446985FD4EA9B1B57495C4D75F1552699219F9B958DF8598069B984"
"Halo4_MuzzleFlash\tags\objects\weapons\support_high\storm_forerunner_incineration_launcher\fx\particles\firing_back_plate_1p.particle","17678","56059DABEA9508AF4C61226CD65E9AF36923B6492F57BB2E666B6CD07853DBCD"
"Halo4_MuzzleFlash\tags\objects\weapons\support_high\storm_forerunner_incineration_launcher\fx\particles\firing_barrel_1p.particle","17674","8A361AC34615451708CCB24444AD67FB401D98DC0E2A14FC7F6AF3D98B7D5319"
"Halo4_MuzzleFlash\tags\objects\weapons\support_high\storm_forerunner_incineration_launcher\fx\particles\firing_barrel_slide_1p.particle","17680","9FE4B0E14F0DBC4FFF819278ECB521F82DCA97A14AA780374CD9AFAF590E40A9"
"Halo4_MuzzleFlash\tags\objects\weapons\support_high\storm_forerunner_incineration_launcher\fx\particles\firing_energy_wave_1p.particle","19348","37D200B4A3373D1F51E0BD9C0FB2DD1A7572DD27FD8DF570E8E366525D4CA00B"
"Halo4_MuzzleFlash\tags\objects\weapons\support_high\storm_forerunner_incineration_launcher\fx\particles\firing_energy_wave_front_3p.particle","20625","6888556AEC180371B7D55B0C7B282B13691ED280D2A808E1710BC2E53CAFB968"
"Halo4_MuzzleFlash\tags\objects\weapons\support_high\storm_forerunner_incineration_launcher\fx\particles\firing_energy_wave_side_3p.particle","20625","00C11EBF999DBC7CA7566D29592B0FDA0C1051E4EFC7BFA117FA6A63B3B8A983"
"Halo4_MuzzleFlash\tags\objects\weapons\support_high\storm_forerunner_incineration_launcher\fx\particles\firing_muzzle_flash_1p.particle","17630","05797CF4F0593C79E0A6BF96E97F9C58E82FE4EDEC31F84E7351C2D1DCD1C563"
"Halo4_MuzzleFlash\tags\objects\weapons\support_high\storm_forerunner_incineration_launcher\fx\particles\firing_muzzle_rings_large_1p.particle","17655","265E1959F93960448F8E8B42502543981A872B5B3A4E27AD3BDB5BFD0FAF54E6"
"Halo4_MuzzleFlash\tags\objects\weapons\support_high\storm_forerunner_incineration_launcher\fx\particles\firing_muzzle_rings_small_1p.particle","18665","23D777830DCF836416F04BA3FB00EEF0E9ADD41A1C61F7183C65F026259EACF4"
"Halo4_MuzzleFlash\tags\objects\weapons\support_high\storm_forerunner_incineration_launcher\fx\particles\firing_top_plate_1p.particle","17677","EC23AE4C51330DEA3E0B5B3B016E8A1CA41B25E9A496270A1F02AD576C0C62F2"
"Halo4_MuzzleFlash\tags\objects\weapons\support_high\storm_forerunner_incineration_launcher\fx\particles\firing_top_plate_slide_1p.particle","17683","E56E71E2F05FF5C6796B542ED0041A6919A30D6A94EDFE7DC58500149D04F7B6"
"Halo4_MuzzleFlash\tags\objects\weapons\support_high\storm_forerunner_incineration_launcher\fx\particles\firing_vent_1p.particle","17672","29CD39AEB3AD0EF5139C90316AA8AE4D2B6C2D0CC7B305688A374FA9CBFD78EF"
"Halo4_MuzzleFlash\tags\objects\weapons\support_high\storm_forerunner_incineration_launcher\fx\parts\muzzle_flash_1p.cheap_light","2827","E10579EEE5AC6FAE9B7D35C47B1A7FC8E8E4ED5F5B8E47CE58E3B7F5B5CADD72"
"Halo4_MuzzleFlash\tags\objects\weapons\support_high\storm_forerunner_incineration_launcher\storm_forerunner_incineration_launcher.render_model","1842895","DE174D04ECD49411B3A9665D930DBFEF0265829A734CD091F8B6C3A3CC9F984A"
"Halo4_MuzzleFlash\tags\objects\weapons\support_high\storm_forerunner_incineration_launcher\storm_forerunner_incineration_launcher.weapon","44596","968944AB536BB7638E5E3ECB76C52F71329A5706419A1E8EB996CA160D1A5E97"
"Halo4_MuzzleFlash\tags\objects\weapons\support_high\storm_fuel_rod_cannon\fx\firing.effect","89997","D308C08884031A4D7E8442647B8970598A9E931FE6D53CE0F20EE7AB3F225254"
"Halo4_MuzzleFlash\tags\objects\weapons\support_high\storm_fuel_rod_cannon\fx\particles\muzzle_flash_long_soft.particle","17074","6560DB1A8D7B83E82EF06F40A776D66FAB57AA0F0B1903C12BB0DD397D4799DA"
"Halo4_MuzzleFlash\tags\objects\weapons\support_high\storm_fuel_rod_cannon\fx\particles\muzzle_flash_long.particle","18569","FE4B0F1BF9DBCFD27BB10DB1975DC1AE0F86FCE5A1DA25CB6E43835494B18098"
"Halo4_MuzzleFlash\tags\objects\weapons\support_high\storm_fuel_rod_cannon\fx\particles\muzzle_flash_round.particle","17768","081098E81D8F6BD005E10E60BA42DED45C1D1353E9C6C999710EBBE1FC42EABF"
"Halo4_MuzzleFlash\tags\objects\weapons\support_high\storm_fuel_rod_cannon\storm_fuel_rod_cannon.render_model","1608711","A8C8A6FF53EE9DFD687585E13D6E525E30732398B72C8ED7BF23DE25A356094D"
"Halo4_MuzzleFlash\tags\objects\weapons\support_high\storm_fuel_rod_cannon\storm_fuel_rod_cannon.weapon","42160","84D93651AD11906FD8BA8B291A34CBA550F5C523514D7339C0977930EAB37494"
"Halo4_MuzzleFlash\tags\objects\weapons\support_high\storm_rocket_launcher\fx\firing.effect","69791","6ED81664A04774F53B3B8757F13BC550F3A57F61B3508CB1B2938F52370C0BDB"
"Halo4_MuzzleFlash\tags\objects\weapons\support_high\storm_rocket_launcher\fx\particles\backwash_fire.particle","19997","EAE374C0C15FFB2C83B0332A17316592997D48F982186A6EACE0E9B8F98392E6"
"Halo4_MuzzleFlash\tags\objects\weapons\support_high\storm_rocket_launcher\fx\particles\burst_spray.particle","17050","0D8C4A5061D72B6DB7C3CA73E3ED254E1A182A10A37744C2055994C5EEE214A3"
"Halo4_MuzzleFlash\tags\objects\weapons\support_high\storm_rocket_launcher\fx\particles\firing_smoke.particle","20792","A4B6013AEA955557F3C0E1966DFA574E6AC7578926328B869A3CB9F17245EAD8"
"Halo4_MuzzleFlash\tags\objects\weapons\support_high\storm_rocket_launcher\fx\particles\muzzle_flash_long.particle","17808","74AB1F25E828C61EDB695ACEDE1324CBFA4D92621FA387932C4D18EBD3518F49"
"Halo4_MuzzleFlash\tags\objects\weapons\support_high\storm_rocket_launcher\fx\particles\muzzle_flash_round.particle","18931","62652C4E454A9BE314EBE9A97D4CCFBEF5C48351166D81BCA6A2669F0B463F49"
"Halo4_MuzzleFlash\tags\objects\weapons\support_high\storm_rocket_launcher\storm_rocket_launcher.render_model","1283640","A6BA1E0053C869B9A30C02519872271B1ABF8447FC6A747B3750AEE235879333"
"Halo4_MuzzleFlash\tags\objects\weapons\support_high\storm_rocket_launcher\storm_rocket_launcher.weapon","41975","A40A704254C1628EED48744B4BBEC53E791D14622DE74C447F09CC461A5A3897"
"Halo4_MuzzleFlash\tags\objects\weapons\support_high\storm_spartan_laser\fx\firing_tracer.effect","16406","1865ED95056D5073470DFCBD2FBFB59AAE738944D9E7A4C9B7B46F4DD9197E61"
"Halo4_MuzzleFlash\tags\objects\weapons\support_high\storm_spartan_laser\fx\firing.effect","95263","0BEF41DBACB9DE6CA550E4AE893EAE6EA4EBF6997D108584CF4E390185798E2D"
"Halo4_MuzzleFlash\tags\objects\weapons\support_high\storm_spartan_laser\fx\particles\charging_starburst.particle","21677","A49419AFB21549C9A032174B09AE188B7CDAC773BCF7BE2ED6A34D7A999A2ECC"
"Halo4_MuzzleFlash\tags\objects\weapons\support_high\storm_spartan_laser\fx\particles\firing_glow.particle","21193","466898EAD998772E6F43AD931F501AAB1F1444A8F9A1E0262F6E88C5036DE797"
"Halo4_MuzzleFlash\tags\objects\weapons\support_high\storm_spartan_laser\fx\particles\firing_starburst.particle","16302","A3BD4C428797C277D4FEB1B62EBF5247D1776BE50E8ECC57B8583AA4D9BBF35D"
"Halo4_MuzzleFlash\tags\objects\weapons\support_high\storm_spartan_laser\fx\particles\post_fire_heat_distort.particle","18467","BB43FCE6C6A3BDF5FA4997F6E17D4FCF7E61FC17B2FDA1A865EB2B58BF862001"
"Halo4_MuzzleFlash\tags\objects\weapons\support_high\storm_spartan_laser\storm_spartan_laser.render_model","1865016","DB541A671606ADFFAF049BB323FFB93A1CA122DD2A18D54054B969EF1F42C234"
"Halo4_MuzzleFlash\tags\objects\weapons\support_high\storm_spartan_laser\storm_spartan_laser.weapon","46203","FA74A779ACDC23BA49CD98C13A678BF7289EA87DF6FCAC457EBCB28F6DDF1E3F"
"Halo4_MuzzleFlash\tags\shaders\default_bitmaps\bitmaps\color_white.bitmap","12744","3D7983F08A1057A3D07D7B5C786DFB01269FF057455C923B23ED6525A0C024D4"
"Halo4_MuzzleFlash\tags\sound\weapons\target_laser\fire_locator.effect","13487","730D7191E351C46F975250DBEE7EE44E8C2DC64F22AECB2F87CC220B5396E21B"
"Halo4_MuzzleFlash\textures_exported\fx\bitmaps\2d\alphas\horizontal_grad_01_00_00.tga","8236","DF83F9DE030237ACF1D7F6EC773A750ADC374D89F52905A37F579B0E0686622E"
"Halo4_MuzzleFlash\textures_exported\fx\bitmaps\2d\caustics\caustics_04_00_00.tga","262188","17E138DA5BA7559FA8ECEA5B27ACDB89CACA7C97E94D05CA332A209397C70EC6"
"Halo4_MuzzleFlash\textures_exported\fx\bitmaps\2d\clouds\cloud_07_00_00.tga","262188","DB04FA4267BB97194E1618B8272FD5ECB63B53A734C153550987B68D51792A30"
"Halo4_MuzzleFlash\textures_exported\fx\bitmaps\2d\clouds\cloud_07_small_00_00.tga","65580","64A91458E85CE04751CB5FC5AE152110B3F45D8BA3DDDAC831D7A5344BC53C6F"
"Halo4_MuzzleFlash\textures_exported\fx\bitmaps\2d\clouds\smoke_large_01_00_00.tga","262188","9DFEECD1AD85D51B3436C98D11E66569C2240E6A70B67EBAE06C5A27569E7FD7"
"Halo4_MuzzleFlash\textures_exported\fx\bitmaps\2d\clouds\soft_smoke_small_fix_00_00.tga","262188","56EBE211D86B782A9AFAD61AF1903D3283A273C688529442AD171DD1E1514F9C"
"Halo4_MuzzleFlash\textures_exported\fx\bitmaps\2d\energy\energy_swirl_02_00_00.tga","262188","B312FDFDEBE21BB20CEB00A0D7D2D7A35C69A9B0A59C0641C57FBAD5CC2F23E7"
"Halo4_MuzzleFlash\textures_exported\fx\bitmaps\2d\energy\energy_wisps_01_00_00.tga","1048620","FA4D9C22E108F81280F1239291FA3F34C063EE930D201F2456A9B94E61AF3AB9"
"Halo4_MuzzleFlash\textures_exported\fx\bitmaps\2d\energy\plasma_cloud_01_00_00.tga","262188","7EB34A810D5E69A5542480BED13FA8C48A577C8F7314CFF2F656174E5D29DF38"
"Halo4_MuzzleFlash\textures_exported\fx\bitmaps\2d\energy\plasma_cloud_02_00_00.tga","262188","2265195DF32049A7674F33907C99F362B06744488B6C946212DC69FCF028B4A9"
"Halo4_MuzzleFlash\textures_exported\fx\bitmaps\2d\flare\elliptical_glow_00_00.tga","131116","432721D8708568E8AAF6CBC93FBD11FC24C946BE2D3ACC6E760FA89C27330D2D"
"Halo4_MuzzleFlash\textures_exported\fx\bitmaps\2d\flare\flare_g_ray_vert_diff_00_00.tga","131116","253F9CE8FA7F7BAC6BC83CFBC4FC0DEBA59419BDE40C721DEA9E74433EFA6B47"
"Halo4_MuzzleFlash\textures_exported\fx\bitmaps\2d\flare\forerunner_lenseflare_00_00.tga","1048620","B9DB381573466E1688F1B9FC698708164E5BA020255C3B13A3111B776FFAD87F"
"Halo4_MuzzleFlash\textures_exported\fx\bitmaps\2d\flare\forerunner_lensreflection_00_00.tga","131116","8E1EFB51D2FD67ADDAE88213FDE98F5A3BCF16D58AF93DEC77F082804445E944"
"Halo4_MuzzleFlash\textures_exported\fx\bitmaps\2d\flare\starburst_02_00_00.tga","262188","2FB8AEAD9CAD95F60BD05EFBBC5A1B318F248E9028434F5B87FD48A3E960591B"
"Halo4_MuzzleFlash\textures_exported\fx\bitmaps\2d\flare\starburst_03_00_00.tga","262188","6426C68A53BC7F11D240820721EB9AEFB98B54D8D3367357287712785A09CECE"
"Halo4_MuzzleFlash\textures_exported\fx\bitmaps\2d\flare\starburst_04_00_00.tga","262188","DD2A7F3E05E67B73F1B728CC032E72FAC516A0FD5CCA96698A7032DF341EE6CF"
"Halo4_MuzzleFlash\textures_exported\fx\bitmaps\2d\flare\starburst_05_00_00.tga","1048620","74F9EDFD3AEC7E70AEB7D595FFB2151B2863B3054D1871B944E62760912EF58F"
"Halo4_MuzzleFlash\textures_exported\fx\bitmaps\2d\flare\starburst_07_00_00.tga","262188","EA6ED5F30982E52E7354E2A99E5902C122A8BC8C4884305320C6755E6703BFED"
"Halo4_MuzzleFlash\textures_exported\fx\bitmaps\2d\flare\starburst_09_00_00.tga","524332","3CC9A606682581070081DB4C15906848E92AF2573A7E42D413A5955C80278C07"
"Halo4_MuzzleFlash\textures_exported\fx\bitmaps\2d\flare\streak_05_00_00.tga","131116","30E46416CC44C04C9009E136DD6A63B5CAC7A9C4A58AB37DAB687D44E43A3F42"
"Halo4_MuzzleFlash\textures_exported\fx\bitmaps\2d\glows\flash_streaks_00_00.tga","262188","B8DE2685DB8324FA1FB055FF03E76B7760E8036206B596A178429FC06E37C00D"
"Halo4_MuzzleFlash\textures_exported\fx\bitmaps\2d\glows\glow_disc_1_00_00.tga","1048620","7689C6904509345228A86A3E1E4C6295987AE6D0DC0967867332F8566B3359A6"
"Halo4_MuzzleFlash\textures_exported\fx\bitmaps\2d\glows\glow_soft_00_00.tga","262188","23A07007FDD283D9200B01C9B72853341A44210D670EA9DD29F274ADB639773D"
"Halo4_MuzzleFlash\textures_exported\fx\bitmaps\2d\shapes\soft_fill_01_00_00.tga","262188","A0D1D5882DF0503D1270A85FAF2D0A2B3DB8C5E6C5823CCFD363210D5C3F7E90"
"Halo4_MuzzleFlash\textures_exported\fx\bitmaps\2d\weapon_fire\forerunner_rifle_muzzleflash_00_00.tga","1048620","4B6D0F84029FBCDAAEC318EA8DA68454093191CF4111306B99370383AAF0E975"
"Halo4_MuzzleFlash\textures_exported\fx\bitmaps\2d\weapon_fire\fr_bolt_pistol\fr_bolt_pistol_muzzle_flash_diamond_00_00.tga","65580","ECB72F462F431BA6778875970AA272AD3B009C10A6330CFDB5E706AE93571B41"
"Halo4_MuzzleFlash\textures_exported\fx\bitmaps\2d\weapon_fire\fr_bolt_pistol\fr_bolt_pistol_ring_small1_00_00.tga","65580","B8A9260412CDDFFEB6676B3FCE0493B3CC80CCD4E0D735B245CBA5C10D7AB3A1"
"Halo4_MuzzleFlash\textures_exported\fx\bitmaps\2d\weapon_fire\fr_bolt_pistol\fr_bolt_pistol_ring_small2_00_00.tga","65580","05E2E3571DAD30A14FDC062F8F965FE77F0F189478DFD2D20C27EB4297D2227B"
"Halo4_MuzzleFlash\textures_exported\fx\bitmaps\2d\weapon_fire\fr_incineration_launcher\fr_incin_back_plate_00_00.tga","65580","99962E0B98385249AD7684B93A890A20DD98EF61B5C84B87ED1A27AB470C2B29"
"Halo4_MuzzleFlash\textures_exported\fx\bitmaps\2d\weapon_fire\fr_incineration_launcher\fr_incin_barrel_00_00.tga","65580","93B2AAC9631A80FA337EA5B500A79094FA7B92EB02F356108E124AD2F3C98196"
"Halo4_MuzzleFlash\textures_exported\fx\bitmaps\2d\weapon_fire\fr_incineration_launcher\fr_incin_barrel_slide_00_00.tga","32812","B2EDEC5267776AF7188BDA8A07B6CA9D3EC6F0EA19EA7894C6E1A4BFD50755E8"
"Halo4_MuzzleFlash\textures_exported\fx\bitmaps\2d\weapon_fire\fr_incineration_launcher\fr_incin_top_plate_00_00.tga","131116","9CEC578822B160DD64F745CC5ADD93B5E6D40883727A473949FEC057C22CF8D5"
"Halo4_MuzzleFlash\textures_exported\fx\bitmaps\2d\weapon_fire\fr_incineration_launcher\fr_incin_top_plate_slide_00_00.tga","16428","F947EEA91945BECE60ABB210B7B76CDF39AD16D1D47229CAA04C6C41AB3E4D76"
"Halo4_MuzzleFlash\textures_exported\fx\bitmaps\2d\weapon_fire\fr_incineration_launcher\fr_incin_vent_00_00.tga","32812","332B68AA8C90AAAB3803E841C1F2FFCCF220A3426A1F30F8E059220C0DB89C10"
"Halo4_MuzzleFlash\textures_exported\fx\bitmaps\2d\weapon_fire\fr_muzzle_flash_00_00.tga","131116","462D7986501EAFBA467CBA531A8BC06C7B881A59A095981479576D2235C9914E"
"Halo4_MuzzleFlash\textures_exported\fx\bitmaps\2d\weapon_fire\fr_muzzle_flash_out_00_00.tga","131116","20895BF428476B6259444B78FFCEAF3EF372EDF2CDDE264A1F25E14E1A5D6C84"
"Halo4_MuzzleFlash\textures_exported\fx\bitmaps\2d\weapon_fire\fr_muzzle_flash_ring1_00_00.tga","262188","6C2FCF1757E250039E47B514A75FDEE4500AD835C66800F9E645802261D01651"
"Halo4_MuzzleFlash\textures_exported\fx\bitmaps\2d\weapon_fire\fr_muzzle_flash_ring2_00_00.tga","65580","A7C6EBBA5AFC93505F2F79181441D0A4605EF6C966A10B006D2802512D71136A"
"Halo4_MuzzleFlash\textures_exported\fx\bitmaps\2d\weapon_fire\fr_rifle_hard_light\fr_rifle_hardlight_muzzle_front_00_00.tga","524332","82817292F22ADCB34928D5A56660E9AF1DD326712110A8985A03B2008432A934"
"Halo4_MuzzleFlash\textures_exported\fx\bitmaps\2d\weapon_fire\fr_rifle_muzzle_flare_glow_00_00.tga","524332","25028E88ECEDAE3E07C5568E6625B1CB7CC6CB7305D50556F6D27F43922EBBF7"
"Halo4_MuzzleFlash\textures_exported\fx\bitmaps\2d\weapon_fire\fr_rifle_muzzle_flare_shape_00_00.tga","524332","B10E9C226B3AC8F6E23534B85C2F20B28EDE770F47A91B4C5CBB16994885A64D"
"Halo4_MuzzleFlash\textures_exported\fx\bitmaps\2d\weapon_fire\fr_smg_hard_light\fr_smg_front_plate_00_00.tga","16428","5068ED752A7DCDAE89C7ED6CA3194B397E6619F92DFE41F1DFBD5FCE11FDC099"
"Halo4_MuzzleFlash\textures_exported\fx\bitmaps\2d\weapon_fire\fr_sniper_rifle\fr_sniper_rifle_bottom_plate_00_00.tga","32812","BC0EE1D74BEFDF128FBFCF48D9F7E6B90E09167533079CE9F618976B22C338FD"
"Halo4_MuzzleFlash\textures_exported\fx\bitmaps\2d\weapon_fire\fr_sniper_rifle\fr_sniper_rifle_cylinder_00_00.tga","16428","C8C4FFF4DA84CF513A179AF82D90A36B08B2C8247029D08E71F41AE57448279A"
"Halo4_MuzzleFlash\textures_exported\fx\bitmaps\2d\weapon_fire\fr_sniper_rifle\fr_sniper_rifle_front_plate_00_00.tga","32812","6F4CD1578E826A29F0F5FA8D9EA0398413D0DBC3DD87AF7051C8F2463D2C5E1F"
"Halo4_MuzzleFlash\textures_exported\fx\bitmaps\2d\weapon_fire\fr_sniper_rifle\fr_sniper_rifle_muzzle_flash_diamond_00_00.tga","131116","1B76C1EF4275C852DE0DBAA8993DA61214ADB8EA9A45C0DD6F695066388A7E36"
"Halo4_MuzzleFlash\textures_exported\fx\bitmaps\2d\weapon_fire\fr_sniper_rifle\fr_sniper_rifle_top_plate_00_00.tga","65580","450D4006C715F13C57DB803C9C06543EE1E4770C386CE1BC461C34A5DC43FB0E"
"Halo4_MuzzleFlash\textures_exported\fx\bitmaps\2d\weapon_fire\fr_sniper_rifle\fr_sniper_rifle_top_plate_slide_00_00.tga","32812","B0413D9A129F63D8B3B187026FD5E96424A02C59F262E4DA3034619D238290E7"
"Halo4_MuzzleFlash\textures_exported\fx\bitmaps\2d\weapon_fire\fr_spread_gun_front_rail_00_00.tga","65580","EFF5BB61C3ACDCD0E130888442814C2BB9EA260581C477942D735410D108702F"
"Halo4_MuzzleFlash\textures_exported\fx\bitmaps\2d\weapon_fire\fr_spread_gun_mid_rail_00_00.tga","65580","13C0A0DD5F98796156457E54C63BE9317557598912EDEFD467ECEAA8D76B303B"
"Halo4_MuzzleFlash\textures_exported\fx\bitmaps\2d\weapon_fire\fr_spread_gun_slide_00_00.tga","65580","D21FD9B273F665DC6B71678233C826B45155E5BED015D80FC4D6699D7B2BA29F"
"Halo4_MuzzleFlash\textures_exported\fx\bitmaps\2d\weapon_fire\laser_starburst_00_00.tga","65580","BCF2C08E36E8001E0DE5CB2CAEAF58B3A22103757C9C0211550915DC4E750F4B"
"Halo4_MuzzleFlash\textures_exported\fx\bitmaps\2d\weapon_fire\rail_gun_sonic_ring_00_00.tga","65580","4E35F410E83039710F73CDD8098CA099416158D43F0264FEC88D3AAB9740A65D"
"Halo4_MuzzleFlash\textures_exported\fx\bitmaps\3d\energy\energy_muzzleflash_long_00_00.tga","262188","A26E2A197577817E70E52347D654D54394816BB6666C3A586E4BD1271CF4808E"
"Halo4_MuzzleFlash\textures_exported\fx\bitmaps\3d\energy\energy_muzzleflash_long_00_01.tga","262188","2ED06EAE395AA3B912EB5B421DE4B907EE6C3D9BADC3891674FF45EA721CB530"
"Halo4_MuzzleFlash\textures_exported\fx\bitmaps\3d\energy\energy_muzzleflash_long_00_02.tga","262188","7DFDD143FA97F4C7744940C89A926400F397EA303DEE68A4DAD0897744D92456"
"Halo4_MuzzleFlash\textures_exported\fx\bitmaps\3d\energy\energy_muzzleflash_long_00_03.tga","262188","CAAB08CB3A827397ECEE02A55725B4A666CA9ECE7C9AD080C747ECA543ED520D"
"Halo4_MuzzleFlash\textures_exported\fx\bitmaps\3d\energy\energy_vapor_01_00_00.tga","65580","7A30101BD7AA2E4C1AEFE7FBA4250BADB089D6D9C1D7843F77B68CEA9254A3F7"
"Halo4_MuzzleFlash\textures_exported\fx\bitmaps\3d\energy\energy_wisps_3d_00_00.tga","262188","9ABBB68AF2A7E42ACA8C6B77B9AC8A8A605FDB42B1030BE04137FD00104DA278"
"Halo4_MuzzleFlash\textures_exported\fx\bitmaps\3d\weapons\fr_weapon_tech_bits_00_00.tga","16428","62C78EC2347177DC2B04EB30B0C9CFFAEDF08D5C4154F6F7C31B441C3E41477B"
"Halo4_MuzzleFlash\textures_exported\fx\bitmaps\3d\weapons\fr_weapon_tech_bits_00_01.tga","16428","9C196F5FE065EF8BA6361A51A2303F398891D264D7503FFE338AC3CE144D0570"
"Halo4_MuzzleFlash\textures_exported\fx\bitmaps\3d\weapons\fr_weapon_tech_bits_00_02.tga","16428","B169AFCD5F5174468C70F7CC642089516B4F599D184207CA5595046F073943B7"
"Halo4_MuzzleFlash\textures_exported\fx\bitmaps\3d\weapons\fr_weapon_tech_bits_00_03.tga","16428","4C5086C5CF6B90925664D34A464AB2555B71EBA585CEB174D55E4D9129CBED11"
"Halo4_MuzzleFlash\textures_exported\fx\bitmaps\distortion\distortion_forerunner_projectile_00_00.tga","524332","ADA2CA4F333009179F998E9BB55A42B92456C75C94168472F304F62963B0DFDA"
"Halo4_MuzzleFlash\textures_exported\fx\bitmaps\distortion\distortion_plasma_ball_00_00.tga","262188","535E52E290207B404A0B025A7905B25F2474A43EB4F92E91BA783DB5971ED816"
"Halo4_MuzzleFlash\textures_exported\fx\bitmaps\distortion\fire_seamless_distortion_01_00_00.tga","262188","B0BF8BD48D58DF91FD9DCB29857D4794600105C724163717168E5651B0EFCB28"
"Halo4_MuzzleFlash\textures_exported\fx\bitmaps\gradient\grad_anim_hot_blue_diff_00_00.tga","16428","A9F8F551864C28AA342BD713A5DDC54FEE1E742CB70D01B1082650BD51C39A1B"
"Halo4_MuzzleFlash\textures_exported\fx\bitmaps\gradient\grad_bishop_glow_00_00.tga","4140","CEEB45C7018C8E47601980A2C8DBE1C27BD74E1C1E852BC7389CD64B6B1C7BB1"
"Halo4_MuzzleFlash\textures_exported\fx\bitmaps\gradient\grad_bluelight_1_00_00.tga","4140","56A50EBA8D4E36DBD01316D2899C88C935F1A34BCA7D975AE3ACA88FECDE0F80"
"Halo4_MuzzleFlash\textures_exported\fx\bitmaps\gradient\grad_covenant_carbine_muzzle_flash_00_00.tga","556","D446E486843546DF669CB9E18BF54F814099B00BA7181556D08DF7AEF8E50FF8"
"Halo4_MuzzleFlash\textures_exported\fx\bitmaps\gradient\grad_didact_red_00_00.tga","4140","87CD6736B17FC6536DF4FB3B8ED0BAB6DF5FA65E5F0CC4F783553E29C25BAEF1"
"Halo4_MuzzleFlash\textures_exported\fx\bitmaps\gradient\grad_digital_00_00.tga","4140","1863948CB2AE316CF186C4AF230EFB8797C19A82B3E5B1A6ABDC99BA2421F3E6"
"Halo4_MuzzleFlash\textures_exported\fx\bitmaps\gradient\grad_forerunner_hardlight_rifle_00_00.tga","4140","D7B25F3444F7A140BBC333805914F88828E021DB5601376451C38453502C8DBE"
"Halo4_MuzzleFlash\textures_exported\fx\bitmaps\gradient\grad_forerunner_heat_00_00.tga","4140","2E14313A242EEC1B63E2B9B22C9C0D8912ED2C5AF7A1FA7ACF013438CF13358F"
"Halo4_MuzzleFlash\textures_exported\fx\bitmaps\gradient\grad_forerunner_muzzle_00_00.tga","1068","FC8E89642213923EC5B9E05AD5ACA65E8A379BC9029A032BF57C942A5B4E176B"
"Halo4_MuzzleFlash\textures_exported\fx\bitmaps\gradient\grad_forerunner_muzzle_incinerator_00_00.tga","1068","7CCC23D092C896AE09E8D82338787CE5F2F34E94FA183A8AEC6436C7851A8473"
"Halo4_MuzzleFlash\textures_exported\fx\bitmaps\gradient\grad_forerunner_muzzle_pistol_00_00.tga","556","2FA9F7336FD3B3963EF490B84F03235DD0ECB9963114156EB8BA23F9C4382653"
"Halo4_MuzzleFlash\textures_exported\fx\bitmaps\gradient\grad_forerunner_muzzle_smg_00_00.tga","1068","17D4FB88D30F083273BF8CFEC544BD8939C79E27F854B008C7A14D8E18AC9399"
"Halo4_MuzzleFlash\textures_exported\fx\bitmaps\gradient\grad_forerunner_muzzle_sniper_00_00.tga","4140","60F5503089C15D58BEDCEABE5C5F39B207546B7437E9B1AC86ECA527314ED276"
"Halo4_MuzzleFlash\textures_exported\fx\bitmaps\gradient\grad_forerunner_muzzle_spread_00_00.tga","556","860026E022F92EC2DB4A7E711E98F19718098CD668731284F130CC5C7E893BA6"
"Halo4_MuzzleFlash\textures_exported\fx\bitmaps\gradient\grad_hot_blue_00_00.tga","4140","A154BE6949F21F8DBCA00719A697BF214384F6CEF76B9484BF04EF62FAC59898"
"Halo4_MuzzleFlash\textures_exported\fx\bitmaps\gradient\grad_laser_red_00_00.tga","4140","91355EB64CCD78392E30CF710871B29AA9A71A2B27EA5A5C6354F063342420B2"
"Halo4_MuzzleFlash\textures_exported\fx\bitmaps\gradient\grad_plasma_blue_00_00.tga","131116","28B840FD1C1E49BAA68597E5DD282A53211C77657E5528EA24FFBF4885A37710"
"Halo4_MuzzleFlash\textures_exported\fx\bitmaps\gradient\grad_plasma_blue_thin_00_00.tga","131116","1E08A9D943FE2E895578DF6243785C62DAFA3DF018141F62B31D245E9945A6B0"
"Halo4_MuzzleFlash\textures_exported\fx\bitmaps\gradient\grad_purple_carbine_00_00.tga","2092","017F6405FF502C0E621AF7CE134B7A2A4E4BFCE33437F7CE6493EC46D9BB9AB5"
"Halo4_MuzzleFlash\textures_exported\fx\bitmaps\gradient\grad_spark_00_00.tga","8236","815989302D84C03979E3E586B955A414C78FF495D4790048CF14D62C10C21CCA"
"Halo4_MuzzleFlash\textures_exported\fx\reach\bitmaps\atmospheric_rolling\rolling_smoke_plate_00_00.tga","262188","F70DEC8010C5F724A8A948040A141DD382B20DC7E73D3E90933C5F3133C31A21"
"Halo4_MuzzleFlash\textures_exported\fx\reach\bitmaps\atmospheric_rolling\rolling_smoke_plate_00_01.tga","262188","25CB10460681ABC66B192C6C5BE76318139120BEFD5B48F2CCCFFAAEED67C991"
"Halo4_MuzzleFlash\textures_exported\fx\reach\bitmaps\atmospheric_rolling\rolling_smoke_plate_00_02.tga","262188","93A5F3DE9ADFCA5EF978CB69E959A2ABB3FA3A796D39EC10F7C61C58378A3579"
"Halo4_MuzzleFlash\textures_exported\fx\reach\bitmaps\atmospheric_rolling\rolling_smoke_plate_00_03.tga","262188","B76AE508937EEA66C20D81B704AD597D571EA157C7024D39692C24A3A432D78C"
"Halo4_MuzzleFlash\textures_exported\fx\reach\bitmaps\atmospheric\smoke_fiery_small_00_00.tga","262188","E4F6A9F8E85A6D581F40C53771183ED36C013576C73FE447EB95A00999733AA9"
"Halo4_MuzzleFlash\textures_exported\fx\reach\bitmaps\atmospheric\soft_smoke_large_00_00.tga","1048620","7B285D182A1D800DD8479099B54DE27A018553CD1CFFC6D0BB97F78ECFB2A882"
"Halo4_MuzzleFlash\textures_exported\fx\reach\bitmaps\atmospheric\soft_smoke_small_00_00.tga","262188","00FD72052C0BEF6CD94A724F8AF6426E32226E0622D236FE02993FEC802A38D4"
"Halo4_MuzzleFlash\textures_exported\fx\reach\bitmaps\atmospheric\thin_smoke_small_00_00.tga","262188","9985A5A67B41067AC6504CE2153FB49483F4FC3EE535ECF1F82BC4C95C753CAA"
"Halo4_MuzzleFlash\textures_exported\fx\reach\bitmaps\distortion\distortion_ring_00_00.tga","262188","717E8A156D5D3B5B3F8CC0BACB0FDE7B9B70F346D1FCF69203F1A888C0B2DD6D"
"Halo4_MuzzleFlash\textures_exported\fx\reach\bitmaps\distortion\distortion_shimmer_00_00.tga","262188","B83563616EB4F6916CE585AD826D4A8564601587B95829FBC9262C469557AA2C"
"Halo4_MuzzleFlash\textures_exported\fx\reach\bitmaps\fire\fire_burst_med_00_00.tga","1048620","C715B34706D10CC67ED73F10734B6F1A9B8A2EB28C266C0859834C0DAF080653"
"Halo4_MuzzleFlash\textures_exported\fx\reach\bitmaps\fire\fire_clouds_256_00_00.tga","262188","2B8E7A4A9D35E520C22DAAF220514F14EE873F00CFF13C15A84863B8321B6348"
"Halo4_MuzzleFlash\textures_exported\fx\reach\bitmaps\fire\fire_large_00_00.tga","1048620","77A501DBD9115BFEB3C230F5535E3D5165FBDE45C72208C9E13E9B855AE78579"
"Halo4_MuzzleFlash\textures_exported\fx\reach\bitmaps\flash\flash_large_00_00.tga","262188","BC305304BB4E871C1C19243B42D2950BBD103F0FFD2D202812052753ED7F3638"
"Halo4_MuzzleFlash\textures_exported\fx\reach\bitmaps\flash\flash_soft_00_00.tga","262188","8A809FFBA70E17905D016657BA16ED4408CFF6C2769DA6D2794EC0F75DFD1135"
"Halo4_MuzzleFlash\textures_exported\fx\reach\bitmaps\flash\glow_soft_00_00.tga","262188","ACC0A1EAD740C4D140A84FDCE2385FBFFE8CEABD361921CCD434D6B471877805"
"Halo4_MuzzleFlash\textures_exported\fx\reach\bitmaps\lens_flares\anamorphic_flare_00_00.dds","131200","06507294BBC49115C3EB6D374AACAF375CF859A6D7F41AD0BB423B03026D5938"
"Halo4_MuzzleFlash\textures_exported\fx\reach\bitmaps\material\burst_spray_00_00.tga","262188","4B27BC74127DDB5FDC320B8617CA1661A0BEDE0E79E5932F36DBE88749D00FAE"
"Halo4_MuzzleFlash\textures_exported\fx\reach\bitmaps\plasma\plasma_clouds_128_b_00_00.tga","65580","203E21DAF952219D4A14D06FA0CCAC03504978B8E4A5AC331E6753D4D3537EE1"
"Halo4_MuzzleFlash\textures_exported\fx\reach\bitmaps\plasma\plasma_clouds_256_a_00_00.tga","262188","5AEFAA16982F1AA911240B51F15E464402BC3826A0833FC0723C29A86C8095E1"
"Halo4_MuzzleFlash\textures_exported\fx\reach\bitmaps\plasma\plasma_clouds_256_b_00_00.tga","262188","067C5EF124E9CF85B705AB69A25AD4653C269066CB7C7EC059540C8357D79F75"
"Halo4_MuzzleFlash\textures_exported\fx\reach\bitmaps\plasma\plasma_ring_00_00.tga","65580","F7B86EC3D2097CD54BA9AA51E395FB3557A1312A863494E4DF1E58E13558048E"
"Halo4_MuzzleFlash\textures_exported\fx\reach\bitmaps\sparks\spark_burst_small_00_00.tga","65580","1664EFDA7FAECA2531BEC0A9EF9A069EAF9C348CDE90546D7CF734540194357D"
"Halo4_MuzzleFlash\textures_exported\fx\reach\bitmaps\sparks\spark_ember_00_00.tga","16428","095BEDC72E4510A0438314B677894E9F700CA91C39534E05BD8CAEE12BAD5EAB"
"Halo4_MuzzleFlash\textures_exported\fx\reach\bitmaps\weapon_fire\gradients\muzzle_flare_assault_rifle_00_00.tga","4140","68D88BFCD2D3C2D1CB4D5E658BE26CD2D0D02E29FC2B5B15A06A92CBA19F9DBC"
"Halo4_MuzzleFlash\textures_exported\fx\reach\bitmaps\weapon_fire\gradients\muzzle_flare_assault_rifle_long_00_00.tga","4140","115A776844D6344B15A8B77785243468F4495FCA918CD1971374EE47AC5919F7"
"Halo4_MuzzleFlash\textures_exported\fx\reach\bitmaps\weapon_fire\gradients\muzzle_flare_battle_rifle_00_00.tga","4140","9F82A363B71623576E79BF6143C3B0B5B4376F8D6EDA667DAA88289AAFBC3F51"
"Halo4_MuzzleFlash\textures_exported\fx\reach\bitmaps\weapon_fire\gradients\muzzle_flare_concussion_rifle_00_00.tga","1068","9B3749ABAA4FC7386EDBA0C7EB98DF27F1664F3CA982247CC8E1C20995F537B1"
"Halo4_MuzzleFlash\textures_exported\fx\reach\bitmaps\weapon_fire\gradients\muzzle_flare_concussion_rifle_long_00_00.tga","1068","294C7DDA5FEBE52778019C4B3AB20B4CBE3672B913E5279C8BDB30AA5D2541FA"
"Halo4_MuzzleFlash\textures_exported\fx\reach\bitmaps\weapon_fire\gradients\muzzle_flare_flak_cannon_00_00.tga","1068","9B3CD86AC97DA8D5A8BA75F42971538824E1A78436B5817870222F4949E635EC"
"Halo4_MuzzleFlash\textures_exported\fx\reach\bitmaps\weapon_fire\gradients\muzzle_flare_flak_cannon_long_00_00.tga","1068","03CCD4D677EF54FD5402F1C5EC3CE1270659142D9A6970C0A0B08FFEEA1339C4"
"Halo4_MuzzleFlash\textures_exported\fx\reach\bitmaps\weapon_fire\gradients\muzzle_flare_needler_long_00_00.tga","1068","FA01E8BF112DD2AAA3EC0F7B312E19414DF7EF1A5BA705012FF5DDF0506947CE"
"Halo4_MuzzleFlash\textures_exported\fx\reach\bitmaps\weapon_fire\gradients\muzzle_flare_plasma_pistol_00_00.tga","1068","3987B67BFD0EBDB9B2139F9812C0FDFBFA4C085E62E04F4293F1751542CCF178"
"Halo4_MuzzleFlash\textures_exported\fx\reach\bitmaps\weapon_fire\gradients\muzzle_flare_plasma_pistol_long_00_00.tga","1068","38BFD7864A9FEB0450AFAFA588C6606D85B4A1CA001A4AD8C122BAB1AC117896"
"Halo4_MuzzleFlash\textures_exported\fx\reach\bitmaps\weapon_fire\gradients\muzzle_flare_plasma_pistol_long_charged_00_00.tga","1068","93E826CE6144DA2C5749E01277263B53F062396640F523268E6DDDD7897EC6C7"
"Halo4_MuzzleFlash\textures_exported\fx\reach\bitmaps\weapon_fire\gradients\muzzle_flare_plasma_pistol_long_soft_00_00.tga","1068","1D31621F00C45C742FE81F2EE5187C8AEFED0CE477C006C5E2C5DDFF00A2CA7B"
"Halo4_MuzzleFlash\textures_exported\fx\reach\bitmaps\weapon_fire\gradients\muzzle_flare_plasma_rifle_00_00.tga","1068","4FD22E937401485D66B9C9F6163517739A0E82D3A2054C561283D75BCB711AA7"
"Halo4_MuzzleFlash\textures_exported\fx\reach\bitmaps\weapon_fire\gradients\muzzle_flare_plasma_rifle_long_00_00.tga","1068","C0034DB70BC9B96F1F50E69D637DC58593DF6748F89B3B6158FF5906256250C0"
"Halo4_MuzzleFlash\textures_exported\fx\reach\bitmaps\weapon_fire\gradients\muzzle_flare_plasma_turret_00_00.tga","1068","E2F9D9A1AF9D5700F7A4AD1E59DE85270309E4CDB53CC337BC0AA41B92917945"
"Halo4_MuzzleFlash\textures_exported\fx\reach\bitmaps\weapon_fire\gradients\muzzle_flare_plasma_turret_long_00_00.tga","1068","C0034DB70BC9B96F1F50E69D637DC58593DF6748F89B3B6158FF5906256250C0"
"Halo4_MuzzleFlash\textures_exported\fx\reach\bitmaps\weapon_fire\gradients\muzzle_flare_shotgun_00_00.tga","1068","37088272BEBC839A8765928374EA2147A91678EBB34408C2B867CA6215FB0E27"
"Halo4_MuzzleFlash\textures_exported\fx\reach\bitmaps\weapon_fire\muzzle_flash_long_fiery_00_00.tga","1048620","5ECA5B5C26542E60ED30E92F9D44D6988AE3460525252FBF20034BFA74D9CF72"
"Halo4_MuzzleFlash\textures_exported\fx\reach\bitmaps\weapon_fire\muzzle_flash_long_gaseous_00_00.tga","1048620","67300AEDD38F5F7D4D9FA92DFE70D3583BF14F07E118B2472F9E12ED5B4D8661"
"Halo4_MuzzleFlash\textures_exported\fx\reach\bitmaps\weapon_fire\muzzle_flash_long_soft_00_00.tga","262188","9A30A42F27489673DA68CD1FF5D4E13F38DC942FD27CD006F8709FB9F4CFF70F"
"Halo4_MuzzleFlash\textures_exported\fx\reach\bitmaps\weapon_fire\muzzle_flash_round_fiery_00_00.tga","524332","0CEE732598C4915D9CD62D8D41EBF55651C87E0BF7AB8BA847958C9ED3C0BDF5"
"Halo4_MuzzleFlash\textures_exported\fx\reach\bitmaps\weapon_fire\muzzle_flash_round_gaseous_00_00.tga","524332","19853F327939972E0B31F67194807BC841D8BDDDF4EFB4AABAAC7143BBB488D5"
"Halo4_MuzzleFlash\textures_exported\fx\reach\particles\_gradients\fire_00_00.tga","1068","5BFB126DF39780E1165566F6EFAC06CABFAD098FBF07521871E05264F8082A9D"
"Halo4_MuzzleFlash\textures_exported\fx\reach\particles\_gradients\fireball_human_00_00.tga","16428","4FFCCD172F210A69CA541780AC2540389FDE3516D905DB65DFABFECBF77B0860"
"Halo4_MuzzleFlash\textures_exported\fx\reach\particles\_gradients\grayscale_light_00_00.tga","1068","1946E637F6B88B1F0565CB8B2DBA2BDE7E696959DA5D2482936229C51B7E33DC"
"Halo4_MuzzleFlash\textures_exported\fx\reach\particles\_gradients\plasma_blue_01_00_00.tga","4140","E39DFBE11D3B0884527E4B45619A2338CB897CBCC8531DDF2D34DF41FF723679"
"Halo4_MuzzleFlash\textures_exported\fx\reach\particles\plasma\gradients\soft_plasma_blue_00_00.tga","32812","E0165AF3503AD25831DF0A56AB54FB8C13DA82F6DBACA95D2A1703F6BC17BBE4"
"Halo4_MuzzleFlash\textures_exported\fx\reach\particles\plasma\gradients\soft_plasma_green_00_00.tga","16428","69F9648519B851421ABF8E6779D706B987BB99CBF8182471B5E4BE9C5F2B0835"
"Halo4_MuzzleFlash\textures_exported\objects\weapons\pistol\storm_bishop_beam\fx\bsh_distortion_ring_00_00.tga","262188","717E8A156D5D3B5B3F8CC0BACB0FDE7B9B70F346D1FCF69203F1A888C0B2DD6D"
"Halo4_MuzzleFlash\textures_exported\objects\weapons\pistol\storm_bishop_beam\fx\bsh_flash_large_00_00.tga","262188","BC305304BB4E871C1C19243B42D2950BBD103F0FFD2D202812052753ED7F3638"
"Halo4_MuzzleFlash\textures_exported\objects\weapons\pistol\storm_magnum\fx\mag_glow_soft_00_00.tga","262188","ACC0A1EAD740C4D140A84FDCE2385FBFFE8CEABD361921CCD434D6B471877805"
"Halo4_MuzzleFlash\textures_exported\objects\weapons\pistol\storm_magnum\fx\mag_muzzle_flare_magnum_00_00.tga","1068","D6F606EED25207B754BCCE54E8219083CB8DD1B51DB01D82DFFD6248F3D457E0"
"Halo4_MuzzleFlash\textures_exported\objects\weapons\pistol\storm_magnum\fx\mag_muzzle_flash_long_soft_00_00.tga","262188","9A30A42F27489673DA68CD1FF5D4E13F38DC942FD27CD006F8709FB9F4CFF70F"
"Halo4_MuzzleFlash\textures_exported\objects\weapons\pistol\storm_magnum\fx\mag_muzzle_flash_round_gaseous_00_00.tga","524332","19853F327939972E0B31F67194807BC841D8BDDDF4EFB4AABAAC7143BBB488D5"
"Halo4_MuzzleFlash\textures_exported\objects\weapons\pistol\storm_needler\fx\ndl_flash_large_00_00.tga","262188","BC305304BB4E871C1C19243B42D2950BBD103F0FFD2D202812052753ED7F3638"
"Halo4_MuzzleFlash\textures_exported\objects\weapons\pistol\storm_needler\fx\ndl_glow_soft_00_00.tga","262188","ACC0A1EAD740C4D140A84FDCE2385FBFFE8CEABD361921CCD434D6B471877805"
"Halo4_MuzzleFlash\textures_exported\objects\weapons\pistol\storm_needler\fx\ndl_muzzle_flare_needler_00_00.tga","1068","C3DD0CCAF117EBB0458DBADE42B23115F1361C553AEF0B4BBEE218405AA05B83"
"Halo4_MuzzleFlash\textures_exported\objects\weapons\pistol\storm_needler\fx\ndl_muzzle_flare_needler_long_00_00.tga","1068","FA01E8BF112DD2AAA3EC0F7B312E19414DF7EF1A5BA705012FF5DDF0506947CE"
"Halo4_MuzzleFlash\textures_exported\objects\weapons\pistol\storm_needler\fx\ndl_muzzle_flash_long_gaseous_00_00.tga","1048620","67300AEDD38F5F7D4D9FA92DFE70D3583BF14F07E118B2472F9E12ED5B4D8661"
"Halo4_MuzzleFlash\textures_exported\objects\weapons\pistol\storm_needler\fx\ndl_muzzle_flash_long_soft_00_00.tga","262188","9A30A42F27489673DA68CD1FF5D4E13F38DC942FD27CD006F8709FB9F4CFF70F"
"Halo4_MuzzleFlash\textures_exported\objects\weapons\pistol\storm_needler\fx\ndl_muzzle_flash_round_fiery_00_00.tga","524332","0CEE732598C4915D9CD62D8D41EBF55651C87E0BF7AB8BA847958C9ED3C0BDF5"
"Halo4_MuzzleFlash\textures_exported\objects\weapons\pistol\storm_needler\fx\ndl_plasma_ring_00_00.tga","65580","F7B86EC3D2097CD54BA9AA51E395FB3557A1312A863494E4DF1E58E13558048E"
"Halo4_MuzzleFlash\textures_exported\objects\weapons\pistol\storm_sentinel_beam\fx\bsh_distortion_ring_00_00.tga","262188","717E8A156D5D3B5B3F8CC0BACB0FDE7B9B70F346D1FCF69203F1A888C0B2DD6D"
"Halo4_MuzzleFlash\textures_exported\objects\weapons\pistol\storm_sentinel_beam\fx\bsh_flash_large_00_00.tga","262188","BC305304BB4E871C1C19243B42D2950BBD103F0FFD2D202812052753ED7F3638"
"Halo4_MuzzleFlash\textures_exported\objects\weapons\rifle\storm_assault_rifle\fx\ar_muzzle_flash_round_gaseous_00_00.tga","524332","19853F327939972E0B31F67194807BC841D8BDDDF4EFB4AABAAC7143BBB488D5"
"Halo4_MuzzleFlash\textures_exported\objects\weapons\rifle\storm_sniper_rifle\fx\sr_soft_smoke_small_00_00.tga","262188","00FD72052C0BEF6CD94A724F8AF6426E32226E0622D236FE02993FEC802A38D4"
"Halo4_MuzzleFlash\textures_exported\objects\weapons\rifle\storm_stasis_rifle\fx\sts_flash_large_00_00.tga","262188","BC305304BB4E871C1C19243B42D2950BBD103F0FFD2D202812052753ED7F3638"
"Halo4_MuzzleFlash\textures_exported\objects\weapons\rifle\storm_stasis_rifle\fx\sts_glow_soft_00_00.tga","262188","ACC0A1EAD740C4D140A84FDCE2385FBFFE8CEABD361921CCD434D6B471877805"
"Halo4_MuzzleFlash\textures_exported\objects\weapons\rifle\storm_stasis_rifle\fx\sts_muzzle_flash_long_fiery_00_00.tga","1048620","5ECA5B5C26542E60ED30E92F9D44D6988AE3460525252FBF20034BFA74D9CF72"
"Halo4_MuzzleFlash\textures_exported\objects\weapons\rifle\storm_stasis_rifle\fx\sts_muzzle_flash_round_fiery_00_00.tga","524332","0CEE732598C4915D9CD62D8D41EBF55651C87E0BF7AB8BA847958C9ED3C0BDF5"
"Halo4_MuzzleFlash\textures_exported\shaders\default_bitmaps\bitmaps\color_white_00_00.tga","48","6056FC3FE77C468D7FC655B525F271E57D86EAFDF0E02590070E915D68871F90"
"Halo4_Promethean_Weapon_Effects\effect_chain.csv","83920","99B21A6B3B4337680A1D35089A411DDA1CB121B02C70DD239CF08A2FD3FAC2E6"
"Halo4_Promethean_Weapon_Effects\file_manifest.csv","97462","D6B7A28F75A521E0FDFD6DDD376899FA3F9C7EC1F158BD388B473C821BD6C20B"
"Halo4_Promethean_Weapon_Effects\first_person_offsets.csv","1006","A642AE0545D516C013FED2762362E96E2AEB9FD4A9707D5283EA8C2312D9F5D8"
"Halo4_Promethean_Weapon_Effects\marker_transforms.csv","14487","F563834F9642705F81F5380D524E5A2638D51C5C74F72B602248564D39E66013"
"Halo4_Promethean_Weapon_Effects\README.md","580","A3EE4C37F1FAB9614809D359FB8EF1E0A9CE9695373EE50BE1EFE6722641A565"
"Halo4_Promethean_Weapon_Effects\tags\fx\bitmaps\2d\alphas\horizontal_grad_01.bitmap","23624","3E88EE3CAAF61A31756462B6AB78147C2D139B3100AB148649EE5EC0C4A29B31"
"Halo4_Promethean_Weapon_Effects\tags\fx\bitmaps\2d\clouds\soft_smoke_small_fix.bitmap","362256","AE447EE51C91BBB0EA9F0DD3E819E768164139ED60C3DC9D47F879EE2CF2D6AE"
"Halo4_Promethean_Weapon_Effects\tags\fx\bitmaps\2d\energy\energy_wisps_01.bitmap","340380","7D6C616B388E72329E8DBE8349864119A088A44C67B3AA110B4D336D35F671ED"
"Halo4_Promethean_Weapon_Effects\tags\fx\bitmaps\2d\flare\elliptical_glow.bitmap","143772","36139B6FF060DD04488204C2A93B51F576254A84079CCBF68AD32A7F222C5566"
"Halo4_Promethean_Weapon_Effects\tags\fx\bitmaps\2d\flare\flare_g_ray_vert_diff.bitmap","187464","3EE32061C7C9DA7D28D6E40F1411B4859C88A3B35F2A7D338FC3A2E201165C6C"
"Halo4_Promethean_Weapon_Effects\tags\fx\bitmaps\2d\flare\forerunner_lenseflare.bitmap","1061276","EA638342DEE86C396DBA0DBD75475E4EECE6554F817980C5D0313D6A3AB32DCF"
"Halo4_Promethean_Weapon_Effects\tags\fx\bitmaps\2d\flare\forerunner_lensreflection.bitmap","187464","9951F45767E3B8063FA6627D867C85DC57E1345830995A44E4766B6043820E47"
"Halo4_Promethean_Weapon_Effects\tags\fx\bitmaps\2d\flare\starburst_09.bitmap","537148","A4215E2323CD31D109BFE28E27B7D7BC0CBF13356109238E3BB58294419D33A7"
"Halo4_Promethean_Weapon_Effects\tags\fx\bitmaps\2d\flare\streak_05.bitmap","143772","EE964407BE0C74F275FA9C5C4F61D7F3810538767B46F49036CA8CB931F1B7AA"
"Halo4_Promethean_Weapon_Effects\tags\fx\bitmaps\2d\glows\flash_streaks.bitmap","274844","961480D64F6C7581FC7272FBE8AB410FDDFA28E860AB66F4BC0AA42B1D0587FB"
"Halo4_Promethean_Weapon_Effects\tags\fx\bitmaps\2d\glows\glow_soft.bitmap","360892","FE7E8AECB3738396ABA4EF1A3F2BB74973BDF4BA456801EBF4C59911B5BCC9AD"
"Halo4_Promethean_Weapon_Effects\tags\fx\bitmaps\2d\shapes\soft_fill_01.bitmap","360892","EE88C7B6B6BED596A0620B714DCCD09CA35EDF4A79B6F6CA2BF21D0FB60CDD65"
"Halo4_Promethean_Weapon_Effects\tags\fx\bitmaps\2d\weapon_fire\forerunner_rifle_muzzleflash.bitmap","1410808","DA077D564B859A4F7F9BD86CBFC1657F2B6C4BC2C928EF3F0A0614FF1A0DDDE3"
"Halo4_Promethean_Weapon_Effects\tags\fx\bitmaps\2d\weapon_fire\forerunner_rifle_projectile.bitmap","711752","8EA37EF22354F38F6A3A24CCF8FD40589A8A447643F1703B4F296997A9C86724"
"Halo4_Promethean_Weapon_Effects\tags\fx\bitmaps\2d\weapon_fire\fr_bolt_pistol\fr_bolt_pistol_front_rail_bottom.bitmap","143772","AE68EB9B209A9EA4BBB46AB0A5C551827883F532214DA1E354B3A2E4B57D458B"
"Halo4_Promethean_Weapon_Effects\tags\fx\bitmaps\2d\weapon_fire\fr_bolt_pistol\fr_bolt_pistol_front_rail_top.bitmap","78236","30E083646461F4891949AF9774974A566008AE16CD51C5BAD7BE1FB2E6AC7E0E"
"Halo4_Promethean_Weapon_Effects\tags\fx\bitmaps\2d\weapon_fire\fr_bolt_pistol\fr_bolt_pistol_muzzle_flash_diamond.bitmap","100080","86D843D71518BE54708BA18D5F09B9EEC9C2FD0D4EEC453BE14391BA9573DD84"
"Halo4_Promethean_Weapon_Effects\tags\fx\bitmaps\2d\weapon_fire\fr_bolt_pistol\fr_bolt_pistol_ring_small1.bitmap","78236","8047522A6B7EB6B79ACF907C9BE0B7D5EB3C762AD39AFDAEDD23C58B9308B88D"
"Halo4_Promethean_Weapon_Effects\tags\fx\bitmaps\2d\weapon_fire\fr_bolt_pistol\fr_bolt_pistol_ring_small2.bitmap","78236","B1A7B06073934041F2B305CB4769D2569BB888219777DA473CD7FC7861D63F35"
"Halo4_Promethean_Weapon_Effects\tags\fx\bitmaps\2d\weapon_fire\fr_bolt_pistol\fr_bolt_pistol_slide.bitmap","78236","A5946472C436F60B0FB317F9992D9E4FD5D708527E129C05DFCDF83DD29A8761"
"Halo4_Promethean_Weapon_Effects\tags\fx\bitmaps\2d\weapon_fire\fr_bolt_pistol\fr_bolt_pistol_slug_head_glow.bitmap","34544","8F65A39C34768B140EC504A6A37DBBC794D4E23710CF9F966A18307373EA64E3"
"Halo4_Promethean_Weapon_Effects\tags\fx\bitmaps\2d\weapon_fire\fr_bolt_pistol\fr_bolt_pistol_slug_side.bitmap","34544","047C273A0882083CFB06E373BCF39A5A8B30EBE3E439C9B493CD77EEE6D385A4"
"Halo4_Promethean_Weapon_Effects\tags\fx\bitmaps\2d\weapon_fire\fr_incineration_launcher\fr_incin_back_plate.bitmap","78268","3D492E2375D526E10EE1DDB64E3495B2C0542B690C1D629C90AE170AA19FC48A"
"Halo4_Promethean_Weapon_Effects\tags\fx\bitmaps\2d\weapon_fire\fr_incineration_launcher\fr_incin_barrel_slide.bitmap","45500","2B52615BBE127511C6CA55067A80D87171AFE189D18DD3CAA5321D53C26EC16E"
"Halo4_Promethean_Weapon_Effects\tags\fx\bitmaps\2d\weapon_fire\fr_incineration_launcher\fr_incin_barrel.bitmap","78268","FFF194162616561F800B2D1492A2DA6652632D88449A494B38EDA1115EB55C77"
"Halo4_Promethean_Weapon_Effects\tags\fx\bitmaps\2d\weapon_fire\fr_incineration_launcher\fr_incin_top_plate_slide.bitmap","29116","8EA398F8739181FA5EE9570945BA23D8598A698F3BD14C1DFAB3252F4C2C97F4"
"Halo4_Promethean_Weapon_Effects\tags\fx\bitmaps\2d\weapon_fire\fr_incineration_launcher\fr_incin_top_plate.bitmap","143804","27D464B936821851AAC2D1F3468D9B6EABDCA33005E12E737C365E0D4C11B646"
"Halo4_Promethean_Weapon_Effects\tags\fx\bitmaps\2d\weapon_fire\fr_incineration_launcher\fr_incin_vent.bitmap","45468","3AA2B3B26301C3C9D6475C45FB6345B78801F60B4021966CF16B2C5DEC69DD80"
"Halo4_Promethean_Weapon_Effects\tags\fx\bitmaps\2d\weapon_fire\fr_muzzle_flash_out.bitmap","187464","6BB5579C1F56944445948AA45E4F98AA52668A8C75342DBB2EE1EC323318A7B6"
"Halo4_Promethean_Weapon_Effects\tags\fx\bitmaps\2d\weapon_fire\fr_muzzle_flash_ring1.bitmap","274844","2D2C953D16180792B0869C66EF87BEE425ABCF6D0E4896F1329BD2AA9F2BED7B"
"Halo4_Promethean_Weapon_Effects\tags\fx\bitmaps\2d\weapon_fire\fr_muzzle_flash_ring2.bitmap","78236","1FF2648F5ABDDF1E69D50C1F3D31F1101AA5ABDA267EC1330025D5157A0E29AE"
"Halo4_Promethean_Weapon_Effects\tags\fx\bitmaps\2d\weapon_fire\fr_muzzle_flash.bitmap","187464","3B69A4C2377FC10579B4BC791CAD6439494B70F8FDAA353598E815B323426B49"
"Halo4_Promethean_Weapon_Effects\tags\fx\bitmaps\2d\weapon_fire\fr_rifle_hard_light\fr_rifle_hardlight_front_main.bitmap","143772","E1D000270AD7A27A71B228D7D8BA62B1559052E6F1DDB63FCC6466FAC457EDF3"
"Halo4_Promethean_Weapon_Effects\tags\fx\bitmaps\2d\weapon_fire\fr_rifle_hard_light\fr_rifle_hardlight_iris_blade.bitmap","274844","99E5457674E89F704D42ADA99A21A720ADCE21380EE877A6EDAD9E90C5311C18"
"Halo4_Promethean_Weapon_Effects\tags\fx\bitmaps\2d\weapon_fire\fr_rifle_hard_light\fr_rifle_hardlight_lower_accent.bitmap","78236","DAE3FF22D197BBFE0CA131642C5E0275457C4749C53CE5650F7F97DE53C1FB95"
"Halo4_Promethean_Weapon_Effects\tags\fx\bitmaps\2d\weapon_fire\fr_rifle_hard_light\fr_rifle_hardlight_muzzle_front.bitmap","536988","DB68647B1B48D0650B79904D5B3B0845E3B2889A4E847159741EB55185F0060A"
"Halo4_Promethean_Weapon_Effects\tags\fx\bitmaps\2d\weapon_fire\fr_rifle_hard_light\fr_rifle_hardlight_rear_main_new.bitmap","143772","3077DB1CBA9946A1CD67265149C61084CB7DECCA75AFC085C1AD42120630FCD4"
"Halo4_Promethean_Weapon_Effects\tags\fx\bitmaps\2d\weapon_fire\fr_rifle_hard_light\fr_rifle_hardlight_rear_recoil_accent.bitmap","16796","A4CAD429580CE2DA1765111C968812BF22677EF5ACE07B1FE81BEC6EC3848C74"
"Halo4_Promethean_Weapon_Effects\tags\fx\bitmaps\2d\weapon_fire\fr_rifle_hard_light\fr_rifle_hardlight_rear_recoil.bitmap","78236","D988F0FF398F5EB82E75ADEBB3F3892E3773AD1D185BA51F3AF285269D07AC2F"
"Halo4_Promethean_Weapon_Effects\tags\fx\bitmaps\2d\weapon_fire\fr_rifle_hard_light\fr_rifle_hardlight_scope_front.bitmap","143772","F039245A76B6177BD2633104244EA40FDD747862F6179EBD62FF74C3513ED0F7"
"Halo4_Promethean_Weapon_Effects\tags\fx\bitmaps\2d\weapon_fire\fr_rifle_muzzle_flare_glow.bitmap","711752","10CDC60CD4738EBD27363A5BD2C44DFC1ADFC65406B8DD58F10CD36735254651"
"Halo4_Promethean_Weapon_Effects\tags\fx\bitmaps\2d\weapon_fire\fr_rifle_muzzle_flare_shape.bitmap","711752","7086D39FFA8BD858A1836F0D9517D40A1500D2C945C755837AD72D244B56892F"
"Halo4_Promethean_Weapon_Effects\tags\fx\bitmaps\2d\weapon_fire\fr_smg_hard_light\fr_mid_recoil_front.bitmap","274844","4695CF5D8E5C66A86ECAFF18AD30ADC2D79CC18C18CFF98D00182C62A8DAA228"
"Halo4_Promethean_Weapon_Effects\tags\fx\bitmaps\2d\weapon_fire\fr_smg_hard_light\fr_smg_front_plate.bitmap","29084","952E2E1404F3C28B5779D16F2E780A5C258092142DF677A87A3BB87B8D3BD7C6"
"Halo4_Promethean_Weapon_Effects\tags\fx\bitmaps\2d\weapon_fire\fr_sniper_rifle\fr_sniper_rifle_bottom_plate.bitmap","45468","117BBC4DB736B245B001CB3C6524719FF10AEF2DB348A27255C90316D0527D35"
"Halo4_Promethean_Weapon_Effects\tags\fx\bitmaps\2d\weapon_fire\fr_sniper_rifle\fr_sniper_rifle_cylinder.bitmap","29084","3D3F4DD4A6F2DFAE4B9BAF38D20D9234CB35253CE4B39AD42A7225BDE5522D42"
"Halo4_Promethean_Weapon_Effects\tags\fx\bitmaps\2d\weapon_fire\fr_sniper_rifle\fr_sniper_rifle_front_plate.bitmap","45468","23CA60C5FB593B767DDEE060265554DDF116EAE49B4E98CD70A017F3A3DFB733"
"Halo4_Promethean_Weapon_Effects\tags\fx\bitmaps\2d\weapon_fire\fr_sniper_rifle\fr_sniper_rifle_muzzle_flash_diamond.bitmap","187464","9D54773D75DBBC6440C71444AA0923D3FCA77F5D45BE52DC47AE30BB6CC5E1B5"
"Halo4_Promethean_Weapon_Effects\tags\fx\bitmaps\2d\weapon_fire\fr_sniper_rifle\fr_sniper_rifle_top_plate_slide.bitmap","45468","2F4C6E5E0A9A6280C633826881E434CE64FFCD0435BFDFD98A231B637DEF9DE5"
"Halo4_Promethean_Weapon_Effects\tags\fx\bitmaps\2d\weapon_fire\fr_sniper_rifle\fr_sniper_rifle_top_plate.bitmap","78236","829BD4A188EB6B31D6E678BECF30D20FB8BB9B7C82498069D16B367C06FFEDC4"
"Halo4_Promethean_Weapon_Effects\tags\fx\bitmaps\2d\weapon_fire\fr_spread_gun_front_rail.bitmap","78236","C2D021E57193AC5F0B3C6DEBB8CD80FA4F34FB2D27DC77FD13D82121011B4AE8"
"Halo4_Promethean_Weapon_Effects\tags\fx\bitmaps\2d\weapon_fire\fr_spread_gun_mid_rail.bitmap","78236","EF09A33BD8A1921445B3B42C7E9ADB78CA6A1068F18E21A26B9FBD8EA8332C87"
"Halo4_Promethean_Weapon_Effects\tags\fx\bitmaps\2d\weapon_fire\fr_spread_gun_slide.bitmap","78236","DAEC7736A267604BE33C4924BCA9FE537381F6135751D48F1480042C61ABE7BD"
"Halo4_Promethean_Weapon_Effects\tags\fx\bitmaps\3d\energy\energy_muzzleflash_long.bitmap","723396","EDEF825121C9FD91C6B627FE075F73DA9EFBD540E9BE26695C0EA7C7DCD1C88E"
"Halo4_Promethean_Weapon_Effects\tags\fx\bitmaps\3d\weapons\fr_weapon_tech_bits.bitmap","187548","351D7696C9A2F1989E9DA3B8BB05B46C112CD4A3A766A28FF4667255E2C79522"
"Halo4_Promethean_Weapon_Effects\tags\fx\bitmaps\distortion\distortion_forerunner_projectile.bitmap","364444","B3E2826408E6A3484AB79ACF8B731221B498217C6004BC3C1C0A04A9DD82CDE6"
"Halo4_Promethean_Weapon_Effects\tags\fx\bitmaps\distortion\fire_seamless_distortion_01.bitmap","189372","9381E2A23E5A80B02999714F3E947EACE17D347537CD1D3A729C34BAF67218EF"
"Halo4_Promethean_Weapon_Effects\tags\fx\bitmaps\gradient\grad_bishop_glow.bitmap","13732","64316D551320562811FA720C6F9167C7018CA4FBA1BA0103568C0D57C2CA48C6"
"Halo4_Promethean_Weapon_Effects\tags\fx\bitmaps\gradient\grad_blood_knight_spray_red.bitmap","13724","6B0EE9E8554C5F9F05EB83C819F248927D7985A483AD3B9E692480AB848B3E1F"
"Halo4_Promethean_Weapon_Effects\tags\fx\bitmaps\gradient\grad_didact_red.bitmap","13732","618FF7688F7DFB832C2412E7209B1BD18CFAB3826ABFA58A32D448B98399A357"
"Halo4_Promethean_Weapon_Effects\tags\fx\bitmaps\gradient\grad_digital.bitmap","13732","F1E9E529F206A4F7A8AC0C044CF0559D1C850B8740A9B061777CDBCF8227E9B1"
"Halo4_Promethean_Weapon_Effects\tags\fx\bitmaps\gradient\grad_forerunner_hardlight_rifle.bitmap","13732","1A964E783713CBAEE019AD6D8B90F591A42B6608204422720166D100071201F5"
"Halo4_Promethean_Weapon_Effects\tags\fx\bitmaps\gradient\grad_forerunner_heat.bitmap","13764","ACB86C05C7FFDDBE0CA6CF68C688638AC3F3CF896F87068B049E2B7658667EDA"
"Halo4_Promethean_Weapon_Effects\tags\fx\bitmaps\gradient\grad_forerunner_muzzle_incinerator.bitmap","13724","D2527B2A63262F482D0B319B5F406D5E16FA72E7AF47A268E506C6E4754E5BCA"
"Halo4_Promethean_Weapon_Effects\tags\fx\bitmaps\gradient\grad_forerunner_muzzle_pistol.bitmap","13212","C785A8FAD0504C06E84AFC6BE7CC26944515C0CBEA9318E71F55CEDDB3065342"
"Halo4_Promethean_Weapon_Effects\tags\fx\bitmaps\gradient\grad_forerunner_muzzle_smg.bitmap","14744","DBC32A560F7E88878B76CA8A91CEC6173056CC912519A12B98EB6B4936C4F60B"
"Halo4_Promethean_Weapon_Effects\tags\fx\bitmaps\gradient\grad_forerunner_muzzle_sniper.bitmap","13732","D306204A625CA73AC124141838DA2F94CA60F74C355B695521CE121BA570CFC4"
"Halo4_Promethean_Weapon_Effects\tags\fx\bitmaps\gradient\grad_forerunner_muzzle_spread.bitmap","13212","3EBE93212736D529CB152FFC0BD1FBA62F98D06723D7ACE72B1E24E5D181EB19"
"Halo4_Promethean_Weapon_Effects\tags\fx\bitmaps\gradient\grad_forerunner_muzzle.bitmap","14744","C78F346DB7BC1845C4795B07DA44E2635843CA23F6B22C942978A29C421CDE89"
"Halo4_Promethean_Weapon_Effects\tags\fx\reach\bitmaps\atmospheric\soft_smoke_large.bitmap","1410960","6BCCAFC69CB1047FA7B1A4BCE2D71AB0CAF7C8A8E83C66C3C2BAD9516210DAA1"
"Halo4_Promethean_Weapon_Effects\tags\fx\reach\bitmaps\distortion\distortion_ring.bitmap","188316","13DD0336BF652545EE34C7BF2A2FC28814F23CB77C7A6C5060B2BABE2786C30B"
"Halo4_Promethean_Weapon_Effects\tags\fx\reach\bitmaps\fire\fire_clouds_256.bitmap","362224","5F5AAF751C63F8DAE9B3F42CD2683505B6B0E7FBFE9AB30DAA974AFB949BDE63"
"Halo4_Promethean_Weapon_Effects\tags\fx\reach\bitmaps\fire\fire_large.bitmap","1410800","98A71184CAD1079D6973816A42C9EECE8831F48262AD7C510D11192226430FFB"
"Halo4_Promethean_Weapon_Effects\tags\fx\reach\bitmaps\flash\flash_large.bitmap","362224","49F82C317F0501F6BC34AA8B60F88C523666CCC48AEDF6851805A041DC90766A"
"Halo4_Promethean_Weapon_Effects\tags\fx\reach\bitmaps\flash\flash_soft.bitmap","362224","857A5BE7407FB974CE8CF83E51C52D7E9502767E681C678381CF1D2A1CE727F6"
"Halo4_Promethean_Weapon_Effects\tags\fx\reach\bitmaps\flash\glow_soft.bitmap","362224","021C957AC1E9C55176C08D85CB51B01180A9C2F40AA3C44D02A4D772D27A70BF"
"Halo4_Promethean_Weapon_Effects\tags\fx\reach\bitmaps\liquid\fluid_sticky_medium.bitmap","362448","D06724EF0DBCDFEA77A8A4F8BD29BB5134453955FD1804F5F04CA5F59138213C"
"Halo4_Promethean_Weapon_Effects\tags\fx\reach\bitmaps\plasma\plasma_clouds_128_a.bitmap","100080","7A9340B8DF4B9EFC191C9A06F73C1E4847296730F9648EC64D31047803891E33"
"Halo4_Promethean_Weapon_Effects\tags\fx\reach\bitmaps\plasma\plasma_clouds_128_b.bitmap","100080","3A187B52F282003E24EB3E24F0BDB0F170451FBAE2DC0BFC52835AE74036DD1E"
"Halo4_Promethean_Weapon_Effects\tags\fx\reach\bitmaps\sparks\spark_ember.bitmap","34332","C9CB7B31FAFACF0BF91C7BC9FFEC9469923010CB06AD0ECF8C55C3E5312DC1E4"
"Halo4_Promethean_Weapon_Effects\tags\fx\reach\bitmaps\weapon_fire\gradients\muzzle_flare_battle_rifle.bitmap","13212","DD48A3ADB8450CCC51DEFE2ED7C2608AD54418663E630B047289A2FD4FB29A31"
"Halo4_Promethean_Weapon_Effects\tags\fx\reach\bitmaps\weapon_fire\gradients\muzzle_flare_plasma_rifle.bitmap","13724","FCC73099A2D1F0DEE7F2B0A130ED34B61B39D02C09B8A161B3D12ABA7DF889D2"
"Halo4_Promethean_Weapon_Effects\tags\fx\reach\bitmaps\weapon_fire\muzzle_flash_long_gaseous.bitmap","1411024","66EF0022AA7F82AE36E10139229A9A413A03789F7257F70AE7A9B48577B1D2F8"
"Halo4_Promethean_Weapon_Effects\tags\fx\reach\bitmaps\weapon_fire\muzzle_flash_round_fiery.bitmap","711912","C70BDDBE0F686D3FC46B703E3E2CD118AC8D05F4AD4C70770F4BA83728DEE1CB"
"Halo4_Promethean_Weapon_Effects\tags\fx\reach\particles\distortion\distortion_ring.particle","16680","F70A43DF7CE50442EBC19BE7157D707C0A38FB4DF53BF2C79FF6B8048EBFE513"
"Halo4_Promethean_Weapon_Effects\tags\fx\reach\particles\flare\flash_large.particle","16133","10C85E82125A8EB73009FA929B7612E06598446C4A4FA71C8165496E67B17402"
"Halo4_Promethean_Weapon_Effects\tags\fx\reach\particles\flare\glow_soft.particle","16951","F72D7916FD6911CD28A01F28536D2595248F07E6AE0C341BF76A7C8B53CB9396"
"Halo4_Promethean_Weapon_Effects\tags\fx\reach\particles\plasma\gradients\soft_plasma_blue.bitmap","45468","DBAAE1FA3489C7B8A09BD9DA3F5BA408C79F6E20F2090BE6CE3C16405E4E29CC"
"Halo4_Promethean_Weapon_Effects\tags\fx\reach\particles\sparks\spark_ember.particle","16464","C3DBDA720BA27E836575883CC12E288AC7452CF964608F8778B3AF2CD1F47A6F"
"Halo4_Promethean_Weapon_Effects\tags\objects\characters\storm_knight\fx\misc\head_goo_02.particle","16582","5FE21AF6C7F0C9B036B24441991E5EAE453052309E2E568489CE1EA5FA9296D7"
"Halo4_Promethean_Weapon_Effects\tags\objects\characters\storm_knight\fx\shield\shield_collapse.lens_flare","6498","620AB2F23FB85341DD10B0AADDD2B2963895A3B19BBC18120B2FFDB755A282A2"
"Halo4_Promethean_Weapon_Effects\tags\objects\weapons\pistol\storm_bishop_beam\fx\bsh_distortion_ring.bitmap","188316","13DD0336BF652545EE34C7BF2A2FC28814F23CB77C7A6C5060B2BABE2786C30B"
"Halo4_Promethean_Weapon_Effects\tags\objects\weapons\pistol\storm_bishop_beam\fx\bsh_distortion_ring.particle","16931","25369BAA7D4891CD0D9A57D4F223C34E11D89EFDAA4F3F4B9DFFA101767327AB"
"Halo4_Promethean_Weapon_Effects\tags\objects\weapons\pistol\storm_bishop_beam\fx\bsh_firing_1p.light_volume_system","15447","7900ABCECBC793AF40468A37776136372BA47F9881FEFF51D4E8C18EFE9FC4F5"
"Halo4_Promethean_Weapon_Effects\tags\objects\weapons\pistol\storm_bishop_beam\fx\bsh_firing_3p.light_volume_system","20924","CB6E61D0F692F5E9A8C08846EBA93DD442980C02E4B7E9176C2F09EF380EA439"
"Halo4_Promethean_Weapon_Effects\tags\objects\weapons\pistol\storm_bishop_beam\fx\bsh_firing.effect","54917","020467523733CE11BA721D8E2D11AC6F210FE213923CC5CC417C5C4CD1FE50E0"
"Halo4_Promethean_Weapon_Effects\tags\objects\weapons\pistol\storm_bishop_beam\fx\bsh_flash_large.bitmap","362224","49F82C317F0501F6BC34AA8B60F88C523666CCC48AEDF6851805A041DC90766A"
"Halo4_Promethean_Weapon_Effects\tags\objects\weapons\pistol\storm_bishop_beam\fx\bsh_flash_large.particle","16183","7C053DB1ABBBADECE5FC5C53102E1E5A41A57832649C1ADE33FFF1DEE6CA1A5E"
"Halo4_Promethean_Weapon_Effects\tags\objects\weapons\pistol\storm_bishop_beam\fx\bsh_grayscale_light.bitmap","13724","FC96E2280247160328780CDEB9A9B383EFE27B017460839F7F5D5D18EBE183E6"
"Halo4_Promethean_Weapon_Effects\tags\objects\weapons\pistol\storm_bishop_beam\fx\bsh_muzzle_flash_plasma.particle","31742","AA21DC942E968C89D12FFC787ACE40FAC97ED595B09AF2842CCE4D8AA8316365"
"Halo4_Promethean_Weapon_Effects\tags\objects\weapons\pistol\storm_bishop_beam\fx\bsh_projectile_1p.tracer_system","18972","A796F5BBDCE5053C273F51F1AF2099DBB7D469F8A84EA582F7B1D264002A3B1B"
"Halo4_Promethean_Weapon_Effects\tags\objects\weapons\pistol\storm_bishop_beam\fx\bsh_projectile_3p.tracer_system","32980","0DF50941FA8F15D6EE4C0ECF0B56ECAB46CCB0EB1925E015BD82D836E8404BE6"
"Halo4_Promethean_Weapon_Effects\tags\objects\weapons\pistol\storm_bishop_beam\fx\bsh_spark_ember.bitmap","34332","C9CB7B31FAFACF0BF91C7BC9FFEC9469923010CB06AD0ECF8C55C3E5312DC1E4"
"Halo4_Promethean_Weapon_Effects\tags\objects\weapons\pistol\storm_bishop_beam\fx\bsh_spark_ember.particle","16512","E62643FC572146D6ADE59AC0B3872259B29888E3FD7503BCC1EA9ED2D350B4F7"
"Halo4_Promethean_Weapon_Effects\tags\objects\weapons\pistol\storm_bishop_beam\fx\firing_1p.light","4715","BE14945D828F97E758091A236903CD830DC3F2F93F2BEA9381F42E0CC552EE5B"
"Halo4_Promethean_Weapon_Effects\tags\objects\weapons\pistol\storm_bishop_beam\fx\firing_1p.light_volume_system","15447","7900ABCECBC793AF40468A37776136372BA47F9881FEFF51D4E8C18EFE9FC4F5"
"Halo4_Promethean_Weapon_Effects\tags\objects\weapons\pistol\storm_bishop_beam\fx\firing_3p.light","4715","1BF638D6B764FC84F349517AF1F99F54C8DF7C5B04AADDD8E31514800A54439D"
"Halo4_Promethean_Weapon_Effects\tags\objects\weapons\pistol\storm_bishop_beam\fx\firing_3p.light_volume_system","20924","CB6E61D0F692F5E9A8C08846EBA93DD442980C02E4B7E9176C2F09EF380EA439"
"Halo4_Promethean_Weapon_Effects\tags\objects\weapons\pistol\storm_bishop_beam\fx\friendly_beam\firing.effect","54713","0E631F7E7792B4DCC0A4F749B26DC8A8BE805936AE67D2CDE18FEB22AD1A2A4A"
"Halo4_Promethean_Weapon_Effects\tags\objects\weapons\pistol\storm_bishop_beam\fx\friendly_beam\projectile_1p.tracer_system","18972","23A496336B58E9B6168C0B6FA10283D3E1A8192C6D67FEF2B07418715F507E41"
"Halo4_Promethean_Weapon_Effects\tags\objects\weapons\pistol\storm_bishop_beam\fx\friendly_beam\projectile_3p.tracer_system","32874","8F6A48EDF08F8446D96322D2C2DEB14552764DAE82721D212DFF6885288D8220"
"Halo4_Promethean_Weapon_Effects\tags\objects\weapons\pistol\storm_bishop_beam\fx\overheated.effect","39113","B5BE7260BA5B9F31E3B4910924991CAA8A9D200862FB4224BC2672EC1094BC1D"
"Halo4_Promethean_Weapon_Effects\tags\objects\weapons\pistol\storm_bishop_beam\fx\particles\muzzle_flash_plasma.particle","31742","49067E1E8A708FB9D1412BB48DA9E4C79007ED2E9A937DC2CCC5569B4DDB736E"
"Halo4_Promethean_Weapon_Effects\tags\objects\weapons\pistol\storm_bishop_beam\fx\particles\overheated_gas.particle","21911","D70EF07452F8EF0A6292405570978FE94B2F8DF41C9F769FBD5F28509DA07328"
"Halo4_Promethean_Weapon_Effects\tags\objects\weapons\pistol\storm_bishop_beam\fx\particles\wheel_gas.particle","21911","AF5041CF2A1896F12975F066135D2A598836930371462CB9C5BA22D244615A08"
"Halo4_Promethean_Weapon_Effects\tags\objects\weapons\pistol\storm_bishop_beam\storm_bishop_beam.render_model","538989","FF7831C089AB9F85AAB34E468E33F3E47CE02F7CCB601F664BB75D58CD13FAC7"
"Halo4_Promethean_Weapon_Effects\tags\objects\weapons\pistol\storm_bishop_beam\storm_bishop_beam.weapon","47854","E217921FEE1DE949F39A20A99951505909219432177C364AA7743415C53A02D7"
"Halo4_Promethean_Weapon_Effects\tags\objects\weapons\pistol\storm_plasma_pistol\fx\particles\flash_large.particle","16261","35F67071BFA0A1E633476327317A969DBC742BB5D277FC38414F21391BE0BD4D"
"Halo4_Promethean_Weapon_Effects\tags\objects\weapons\pistol\storm_sentinel_beam\fx\bsh_distortion_ring.bitmap","188316","13DD0336BF652545EE34C7BF2A2FC28814F23CB77C7A6C5060B2BABE2786C30B"
"Halo4_Promethean_Weapon_Effects\tags\objects\weapons\pistol\storm_sentinel_beam\fx\bsh_distortion_ring.particle","16702","B96E02382BDA5AF0CD06D24D292EAFB9771D0BF77B43609EA03CF2B0113CADAC"
"Halo4_Promethean_Weapon_Effects\tags\objects\weapons\pistol\storm_sentinel_beam\fx\bsh_firing_3p.light_volume_system","15804","F8BA85E8347383C6D42D626E8FEDE46CF072A3EA17788D8565CAD4E3028942F5"
"Halo4_Promethean_Weapon_Effects\tags\objects\weapons\pistol\storm_sentinel_beam\fx\bsh_firing.effect","37771","31D38010976A4375E5183B4ECE7FE43A0DA0386C98F278190E660D521D8478DA"
"Halo4_Promethean_Weapon_Effects\tags\objects\weapons\pistol\storm_sentinel_beam\fx\bsh_flash_large.bitmap","362224","4E13994B353875BA31F4CDEA00AF10FAF2B3DDC40A1BE924848122C379FDFCE6"
"Halo4_Promethean_Weapon_Effects\tags\objects\weapons\pistol\storm_sentinel_beam\fx\bsh_flash_large.particle","15938","A44ABB60891EB1516320BFF1423A5C297717089932AD7754CFAE6BE40739ADB8"
"Halo4_Promethean_Weapon_Effects\tags\objects\weapons\pistol\storm_sentinel_beam\fx\bsh_muzzle_flash_plasma.particle","31099","13540EC6C73E851BDE42B40D40BEC2C950BF90571790C1C8EF6506D818C528C6"
"Halo4_Promethean_Weapon_Effects\tags\objects\weapons\pistol\storm_sentinel_beam\fx\bsh_projectile_3p.tracer_system","32855","ECADB3BCB9BB66E5D64E791A61063BB7F6B55C604586383A56EF70C0EB1753F3"
"Halo4_Promethean_Weapon_Effects\tags\objects\weapons\pistol\storm_sentinel_beam\fx\bsh_spark_ember.bitmap","34332","05F1F5CDF1A7A8938ED373AD5DF2B513E566ABBC9C8F5B95707B57B69B864C55"
"Halo4_Promethean_Weapon_Effects\tags\objects\weapons\pistol\storm_sentinel_beam\fx\bsh_spark_ember.particle","16183","3180C96C52FFEEABC2ACB5B99E14CE364C6D8A82C0433FEE79F962D63C712914"
"Halo4_Promethean_Weapon_Effects\tags\objects\weapons\pistol\storm_sentinel_beam\fx\firing_1p.light_volume_system","11464","8C080A4EF08AA6B09BA430A90E1D815819691F79DDAE45C0EB6EB06CBEA4389C"
"Halo4_Promethean_Weapon_Effects\tags\objects\weapons\pistol\storm_sentinel_beam\fx\firing_3p.light","4695","50505DB234EA1F4E10AB9FE879AF9B59CA9370929691847F12B683FB87ABD3C6"
"Halo4_Promethean_Weapon_Effects\tags\objects\weapons\pistol\storm_sentinel_beam\fx\firing_3p.light_volume_system","15804","FDE497CA8B1377329FEA55B98F355C7780C3F2E5D06E1299BE490A6F5B5E4504"
"Halo4_Promethean_Weapon_Effects\tags\objects\weapons\pistol\storm_sentinel_beam\fx\friendly_beam\firing.effect","58926","E3C8783D520F42FD0B703604A6D1B2A542E1E777F7A22C84E75025DDB21ADD2B"
"Halo4_Promethean_Weapon_Effects\tags\objects\weapons\pistol\storm_sentinel_beam\fx\friendly_beam\projectile_1p.tracer_system","19526","993A9B5B8A725586063F9335870F638C761D2779D2F56BAE2B1F8B58FC058DB1"
"Halo4_Promethean_Weapon_Effects\tags\objects\weapons\pistol\storm_sentinel_beam\fx\friendly_beam\projectile_3p.tracer_system","27216","5EF3482360080BA5C5A1548D7F53BB035BE5B9D92E307E7AC3316F666E73E6CF"
"Halo4_Promethean_Weapon_Effects\tags\objects\weapons\pistol\storm_sentinel_beam\fx\overheated.effect","40068","D21E98F5DCC92DB60D5AEF18DECEA3A28F27BF4E6C94A40EAABB282DC2F09CFA"
"Halo4_Promethean_Weapon_Effects\tags\objects\weapons\pistol\storm_sentinel_beam\fx\particles\muzzle_flash_plasma.particle","31099","F80B74668A82F25147E1F61E0C90C2F77AC97554C8B839C48CDAC835628C5364"
"Halo4_Promethean_Weapon_Effects\tags\objects\weapons\pistol\storm_sentinel_beam\fx\particles\overheated_gas.particle","21170","321B147D24A3BAE783AD204BDC104C7FC1E74519D2CB2430701B7DFE35D62CEB"
"Halo4_Promethean_Weapon_Effects\tags\objects\weapons\pistol\storm_sentinel_beam\fx\particles\wheel_gas.particle","21170","B18047B547F50F9D54FEDD3483798381370320A99DD082D371F34502534A228A"
"Halo4_Promethean_Weapon_Effects\tags\objects\weapons\pistol\storm_sentinel_beam\storm_sentinel_beam.weapon","47804","FC6C665F03D69D8A557A98E391E7B4A9747A87526EC918020BB3950B7CAE9ABF"
"Halo4_Promethean_Weapon_Effects\tags\objects\weapons\pistol\storm_stasis_pistol\fx\charged_1p_anamorphic.lens_flare","6772","D670CF6CD05DC3B1E7324F5D60071A973822D267190FF0EA3797B63EB79CA6A7"
"Halo4_Promethean_Weapon_Effects\tags\objects\weapons\pistol\storm_stasis_pistol\fx\charged_concussion_bishop.effect","58790","EE4D7F89E0ED3A310450CA99F9AB60DFA49E360BB92960C70043474C11979EC4"
"Halo4_Promethean_Weapon_Effects\tags\objects\weapons\pistol\storm_stasis_pistol\fx\charged_concussion.effect","147926","B6658C2461C03662F95D376E34BC0E6A67C64B22223D1C1713B5EFBCF0FBF29C"
"Halo4_Promethean_Weapon_Effects\tags\objects\weapons\pistol\storm_stasis_pistol\fx\charged.effect","21178","B2EDF6317ED345D37DC38A617A9F0A6BAFAE2CEE7FF0204248509D2D81F6B7F6"
"Halo4_Promethean_Weapon_Effects\tags\objects\weapons\pistol\storm_stasis_pistol\fx\charging_pawn.effect","151831","1CEBF5BF6ACCD302442C418EBB375020DA59DC3625FD1DAC08CA62895CBD22DD"
"Halo4_Promethean_Weapon_Effects\tags\objects\weapons\pistol\storm_stasis_pistol\fx\charging.effect","154257","F8D72A685C61AF10B7590AA0CBE58694834EA2FA0EB39DC17B5A595E68F9A82F"
"Halo4_Promethean_Weapon_Effects\tags\objects\weapons\pistol\storm_stasis_pistol\fx\empty.effect","16219","8F28482BC4EC673FA8C3A70EB21F962B8958601EDDEDA2342332D797F95A9EA4"
"Halo4_Promethean_Weapon_Effects\tags\objects\weapons\pistol\storm_stasis_pistol\fx\firing.effect","144397","F4EE191CE3075C128C60E012446BFF0247FB79B5F593FEE0B20B584D6CF1F9F3"
"Halo4_Promethean_Weapon_Effects\tags\objects\weapons\pistol\storm_stasis_pistol\fx\ground.effect","16031","14301BAC98DFD7E7C1FAABE1E45DB2EB58F477EE2A48BE05D1BBBD66187A65A2"
"Halo4_Promethean_Weapon_Effects\tags\objects\weapons\pistol\storm_stasis_pistol\fx\misfire.effect","15287","064BC1EF7165F67C12FB7DCF6FEB42C7DB2594C0B148C8A7153C678A968E568E"
"Halo4_Promethean_Weapon_Effects\tags\objects\weapons\pistol\storm_stasis_pistol\fx\overheated.effect","57559","3A403CDA73018837265511539059195CAE938913650EA48C66D6C69C2B098C01"
"Halo4_Promethean_Weapon_Effects\tags\objects\weapons\pistol\storm_stasis_pistol\fx\particles\bottom_plate_1p.particle","17684","01C96ED42BC525D427904265CB108C288F2BAA6F83B8453C0E129B8EC6530CE1"
"Halo4_Promethean_Weapon_Effects\tags\objects\weapons\pistol\storm_stasis_pistol\fx\particles\bottom_rail_1p.particle","17691","37BAC38B2DF09C4662FA3D3C451CC43C2568A94E0BFACB2B95F83AC69BCE31E3"
"Halo4_Promethean_Weapon_Effects\tags\objects\weapons\pistol\storm_stasis_pistol\fx\particles\charged_energy_wave_front_3p.particle","20730","15FC7AFAF72BBB722202391686B7B18E18D94A30A812A64100BEF2BE8D5528FD"
"Halo4_Promethean_Weapon_Effects\tags\objects\weapons\pistol\storm_stasis_pistol\fx\particles\charged_energy_wave_side_3p.particle","20730","03CA2D6BC3D4F82CE28FE5CC51E5990BF78BF96ABB0127F53C0666501C94BDA6"
"Halo4_Promethean_Weapon_Effects\tags\objects\weapons\pistol\storm_stasis_pistol\fx\particles\charged_plasma.particle","30894","C6FAB598D1BB6529FAE6062A9AE1438783F61D91B07EB072C48A0D324C468E86"
"Halo4_Promethean_Weapon_Effects\tags\objects\weapons\pistol\storm_stasis_pistol\fx\particles\charged_plate_flash_1p.particle","17645","A6D32D3979DF0371F039EA980D881432D3ECDFBD0C96EB05B6178545DFE0EB07"
"Halo4_Promethean_Weapon_Effects\tags\objects\weapons\pistol\storm_stasis_pistol\fx\particles\charged_plate_flash_large_1p.particle","16039","7F10EE940151AE94A16C61927D3A5B0610D8FC9316A349A9F119407F064D285F"
"Halo4_Promethean_Weapon_Effects\tags\objects\weapons\pistol\storm_stasis_pistol\fx\particles\charged_slug_head.particle","16660","C6B3C4FA1647DAAB7EEDB047148A10DE94E0436C4E8B40B5545BB59375F0FD4A"
"Halo4_Promethean_Weapon_Effects\tags\objects\weapons\pistol\storm_stasis_pistol\fx\particles\charged_slug_side.particle","16674","824165EED445A6AB3E939DE695E711C864EE4E7F632D23FE3C39E11A260E7AB4"
"Halo4_Promethean_Weapon_Effects\tags\objects\weapons\pistol\storm_stasis_pistol\fx\particles\charging_bottom_plate_outer_1p.particle","17691","216ECB71CF992571C240D4E692F81629C3895469CCF0EEA95A518EAF27546344"
"Halo4_Promethean_Weapon_Effects\tags\objects\weapons\pistol\storm_stasis_pistol\fx\particles\charging_energy_wave_1p.particle","22410","F680CCF1490E7259C5247F67E78F36691A9FAC21D065183D7AFAE596FA74557E"
"Halo4_Promethean_Weapon_Effects\tags\objects\weapons\pistol\storm_stasis_pistol\fx\particles\charging_glow_1p.particle","18149","D23C1745EA84A80B31FF04B4263A8D56B5E20A026C8090FD931AC2053F8C4FCC"
"Halo4_Promethean_Weapon_Effects\tags\objects\weapons\pistol\storm_stasis_pistol\fx\particles\charging_top_plate_outer_1p.particle","17688","B04EF88A06893B048C063472D019A9C9FED0C4B1172976537908AA4370095A8F"
"Halo4_Promethean_Weapon_Effects\tags\objects\weapons\pistol\storm_stasis_pistol\fx\particles\muzzle_flash_1p.particle","17645","C34DCFF747A2477AC2BEBFD14185D051E1160D4F22148EAA2F122B032CB12C46"
"Halo4_Promethean_Weapon_Effects\tags\objects\weapons\pistol\storm_stasis_pistol\fx\particles\muzzle_flash_diamond_1p.particle","17688","7C5116D64FF661DC0B423706CB2AE8BD15BD50F24B27EB0DBB424B2201E5A049"
"Halo4_Promethean_Weapon_Effects\tags\objects\weapons\pistol\storm_stasis_pistol\fx\particles\muzzle_flash_forward_3p.particle","17657","824DAFDD37057AE1FC427815BF71EAA470111C3EF55A9DBBB26C209994153D8B"
"Halo4_Promethean_Weapon_Effects\tags\objects\weapons\pistol\storm_stasis_pistol\fx\particles\muzzle_ring_1p.particle","17665","F999E61A2CD93E257AC709ACCD2A5160290921578A69955004C8DF122A299CA7"
"Halo4_Promethean_Weapon_Effects\tags\objects\weapons\pistol\storm_stasis_pistol\fx\particles\sight_3p.particle","17069","F3DEE87439C02CB62B425FD65BF1FED9DC6B6A078014919FE977BB363D8883D4"
"Halo4_Promethean_Weapon_Effects\tags\objects\weapons\pistol\storm_stasis_pistol\fx\particles\slide_1p.particle","17679","98841850251E540B17480862EF72170B434594358F5283BDD87802B90D174E7A"
"Halo4_Promethean_Weapon_Effects\tags\objects\weapons\pistol\storm_stasis_pistol\fx\particles\slug_head.particle","16390","0065541E7AEB883BFD64C09E5E0565A5FC95262E3EBA9F587030315B11FFD392"
"Halo4_Promethean_Weapon_Effects\tags\objects\weapons\pistol\storm_stasis_pistol\fx\particles\slug_inner.particle","15351","25D2F5557D688D20E47314372F79A01CDE9FF5F6D13B53190C9A4D66552865BC"
"Halo4_Promethean_Weapon_Effects\tags\objects\weapons\pistol\storm_stasis_pistol\fx\particles\slug_outer.particle","15351","A6C6CC0C743453EDB890F61BA8F2874ACD3084F5F42F044DFBE27E8E0468FAA6"
"Halo4_Promethean_Weapon_Effects\tags\objects\weapons\pistol\storm_stasis_pistol\fx\particles\slug_side.particle","15569","D415FC90BC80ED31B2929491E2821C85D4B70F708E3078913F4EB65DBF05B59C"
"Halo4_Promethean_Weapon_Effects\tags\objects\weapons\pistol\storm_stasis_pistol\fx\particles\top_plate_1p.particle","17681","E5D53413BFB46A99559CAC25E1704A72A123AFA97507654D5AFA9789E8C004B8"
"Halo4_Promethean_Weapon_Effects\tags\objects\weapons\pistol\storm_stasis_pistol\fx\particles\top_rail_1p.particle","17688","9437411EAB340A2578D7D4D93C05E1732CB2A06A6B32775333A10750C2B5D0F1"
"Halo4_Promethean_Weapon_Effects\tags\objects\weapons\pistol\storm_stasis_pistol\fx\particles\vent_bits_1p.particle","17950","05330A3E9BEEC33A24E71067A2A1DBA9870591F181CBC91C7ED685ED4436E2EB"
"Halo4_Promethean_Weapon_Effects\tags\objects\weapons\pistol\storm_stasis_pistol\fx\particles\vent_ring1_1p.particle","18675","8A8B5B5F2389A01113369E26647DB4EBC629268DB761E48BD842706E52908DB1"
"Halo4_Promethean_Weapon_Effects\tags\objects\weapons\pistol\storm_stasis_pistol\fx\particles\vent_ring2_1p.particle","18675","58FF3F7A5E14510017AF7EC028C28566C4037BA26B53803F0CEF5A0024FF0933"
"Halo4_Promethean_Weapon_Effects\tags\objects\weapons\pistol\storm_stasis_pistol\fx\parts\beam_origin_flare_3p.lens_flare","6090","5D4D70AB4CA705C0BB89A8C3891360B4CB597BF5432A766CDCB904A6CDD35732"
"Halo4_Promethean_Weapon_Effects\tags\objects\weapons\pistol\storm_stasis_pistol\fx\parts\charged_firing.area_screen_effect","6140","980AC872F02C4CB9014DEE27BD6E41449F19EC868DC25A9C2712F11040E53E2D"
"Halo4_Promethean_Weapon_Effects\tags\objects\weapons\pistol\storm_stasis_pistol\fx\parts\charged_muzzle_flash_1p.cheap_light","2827","7BA7611A2337E037C5A0B8FF49CF62013BACC8D5296246A164CDDEB3379D65AC"
"Halo4_Promethean_Weapon_Effects\tags\objects\weapons\pistol\storm_stasis_pistol\fx\parts\charged_muzzle_flash_3p.cheap_light","2827","F87A4C61EABB038FB0FD158667AD4118FF3441AE1401D0C85616EEE20E137489"
"Halo4_Promethean_Weapon_Effects\tags\objects\weapons\pistol\storm_stasis_pistol\fx\parts\charging_1p.cheap_light","2907","1B7ACA7C069FCC79FCA414D28DC5CAE11E15B27175AC1E0E0A47D76AFE6AE88D"
"Halo4_Promethean_Weapon_Effects\tags\objects\weapons\pistol\storm_stasis_pistol\fx\parts\charging_3p.cheap_light","2987","F7396393A8C37266F033C085278DA42A8C9863BC7C0B86328691E51660CBF1BE"
"Halo4_Promethean_Weapon_Effects\tags\objects\weapons\pistol\storm_stasis_pistol\fx\parts\charging_core.light_volume_system","16534","5F4B0AF067CA0613223A5536051A4120A61E37CAB34F1C0E19895F557807DA81"
"Halo4_Promethean_Weapon_Effects\tags\objects\weapons\pistol\storm_stasis_pistol\fx\parts\cooldown_core.light_volume_system","18054","47804C047D903A52E97763310A80CCEC4C56E75C1C6B2F1A57319F6C2245820F"
"Halo4_Promethean_Weapon_Effects\tags\objects\weapons\pistol\storm_stasis_pistol\fx\parts\energy_beam_3p.tracer_system","27619","2C1E22FA59EC3103864E4682E1D1A65B080116A274C2DDA6A4EDA04C3372E21E"
"Halo4_Promethean_Weapon_Effects\tags\objects\weapons\pistol\storm_stasis_pistol\fx\parts\energy_beam.tracer_system","28459","DC299CCDBB34217188F803C5BB5AE7DF07B442969EEBD481F376B5A08A912DA4"
"Halo4_Promethean_Weapon_Effects\tags\objects\weapons\pistol\storm_stasis_pistol\fx\parts\energy_pulse_1p.cheap_light","2147","196F8D522835206FFC600F9571FDF331BB16B5D6B75DE17B90E3801310DC1DD4"
"Halo4_Promethean_Weapon_Effects\tags\objects\weapons\pistol\storm_stasis_pistol\fx\parts\energy_pulse_3p.cheap_light","2147","D082D5786069ABC72CA8305EA8EB1979FF0B325E7A2573C425232843CA8F48BC"
"Halo4_Promethean_Weapon_Effects\tags\objects\weapons\pistol\storm_stasis_pistol\fx\parts\firing_muzzle_flare_3p.lens_flare","8610","38B789E79A9ABD010BE7084C65F4A655755954DB701E8FA2DCDBD2BE632E67BD"
"Halo4_Promethean_Weapon_Effects\tags\objects\weapons\pistol\storm_stasis_pistol\fx\parts\ground_3p.cheap_light","2147","2216D8C0A3795A9B5F821C81A186B2177FC3AA930BDD3A50D0B7D1F740A004A1"
"Halo4_Promethean_Weapon_Effects\tags\objects\weapons\pistol\storm_stasis_pistol\fx\parts\ground_3p.shield_impact","5831","7A0835FBB87929D63DC0BC54CD05D578CCA3901B9724D28FB602696DAD885D5A"
"Halo4_Promethean_Weapon_Effects\tags\objects\weapons\pistol\storm_stasis_pistol\fx\parts\muzzle_flash_1p.cheap_light","2827","72ED3ACA15CD69CFCB14AAC5E8B101F6096B503EA4B9570A03FB661B645124B9"
"Halo4_Promethean_Weapon_Effects\tags\objects\weapons\pistol\storm_stasis_pistol\fx\parts\muzzle_flash_3p.cheap_light","2827","B4AAED14E7306E53778A9300B4BDCE40AF8AA970EF78B71C6630C3059F64E595"
"Halo4_Promethean_Weapon_Effects\tags\objects\weapons\pistol\storm_stasis_pistol\fx\parts\projectile_star_flare.lens_flare","5550","19F783F27F2C06763C16BAA744DF71BDE87B24C9338E1E75FD68484601AD9A97"
"Halo4_Promethean_Weapon_Effects\tags\objects\weapons\pistol\storm_stasis_pistol\fx\parts\projectile_trail_pawn.tracer_system","16328","97009C7F8818074248528F550C64132C33706B6AF29DE3D07892C27B68E271BF"
"Halo4_Promethean_Weapon_Effects\tags\objects\weapons\pistol\storm_stasis_pistol\fx\parts\projectile_trail.tracer_system","16251","02FC34BD1EED07C491D75A17D3AD81790D68E8919256366392A88CB36B5948F9"
"Halo4_Promethean_Weapon_Effects\tags\objects\weapons\pistol\storm_stasis_pistol\fx\parts\projectile.cheap_light","2067","3A5D07511D3558C909744BCC8A60525A03F073CF5622788B057D1499AA0C2E3D"
"Halo4_Promethean_Weapon_Effects\tags\objects\weapons\pistol\storm_stasis_pistol\fx\parts\projectile.light_volume_system","14215","FCD231A864A10C12EC53A79682A96E20C7281F505BAE82BF9A3CB41779ED3C2C"
"Halo4_Promethean_Weapon_Effects\tags\objects\weapons\pistol\storm_stasis_pistol\fx\parts\sight_flare_1p.lens_flare","6604","180B8250D171C3ADE556266364FB8700CC90541C4A7261D2036B2403EE4DDBC5"
"Halo4_Promethean_Weapon_Effects\tags\objects\weapons\pistol\storm_stasis_pistol\fx\parts\sight_flare_3p.lens_flare","7174","9326A95A027AF48D3FC5F6BDC870CA034A3E0E6A8259074258CB722568CEE4CD"
"Halo4_Promethean_Weapon_Effects\tags\objects\weapons\pistol\storm_stasis_pistol\fx\projectile_pawn.effect","28531","919922204BCB9492CFBDCACF73908C9E7D9312D13D31CA778CB27DEDA4F2DCE2"
"Halo4_Promethean_Weapon_Effects\tags\objects\weapons\pistol\storm_stasis_pistol\fx\projectile.effect","15916","1C9BEDAE6B1DF1E963347D0A0524711BDD3A3AD217A1889B78176F0C26349D7F"
"Halo4_Promethean_Weapon_Effects\tags\objects\weapons\pistol\storm_stasis_pistol\fx\ready.effect","35800","2BE97E3D2D18A1B1D82F4A5256CCFDF095A936EFCE64A1B097C283C2024EB6FD"
"Halo4_Promethean_Weapon_Effects\tags\objects\weapons\pistol\storm_stasis_pistol\fx\stasis_pistol_charged_impact_no_decal.effect","33120","D8A4479C31BD87CA2D4BBF85A2F6378137227B0280F8C6C535D9FB8EBBD2A251"
"Halo4_Promethean_Weapon_Effects\tags\objects\weapons\pistol\storm_stasis_pistol\fx\stasis_pistol_charged_impact.effect","33347","F870ABB727D2D2408A9720E014B15713B83AA1AAD3D0C58AB981C1D37318D29E"
"Halo4_Promethean_Weapon_Effects\tags\objects\weapons\pistol\storm_stasis_pistol\storm_stasis_pistol.render_model","1143762","F3C82081E341DA3E18F995F0E5CB49364CC66A197D46CF787C7C12A34A120E3E"
"Halo4_Promethean_Weapon_Effects\tags\objects\weapons\pistol\storm_stasis_pistol\storm_stasis_pistol.weapon","56547","10443771BA9CEA6F31F9042CB189D824DCAF5C2A6E7ABEAC397B6E1BF9D903A2"
"Halo4_Promethean_Weapon_Effects\tags\objects\weapons\rifle\storm_forerunner_rifle\fx\ground.effect","16035","F81536936CD35966E95C751CA5D7A0D61D1CFFE1B9A90AD848C80B88014D5138"
"Halo4_Promethean_Weapon_Effects\tags\objects\weapons\rifle\storm_forerunner_rifle\fx\homingrifle_firing.effect","353989","DB0AD09780740DE57D3D6C81B634D2AD3A1B57DF509244F4B1B3BE08E2180F38"
"Halo4_Promethean_Weapon_Effects\tags\objects\weapons\rifle\storm_forerunner_rifle\fx\homingrifle_muzflash_long_break.particle","17567","A64EF274685E0F501788DBC77DD19219974D590E465D2AC2FCB654E39B67C661"
"Halo4_Promethean_Weapon_Effects\tags\objects\weapons\rifle\storm_forerunner_rifle\fx\impact\fr_rifle_impact_combined_decal.decal_system","9825","95A97DC5E98F3BDFF1AAE8FA1C2C3D0E8E386952D0104960C9E55B211CBF756C"
"Halo4_Promethean_Weapon_Effects\tags\objects\weapons\rifle\storm_forerunner_rifle\fx\impact\fr_rifle_impact_combined_for_decal.decal_system","9402","9FC9D01C7A389C32E994ABBEF451637A0B304480B0BDA93FF71BE6010B2E5BEF"
"Halo4_Promethean_Weapon_Effects\tags\objects\weapons\rifle\storm_forerunner_rifle\fx\impact\fr_rifle_impact_combined.cheap_light","2827","7ED1B85F01793DA54F2ACEA22A961A53471223C53FDB2EF6FDA1ED3DCB10842C"
"Halo4_Promethean_Weapon_Effects\tags\objects\weapons\rifle\storm_forerunner_rifle\fx\impact\fr_rifle_impact_decal.decal_system","9394","9299CB7AA3742EBFC0935391A547986984E88CA5EDCB6D66C76EF1B83BEBB4F4"
"Halo4_Promethean_Weapon_Effects\tags\objects\weapons\rifle\storm_forerunner_rifle\fx\impact\fr_rifle_impact_for_decal.decal_system","9401","A9C01540042986A6C150534F5AAE2A60313821AEC31A2EB1326EC10A78A12A78"
"Halo4_Promethean_Weapon_Effects\tags\objects\weapons\rifle\storm_forerunner_rifle\fx\impact\fr_rifle_impact.cheap_light","2827","24434C779A103BE2B530797B4954234D7C508D6EDB8D40DB3662ACCF323044B6"
"Halo4_Promethean_Weapon_Effects\tags\objects\weapons\rifle\storm_forerunner_rifle\fx\impact\impact_glow.light_volume_system","14475","F256A960B6E989D7AAE09AFCCC3A04428F59F71EED2EEB46CA7E9A7F42F91C67"
"Halo4_Promethean_Weapon_Effects\tags\objects\weapons\rifle\storm_forerunner_rifle\fx\impact\rifle_impact_combined_for_decal.effect","51135","3D6A9150C821A7F73256062BF614612B55C0EF7C507E720811EC04D36E4AA48B"
"Halo4_Promethean_Weapon_Effects\tags\objects\weapons\rifle\storm_forerunner_rifle\fx\impact\rifle_impact_combined_no_decal.effect","50658","BDC7CFB3019320020194D58F23FB329E1DB0453C11DD92DC2D7F8FBF6CB8B826"
"Halo4_Promethean_Weapon_Effects\tags\objects\weapons\rifle\storm_forerunner_rifle\fx\impact\rifle_impact_combined.effect","50803","9B8A7B209FEC9B2DB54194C78628231680A6689666B0CABD69F64EDA1D0514D4"
"Halo4_Promethean_Weapon_Effects\tags\objects\weapons\rifle\storm_forerunner_rifle\fx\impact\rifle_impact_for_decal.effect","52797","B92F6A93B83864DA9113169BAA470BE7A7C1F4723B1F4070B3ABED0BC6EB9282"
"Halo4_Promethean_Weapon_Effects\tags\objects\weapons\rifle\storm_forerunner_rifle\fx\impact\rifle_impact_no_decal.effect","52561","7BD7CE6EC94A2DB4052161337B40D41AC7AF0F3E2C6A35065B6513D1445C7777"
"Halo4_Promethean_Weapon_Effects\tags\objects\weapons\rifle\storm_forerunner_rifle\fx\impact\rifle_impact.effect","52793","0DC37CDFAE2234D879674302133668B3C84022B2E92C66370B07282E3B091673"
"Halo4_Promethean_Weapon_Effects\tags\objects\weapons\rifle\storm_forerunner_rifle\fx\particles\fr_rifle_hardlight_front_main_recoil.particle","17833","60127919DC02D26FC76D27C68743B4801E5111627EC62589E02F403B0DF8A14E"
"Halo4_Promethean_Weapon_Effects\tags\objects\weapons\rifle\storm_forerunner_rifle\fx\particles\fr_rifle_hardlight_front_main.particle","17845","8891DDF0DC223128A6224317A16E346FA83F0CE273BB4FB4AB3EA4127553B94F"
"Halo4_Promethean_Weapon_Effects\tags\objects\weapons\rifle\storm_forerunner_rifle\fx\particles\fr_rifle_hardlight_iris_blade.particle","17626","E755C4850AB1E7AD3FFC7F99094C83B612330C947F28090CCDF2C09BD6E5719D"
"Halo4_Promethean_Weapon_Effects\tags\objects\weapons\rifle\storm_forerunner_rifle\fx\particles\fr_rifle_hardlight_lower_accent.particle","17628","FB3990E3DE4A224468FF5EB0A2F80F153FBBE3E8D02E6BCAEA8116EBBF9DF810"
"Halo4_Promethean_Weapon_Effects\tags\objects\weapons\rifle\storm_forerunner_rifle\fx\particles\fr_rifle_hardlight_muzzle_front_accent.particle","17924","1717F270B54CEED2300B45183F956DBECF4BB5C3AC2491D9438C059032B602D3"
"Halo4_Promethean_Weapon_Effects\tags\objects\weapons\rifle\storm_forerunner_rifle\fx\particles\fr_rifle_hardlight_muzzle_front.particle","17924","CF5B205B28AEBD81389939429F6081045375181FB83065422854F386F72D1132"
"Halo4_Promethean_Weapon_Effects\tags\objects\weapons\rifle\storm_forerunner_rifle\fx\particles\fr_rifle_hardlight_rear_main.particle","17629","F46ABE36BAF2F212B00E78934724631E554F5AFAC54E2FF96F10B10838A90CCB"
"Halo4_Promethean_Weapon_Effects\tags\objects\weapons\rifle\storm_forerunner_rifle\fx\particles\fr_rifle_hardlight_rear_recoil_accent.particle","17634","5E30025FF8073ACFAFBA698E8FB813404E7F2930EB069FCF3DA731C2FAB142DB"
"Halo4_Promethean_Weapon_Effects\tags\objects\weapons\rifle\storm_forerunner_rifle\fx\particles\fr_rifle_hardlight_rear_recoil.particle","17627","5A591921476C41D41FB2545927C7044142337339B4DD4F87791C0D249620FC54"
"Halo4_Promethean_Weapon_Effects\tags\objects\weapons\rifle\storm_forerunner_rifle\fx\particles\fr_rifle_hardlight_scope_eyepiece.particle","17630","D0D2970B2C6818B3C147A4F4EFCBC816D3691E66BD61ADA851237BF37086D602"
"Halo4_Promethean_Weapon_Effects\tags\objects\weapons\rifle\storm_forerunner_rifle\fx\particles\fr_rifle_hardlight_scope_front.particle","17627","0C7EBD77CA6CA483F4239078872796C33AB08B3C41CC86EFBDE34ABE11979F69"
"Halo4_Promethean_Weapon_Effects\tags\objects\weapons\rifle\storm_forerunner_rifle\fx\particles\fr_rifle_lensflare_scope_eyepiece.particle","16753","74542D0A4F200144120D606CF6E4ED9AF7A2EF8F517DD1DC2A62F5D49CD58BF5"
"Halo4_Promethean_Weapon_Effects\tags\objects\weapons\rifle\storm_forerunner_rifle\fx\particles\fr_rifle_lensflare_source_port.particle","16740","DE26D07E94B410D94ADB16164F673D751E0A094625D4A552B691B93EA754A9B9"
"Halo4_Promethean_Weapon_Effects\tags\objects\weapons\rifle\storm_forerunner_rifle\fx\particles\hardlight_bits_core.particle","16881","6150C08377786E9EE685AF59902A4822243286FC143BC92AD59E649004407BDC"
"Halo4_Promethean_Weapon_Effects\tags\objects\weapons\rifle\storm_forerunner_rifle\fx\particles\hardlight_bits.particle","17733","C74927E169D006A933C3DB2F2777AA25430D36826DAC29138D019AF48B18E35E"
"Halo4_Promethean_Weapon_Effects\tags\objects\weapons\rifle\storm_forerunner_rifle\fx\particles\impact_blast.particle","17438","B9EA97F4C71E846315D5A3253E9EE4EE427D57F20E443B23BF099F670BB8C6EE"
"Halo4_Promethean_Weapon_Effects\tags\objects\weapons\rifle\storm_forerunner_rifle\fx\particles\impact_burst_core.particle","16587","B64B7D12F2A22D849A9B7FC8EFE23C137E45AAE694906FFB12E235EB5EC68961"
"Halo4_Promethean_Weapon_Effects\tags\objects\weapons\rifle\storm_forerunner_rifle\fx\particles\impact_burst.particle","16602","3E01802A841532830EAAA8567E7B8C38E82A44AB56807958218F0ABEEC4912C4"
"Halo4_Promethean_Weapon_Effects\tags\objects\weapons\rifle\storm_forerunner_rifle\fx\particles\impact_fluid_droplets.particle","17926","61C97FC68DA0DC78E9A1945A02B99D8EF720A041DDDB451D9F54422824238542"
"Halo4_Promethean_Weapon_Effects\tags\objects\weapons\rifle\storm_forerunner_rifle\fx\particles\impact_fluid_upspray.particle","17946","DF23D8B61BEE17770237C3D3B998AB40CE6B9267248B4D25AA58A782286E3988"
"Halo4_Promethean_Weapon_Effects\tags\objects\weapons\rifle\storm_forerunner_rifle\fx\particles\impact_rays.particle","19125","3E22FE1412263CDED8EF8C23BC16C4E1EC2FB2AA110D4406A7F107189C5B6D04"
"Halo4_Promethean_Weapon_Effects\tags\objects\weapons\rifle\storm_forerunner_rifle\fx\particles\muzzle_glow_1p.particle","17146","262B6FF88D830A38CD40708BCD7BCBAFF16CC5FEAD5C608F1EF538A5B7985E08"
"Halo4_Promethean_Weapon_Effects\tags\objects\weapons\rifle\storm_forerunner_rifle\fx\particles\plasma_orange_tiny.particle","31611","6C2746B25C731091911CA795FC8F72614EF483CE2625EB01570C7B2C0236F41B"
"Halo4_Promethean_Weapon_Effects\tags\objects\weapons\rifle\storm_forerunner_rifle\fx\particles\plasma_projectile.particle","31274","5A43330ACEB185042598139BAAFA3211FAD9CA41179EEAA3F46FE7E15CC7C61A"
"Halo4_Promethean_Weapon_Effects\tags\objects\weapons\rifle\storm_forerunner_rifle\fx\particles\rifle_light_rays.particle","17848","FD0E088DB5F37D7C4D9AA7C34DEF137F9FAD9A3B847CCB6E04933100E18D314B"
"Halo4_Promethean_Weapon_Effects\tags\objects\weapons\rifle\storm_forerunner_rifle\fx\parts\core_energy_3rd.tracer_system","28240","335BDFDE4CE00B430773D50D52CC22E002453A7352DD3AEE6BDB56CE0929C809"
"Halo4_Promethean_Weapon_Effects\tags\objects\weapons\rifle\storm_forerunner_rifle\fx\parts\core_energy.tracer_system","28240","645C901832BE79A7E489B88BD308A6D41B97D9474E6F8E1A212A80C3912F773F"
"Halo4_Promethean_Weapon_Effects\tags\objects\weapons\rifle\storm_forerunner_rifle\fx\parts\fr_lenseflare_rifle_1st.lens_flare","7964","ED8F23742AC6243858DEB695C401E19CEA29703A0A0B5E8C0D4D410A82791BDA"
"Halo4_Promethean_Weapon_Effects\tags\objects\weapons\rifle\storm_forerunner_rifle\fx\parts\fr_lenseflare_rifle_energy_glow_scope_1st.lens_flare","8564","E7EF79A99F3E4A74FF6CA5C9AE1B38966B5D00F89D0400C058EA4AB6FF597C00"
"Halo4_Promethean_Weapon_Effects\tags\objects\weapons\rifle\storm_forerunner_rifle\fx\parts\fr_lenseflare_rifle_energy_glow_scope_front.lens_flare","8534","0CE109D5564FE026480188A61CD397FFBBA7B3D4E57F8C645B3ED83FF76FB257"
"Halo4_Promethean_Weapon_Effects\tags\objects\weapons\rifle\storm_forerunner_rifle\fx\parts\fr_lenseflare_rifle_energy_glow_scope.lens_flare","8534","1184289C5AD32B9FE266C518076EE9AB4F2C9904E093B48453E46C9684AA91E9"
"Halo4_Promethean_Weapon_Effects\tags\objects\weapons\rifle\storm_forerunner_rifle\fx\parts\fr_lenseflare_rifle_energy_glow.lens_flare","9147","B09CC1DB04241134ECB9C45BDAAA2F36FE8564F42366892B7FA85A808357D552"
"Halo4_Promethean_Weapon_Effects\tags\objects\weapons\rifle\storm_forerunner_rifle\fx\parts\fr_lenseflare_rifle_muzzle_1st.lens_flare","8530","F32B207C8448429F68996DED9AC4A4ADF3078EC1DF58CAD6A943C77522942FBA"
"Halo4_Promethean_Weapon_Effects\tags\objects\weapons\rifle\storm_forerunner_rifle\fx\parts\fr_lenseflare_rifle_muzzle_soft_glow.lens_flare","10622","08D66BCBA1D1F5A702B95DB5022F317226D96C9436D233493F254CA83E3ECE76"
"Halo4_Promethean_Weapon_Effects\tags\objects\weapons\rifle\storm_forerunner_rifle\fx\parts\fr_lenseflare_rifle_muzzle.lens_flare","9110","743294D568EE7FC38854FE8C9D8CF9D4D1261D26F0F9096F8FF9F85027826C65"
"Halo4_Promethean_Weapon_Effects\tags\objects\weapons\rifle\storm_forerunner_rifle\fx\parts\fr_lenseflare_rifle.lens_flare","8830","322090650938A1A7AB29D88B20D1EC81643EF9C0505E3B284339C4A899B9A681"
"Halo4_Promethean_Weapon_Effects\tags\objects\weapons\rifle\storm_forerunner_rifle\fx\parts\fr_rifle_energy_firing.cheap_light","2067","DA9C4229392FA9EB7E8A4BCB99367B861B20813BEABB4365B2D6FC9AF027F7EA"
"Halo4_Promethean_Weapon_Effects\tags\objects\weapons\rifle\storm_forerunner_rifle\fx\parts\fr_rifle_energy_pulse.cheap_light","2067","BEB7862F3549512D161443155944CFB47FE3C385DB260139F9357F23A4CFF091"
"Halo4_Promethean_Weapon_Effects\tags\objects\weapons\rifle\storm_forerunner_rifle\fx\parts\fr_rifle_muzflash_break.particle","18002","B4C4F3F3869505560F297E711AD018C337DD3F8EA30F605CC36F4E8A34FE2E43"
"Halo4_Promethean_Weapon_Effects\tags\objects\weapons\rifle\storm_forerunner_rifle\fx\parts\fr_rifle_muzzle_flare_glow.particle","17158","C5FFF39BD0866505FC5BD176B441966CB622E5A8E75BC24AD08A6E5CB93525B8"
"Halo4_Promethean_Weapon_Effects\tags\objects\weapons\rifle\storm_forerunner_rifle\fx\parts\fr_rifle_muzzle_flare.particle","17998","8B9C2D140A55B9DF1B827921C5A031605D54529654BE1DD4BD713BE63904A7ED"
"Halo4_Promethean_Weapon_Effects\tags\objects\weapons\rifle\storm_forerunner_rifle\fx\parts\ground_3p.cheap_light","2147","B4570C5FE44DEA0B325EFD8157429A52560EB5B14711BA57B3B70957DE747D37"
"Halo4_Promethean_Weapon_Effects\tags\objects\weapons\rifle\storm_forerunner_rifle\fx\parts\ground_3p.shield_impact","5831","4BB973ACD788688E4044FAC773F127DCD79FED76120D3DEAB037254F72F6B1A0"
"Halo4_Promethean_Weapon_Effects\tags\objects\weapons\rifle\storm_forerunner_rifle\fx\parts\impact_shards.cheap_particle_emitter","2845","D03234ED381AFB2CD761E4BBF551A318172FEC38A7BEA6AB0CF0B94F77882AA4"
"Halo4_Promethean_Weapon_Effects\tags\objects\weapons\rifle\storm_forerunner_rifle\fx\parts\muzzle_flash_streaks.particle","17990","E6DE9EA93538D91CAA2D087B8D8672E22627FD0AE227D76CC29B6614EF4766AD"
"Halo4_Promethean_Weapon_Effects\tags\objects\weapons\rifle\storm_forerunner_rifle\fx\parts\muzzle_glow_1p.light_volume_system","14475","7BEBF29460D8D56C259C03B178F041F8004509B7DC68F5858B2F02321E966D3E"
"Halo4_Promethean_Weapon_Effects\tags\objects\weapons\rifle\storm_forerunner_rifle\fx\parts\muzzle_glow_accent_glows.particle","17143","C44DA48A2ED9C65A40056328A524D1E7B257A4E4D39DEE11224BD5864D148281"
"Halo4_Promethean_Weapon_Effects\tags\objects\weapons\rifle\storm_forerunner_rifle\fx\parts\muzzle_glow_accent.particle","17159","511334C0AB674134E66220E6D34B8514F616D41BFF1476AD5AD0A01A899A58C9"
"Halo4_Promethean_Weapon_Effects\tags\objects\weapons\rifle\storm_forerunner_rifle\fx\parts\muzzle_glow_core.particle","17158","4CE11971B6EEB9FFD00880150E9720246C1822A585B179A87B82AB99F6638D79"
"Halo4_Promethean_Weapon_Effects\tags\objects\weapons\rifle\storm_forerunner_rifle\fx\parts\single_beam.tracer_system","23437","21D0B6377A28751279E9E217DD64231E97D29B4A6611CD67A6D1CEAA6E2A0E49"
"Halo4_Promethean_Weapon_Effects\tags\objects\weapons\rifle\storm_forerunner_rifle\fx\parts\split_beams.tracer_system","27849","6D99EB6B8A2E824AD42BE2567F022C1D6882FAF367D49EEE6045BD734162C6F0"
"Halo4_Promethean_Weapon_Effects\tags\objects\weapons\rifle\storm_forerunner_rifle\fx\parts\weapon_spawn_energy_core.effect","63543","B16BD4EEB4509BE65325F1CC0B39E0C96DBADEBB71EE768E12D2375EC7150662"
"Halo4_Promethean_Weapon_Effects\tags\objects\weapons\rifle\storm_forerunner_rifle\fx\storm_forerunner_rifle_bullet_combined.effect","16490","3E131F9B9320DD89208E3BA9A44AA332929F36F8395043C5326F7ECABAEEFF76"
"Halo4_Promethean_Weapon_Effects\tags\objects\weapons\rifle\storm_forerunner_rifle\fx\storm_forerunner_rifle_bullet.effect","16269","B0E9B217E532E4C1232872377972A604517F75EEAC4DEEC115B5E5CB8B0162A1"
"Halo4_Promethean_Weapon_Effects\tags\objects\weapons\rifle\storm_forerunner_rifle\storm_forerunner_rifle.render_model","1996783","5FAFAE90DB4A013D70DDA23756FFC308BD9B42E6B93DB6DC6A202414B190B90B"
"Halo4_Promethean_Weapon_Effects\tags\objects\weapons\rifle\storm_forerunner_rifle\storm_forerunner_rifle.weapon","49257","4F20C1EEF31F48888C7794E38FE63624DFBF1242E26C9AE5D5496ECF60C530B3"
"Halo4_Promethean_Weapon_Effects\tags\objects\weapons\rifle\storm_forerunner_smg\fx\fr_smg_firing_muzzle_flash.effect","87306","51F7FF9E47F5853E0E71CC4FA9561549B27E8C9155B4CF19909B4407DBB5B9F1"
"Halo4_Promethean_Weapon_Effects\tags\objects\weapons\rifle\storm_forerunner_smg\fx\fr_smg_firing.cheap_light","2827","6608AB224732274B290D0A04A17E856248A58FDFA21A044E2DCC279DC666C655"
"Halo4_Promethean_Weapon_Effects\tags\objects\weapons\rifle\storm_forerunner_smg\fx\fr_smg_firing.effect","58266","93C66EC445BE72DE381CA95FEC860D569E86CB63177094745D10A13D86E40B4B"
"Halo4_Promethean_Weapon_Effects\tags\objects\weapons\rifle\storm_forerunner_smg\fx\fr_smg_pawnhead_firing_muzzle_flash.effect","87296","F193951FE26EC4CD57CD4F91E52830ABB4366BAEC27CE8EC27D53337D4485342"
"Halo4_Promethean_Weapon_Effects\tags\objects\weapons\rifle\storm_forerunner_smg\fx\fr_smg_projectile.effect","50548","FB98CA0664CBA520FD993C903994A79CE3AF29E2D9DD56256D2A0D737EDB534A"
"Halo4_Promethean_Weapon_Effects\tags\objects\weapons\rifle\storm_forerunner_smg\fx\ground.effect","16025","61A3558DC2D88BAC7B8CA1BA9CEEFCFEB5ABF53F8EEEF396AF28BA8300E8E70E"
"Halo4_Promethean_Weapon_Effects\tags\objects\weapons\rifle\storm_forerunner_smg\fx\particles\core_digital_bits.particle","17343","D35CDDE6B2DE21EA2BF13888EE411990E299B5889A2F11F562C8BA192FA374D6"
"Halo4_Promethean_Weapon_Effects\tags\objects\weapons\rifle\storm_forerunner_smg\fx\particles\firing_front_plate_1p.particle","17874","B47B4FF02D34BA6C7D82ADA00864DC348093251138AC6B93A25486BFC94374C0"
"Halo4_Promethean_Weapon_Effects\tags\objects\weapons\rifle\storm_forerunner_smg\fx\particles\firing_mid_plate_1p.particle","16192","99EF349DB297D556C949D2304154F7B11D495576D440B1F1B3862A625B028CEE"
"Halo4_Promethean_Weapon_Effects\tags\objects\weapons\rifle\storm_forerunner_smg\fx\particles\firing_muzzle_flash_1p.particle","17842","DE0BEFF9956255E61EAA981C5F19A0AD7CAB3CEF91ED8FC83A60F215DA705345"
"Halo4_Promethean_Weapon_Effects\tags\objects\weapons\rifle\storm_forerunner_smg\fx\particles\firing_muzzle_flash_diamond_1p.particle","17854","6A1687AE0F3AD1935AAC34934DA85552974E9C36198CB5A68C0349DCA229BE47"
"Halo4_Promethean_Weapon_Effects\tags\objects\weapons\rifle\storm_forerunner_smg\fx\particles\firing_muzzle_flash_diamond_3p.particle","17854","EC2BC23513C9FB1DC22E4959B13211527ECE4D4154EC671B5C66F3744A9D2AE7"
"Halo4_Promethean_Weapon_Effects\tags\objects\weapons\rifle\storm_forerunner_smg\fx\particles\firing_muzzle_flash_forward_3p.particle","17857","E8500F6E7A0E3B0EA8BF3C8D8C485D957E00582B0FA34661CFD5C9B052A6483D"
"Halo4_Promethean_Weapon_Effects\tags\objects\weapons\rifle\storm_forerunner_smg\fx\particles\firing_muzzle_flash_large_3p.particle","17914","33FE9F7D64AE9F59825368AD793E19894710AE7E9C69C8783124FCE32E7C5792"
"Halo4_Promethean_Weapon_Effects\tags\objects\weapons\rifle\storm_forerunner_smg\fx\particles\firing_muzzle_flash_large.particle","17914","CF47612E247D5CAAE29B63EBC81B88AD96755F21EC7664A77EDBF88A9830209B"
"Halo4_Promethean_Weapon_Effects\tags\objects\weapons\rifle\storm_forerunner_smg\fx\particles\firing_rear_slide_1p.particle","16199","254F6B1D806458BA58D3D0EB26B98701318AED9AEBC751CE3C409C87FDB12485"
"Halo4_Promethean_Weapon_Effects\tags\objects\weapons\rifle\storm_forerunner_smg\fx\particles\firing_top_plate_1p.particle","16192","39A8566FAB3181A80CA7BC861D83D2C3F113C3252773F1CB1047923A52BC1CCD"
"Halo4_Promethean_Weapon_Effects\tags\objects\weapons\rifle\storm_forerunner_smg\fx\particles\firing_vent_ring1_3p.particle","17189","B82E72AD4C4A62DCEA64BA5D5866CE2266DC20F933B68E38ACD29E6A42CBF1C3"
"Halo4_Promethean_Weapon_Effects\tags\objects\weapons\rifle\storm_forerunner_smg\fx\particles\fr_mesh_projectile.particle","16094","11508CECB10ACB4342265E5F25F5462F2FCCF7DC769C8D15EAE91BCF284C439C"
"Halo4_Promethean_Weapon_Effects\tags\objects\weapons\rifle\storm_forerunner_smg\fx\particles\impact_burst_core.particle","16587","9195BC1B2A21E915A0C1056871486099A3335576842D32B9294B91F11B09BA77"
"Halo4_Promethean_Weapon_Effects\tags\objects\weapons\rifle\storm_forerunner_smg\fx\particles\impact_fluid_droplets.particle","17924","A5CCD96EF42AFB7215D69FC8D5EE85253AEBC82510EBCA0F4AAAE35BC5C0859E"
"Halo4_Promethean_Weapon_Effects\tags\objects\weapons\rifle\storm_forerunner_smg\fx\particles\impact_fluid_upspray.particle","17944","0EF7F8D09B4CA8789B8FD156F244BACB1E445C591B9695A280B8537E3B4AAD65"
"Halo4_Promethean_Weapon_Effects\tags\objects\weapons\rifle\storm_forerunner_smg\fx\particles\impact_rays.particle","18692","81F589BBE60D35432BC2B61A59F0D8283314FB35B6B36985A009D0A187E1EE4A"
"Halo4_Promethean_Weapon_Effects\tags\objects\weapons\rifle\storm_forerunner_smg\fx\particles\projectile_glow.particle","17365","3520B8DC1AF7B2C6FDD74C33F718048270D3AF19D04E0F29C5DDDE5F01EF9CB7"
"Halo4_Promethean_Weapon_Effects\tags\objects\weapons\rifle\storm_forerunner_smg\fx\particles\ready_sight_1p.particle","17338","8422A38148752212373562A8638390A908118D9481CD113A119A0562151F8611"
"Halo4_Promethean_Weapon_Effects\tags\objects\weapons\rifle\storm_forerunner_smg\fx\particles\ready_sight_flare_1p.particle","17169","0709D740F4C2C5ADC8FAD8023F588F95DA7A8D1C7061818EB13721AD86EE7DE9"
"Halo4_Promethean_Weapon_Effects\tags\objects\weapons\rifle\storm_forerunner_smg\fx\particles\reload_chamber_side_1p.particle","17878","4BE147ACE572B0E976B1A775C5BDBA3004D2199B582BCB31E440701AB7CBB309"
"Halo4_Promethean_Weapon_Effects\tags\objects\weapons\rifle\storm_forerunner_smg\fx\particles\reload_mid_plate_1p.particle","17875","2194007702EDF946631BB627F5EC55328D41F37AC17E1F5934D0EDF01E603ACC"
"Halo4_Promethean_Weapon_Effects\tags\objects\weapons\rifle\storm_forerunner_smg\fx\particles\reload_vent_ring1_1p.particle","18869","D9AF0AC8D0263DD889900EE381EE518D4900E7425DF953D312F3D06FB20B3A95"
"Halo4_Promethean_Weapon_Effects\tags\objects\weapons\rifle\storm_forerunner_smg\fx\particles\reload_vent_ring2_1p.particle","18869","91F66533298A8C9107E6A3F3098DD5ACCBB2E367ABDE4879C27C950450FD0A68"
"Halo4_Promethean_Weapon_Effects\tags\objects\weapons\rifle\storm_forerunner_smg\fx\particles\storm_forerunner_projectile_flare_accent_front.particle","15783","A3531E813E7D44E374FAE572022DC4E3FDB8221ADBF9C599FB4BF24134FB894D"
"Halo4_Promethean_Weapon_Effects\tags\objects\weapons\rifle\storm_forerunner_smg\fx\particles\storm_forerunner_projectile_flare_accent.particle","16617","87BBFB836BD7F2F31BF1EC531E0898F37C9CC0D0DA3D9C1C4121F2BB7F2A578E"
"Halo4_Promethean_Weapon_Effects\tags\objects\weapons\rifle\storm_forerunner_smg\fx\particles\storm_forerunner_projectile_flare_med.particle","17286","1087864E236CEC214C955D8F18E1C1897A380ADC6C436E2561E52A1F06E0DC5A"
"Halo4_Promethean_Weapon_Effects\tags\objects\weapons\rifle\storm_forerunner_smg\fx\particles\storm_forerunner_projectile_plasma_smoke.particle","21257","EB49C8C2A8C59E6D33E1721118C5315518509DB4FE229B18FBCEE55F4C1D5D4E"
"Halo4_Promethean_Weapon_Effects\tags\objects\weapons\rifle\storm_forerunner_smg\fx\particles\storm_forerunner_smg_muzflash_distortion.particle","18729","5713A2393CEEF10C041B0A45A59DD9DA278BE682938DB996B769C13002F7AF2D"
"Halo4_Promethean_Weapon_Effects\tags\objects\weapons\rifle\storm_forerunner_smg\fx\particles\storm_forerunner_smg_projectile.particle","16192","52BBC3ED896ABDAEBF7DE39D417190789EB2B701556F89D8BA791C8073D81A43"
"Halo4_Promethean_Weapon_Effects\tags\objects\weapons\rifle\storm_forerunner_smg\fx\parts\firing_1p.cheap_light","2827","1CD0692A0C6CBBD4776554820238169FC9A85AF0A7F2D4DDA7B6511F7A9D4B47"
"Halo4_Promethean_Weapon_Effects\tags\objects\weapons\rifle\storm_forerunner_smg\fx\parts\firing_3p.cheap_light","2827","CCDEE511BC7482869730E5FD5838CD2DE6EF4F97600EF76102461FB174B7223F"
"Halo4_Promethean_Weapon_Effects\tags\objects\weapons\rifle\storm_forerunner_smg\fx\parts\fr_lenseflare_smg_1st_person_projectile.lens_flare","8804","0F5CCEBB8E74CD60F91EB5A1F6ADCCDE12C33294F1AA44011473EC1F14BC9E1D"
"Halo4_Promethean_Weapon_Effects\tags\objects\weapons\rifle\storm_forerunner_smg\fx\parts\fr_smg_impact_decal.decal_system","9395","3F79200848E7F6A6C489EE129C98E06E1F651A9D6FD140D1CF387F2177AD7EF0"
"Halo4_Promethean_Weapon_Effects\tags\objects\weapons\rifle\storm_forerunner_smg\fx\parts\fr_smg_impact_hard_metal_for.decal_system","9402","4A91B9A31AC0F9DE419D1373125D8D3F2289679298ABDD24199AB7DC91EB49C7"
"Halo4_Promethean_Weapon_Effects\tags\objects\weapons\rifle\storm_forerunner_smg\fx\parts\fr_smg_impact.cheap_light","2827","1A4313D98717A2AC088C59B7BF1A7FFCA2A507973C7377F893D599542AE0A7CE"
"Halo4_Promethean_Weapon_Effects\tags\objects\weapons\rifle\storm_forerunner_smg\fx\parts\ground_3p.cheap_light","2147","E3FABA9D3395E6350238F9CB6E4288B55482E30C410932DF569BBD675CFED176"
"Halo4_Promethean_Weapon_Effects\tags\objects\weapons\rifle\storm_forerunner_smg\fx\parts\ground_3p.shield_impact","5837","ED843597C8FDABD24C8DE2BDA66912CE448F0D24DAF846C11E6580EB1FD2CAD1"
"Halo4_Promethean_Weapon_Effects\tags\objects\weapons\rifle\storm_forerunner_smg\fx\parts\projectile_fr_smg_1st.light_volume_system","13598","C615759FDBB6990CA49699E64B2CFEA6E6953EA8B26D767707AD63E552177E03"
"Halo4_Promethean_Weapon_Effects\tags\objects\weapons\rifle\storm_forerunner_smg\fx\parts\projectile_fr_smg_3rd.light_volume_system","13598","B84E389A8F5B7F37ED6E8362E720BC507A619F44ACE5DDBD4038E1444FFA7B9E"
"Halo4_Promethean_Weapon_Effects\tags\objects\weapons\rifle\storm_forerunner_smg\fx\parts\projectile_plasma.light_volume_system","15110","72BEBC4C4FDEB0167F520021749B4846EEFC437CE09BC05D462480EE24508B4F"
"Halo4_Promethean_Weapon_Effects\tags\objects\weapons\rifle\storm_forerunner_smg\fx\parts\reload_1p.cheap_light","3667","0F07B7D79260B41CA703C04319036DE5E6E4C2A8F572394663B4672C130D9858"
"Halo4_Promethean_Weapon_Effects\tags\objects\weapons\rifle\storm_forerunner_smg\fx\parts\sight_3p.lens_flare","6844","ECEA6BDA58D3C30E879F0ACA384DEABA2C3786B50FA923A69FE7C0BC7A982B7B"
"Halo4_Promethean_Weapon_Effects\tags\objects\weapons\rifle\storm_forerunner_smg\fx\parts\storm_forerunner_smg_projectile_plasma.tracer_system","14884","56B51F62DA7BCF01E95C74FF625EF2497EADE5929824F500B6A8C540CEE1A0BA"
"Halo4_Promethean_Weapon_Effects\tags\objects\weapons\rifle\storm_forerunner_smg\fx\ready.effect","27100","4B98040AEEE7255199E9E1F81771DC042F77458B1676A9377B9C20C55F27BE23"
"Halo4_Promethean_Weapon_Effects\tags\objects\weapons\rifle\storm_forerunner_smg\fx\reload.effect","132592","BF77423A8B3906FE6964E2134C9D92627C4E30F05C5C9ECBE44741B8AB240786"
"Halo4_Promethean_Weapon_Effects\tags\objects\weapons\rifle\storm_forerunner_smg\fx\smg_impact_for_decal.effect","56258","F222159CA2C5F673BB5C17DEA4F43B4797B8FE522FE9D524885AF23571240D14"
"Halo4_Promethean_Weapon_Effects\tags\objects\weapons\rifle\storm_forerunner_smg\fx\smg_impact_no_decal.effect","55853","BE511BF80B0DBC7B12DA5CF19A43D583258294781C8E63210C2940CEFF20E3B5"
"Halo4_Promethean_Weapon_Effects\tags\objects\weapons\rifle\storm_forerunner_smg\fx\smg_impact.effect","55984","6679E12C95AEE21637735928E15713D4060ADF02BA84C4AB9CA72E42DB62D970"
"Halo4_Promethean_Weapon_Effects\tags\objects\weapons\rifle\storm_forerunner_smg\fx\storm_forerunner_smg_bullet.tracer_system","13588","FAD669D60061C81555FC7571E93DA7B818B0B059D1CB92D369E2C1CFF025C4AB"
"Halo4_Promethean_Weapon_Effects\tags\objects\weapons\rifle\storm_forerunner_smg\storm_forerunner_smg.render_model","2206514","99639288BE8EB43AD95401E0474536B8117C17DBD4126DA949516B9FEED64144"
"Halo4_Promethean_Weapon_Effects\tags\objects\weapons\rifle\storm_forerunner_smg\storm_forerunner_smg.weapon","48048","19D7374B3D5AFD1EDC5A786DCE9ADF11DD52CF2621C0749A2A2650AB3EABB824"
"Halo4_Promethean_Weapon_Effects\tags\objects\weapons\rifle\storm_forerunner_sniper_rifle\fx\ammo.effect","42284","B29323BD5BBA9BDC13F7BCE5902ADC75BCA514985EFDB49C7BCE2F30E39ECDD8"
"Halo4_Promethean_Weapon_Effects\tags\objects\weapons\rifle\storm_forerunner_sniper_rifle\fx\fr_sniper_rifle_firing.effect","283889","0D8F01CECFE1DAC990FC728933445B6C57519BE2CB09BD2B790DE51146273827"
"Halo4_Promethean_Weapon_Effects\tags\objects\weapons\rifle\storm_forerunner_sniper_rifle\fx\ground.effect","16054","5CE09E7680C80021437FD1DD42FDA5BADF826ADF2D8114F3D6052DBC1E9E4EB8"
"Halo4_Promethean_Weapon_Effects\tags\objects\weapons\rifle\storm_forerunner_sniper_rifle\fx\particles\firing_bottom_plate_1p.particle","17885","7709F9E88333D4BDF81DABEB0F3A927604633AD3E2FE9D4E6C2EC2E723E589E8"
"Halo4_Promethean_Weapon_Effects\tags\objects\weapons\rifle\storm_forerunner_sniper_rifle\fx\particles\firing_cylinder_1p.particle","17881","58CD74B5A46E72D960AF8C95D90458EBABA1127A64723915D385B38BC6A79481"
"Halo4_Promethean_Weapon_Effects\tags\objects\weapons\rifle\storm_forerunner_sniper_rifle\fx\particles\firing_front_plate_1p.particle","17884","E2B64C77AA7D6838336E51F5B7AB183CB926A8478EFBA9BCBE594607C9046072"
"Halo4_Promethean_Weapon_Effects\tags\objects\weapons\rifle\storm_forerunner_sniper_rifle\fx\particles\firing_muzzle_flare_glow.particle","17583","8E6D27DC6BDDCAAA1AC1818903C9697FBA4B4408A4061F75331C78748C4091EB"
"Halo4_Promethean_Weapon_Effects\tags\objects\weapons\rifle\storm_forerunner_sniper_rifle\fx\particles\firing_muzzle_flash_1p.particle","17842","3583D684486E374C196D012C67663E55C7A83F5C352176C484F4BEF32A6227CB"
"Halo4_Promethean_Weapon_Effects\tags\objects\weapons\rifle\storm_forerunner_sniper_rifle\fx\particles\firing_muzzle_flash_diamond_1p.particle","17047","A6ED2376424E3E99F1840A3DDA81E6BD0D2ADE8E1FD4122B488E0E9DBDB3DD3C"
"Halo4_Promethean_Weapon_Effects\tags\objects\weapons\rifle\storm_forerunner_sniper_rifle\fx\particles\firing_muzzle_flash_large_1p.particle","16236","A3A6AD163989B170530C741C372BDDEAF3B1EED62C546D9A34253A27C2A175CD"
"Halo4_Promethean_Weapon_Effects\tags\objects\weapons\rifle\storm_forerunner_sniper_rifle\fx\particles\firing_muzzle_flash_soft_1p.particle","16998","C25F17E82C98311A5B0E1CE572C0AC2720D057588E7B856D2EE5A956E15B23E4"
"Halo4_Promethean_Weapon_Effects\tags\objects\weapons\rifle\storm_forerunner_sniper_rifle\fx\particles\firing_muzzle_glow_accent_glows.particle","17559","B41FF70D8EE749F3D63117DB4E9E8488B0DD787BC17743C43729A4A8844A1A20"
"Halo4_Promethean_Weapon_Effects\tags\objects\weapons\rifle\storm_forerunner_sniper_rifle\fx\particles\firing_muzzle_glow_accent.particle","17584","E9E51E303F1B958B15FC81869B818BB4B9ABCDA074A79D132AB659D80A809C16"
"Halo4_Promethean_Weapon_Effects\tags\objects\weapons\rifle\storm_forerunner_sniper_rifle\fx\particles\firing_secondary_muzzle_flash_1p.particle","17348","553C9490F9C84CBE58E8CAF03DFEDE6A4D48B3F519AD68F503657043A5FF21E9"
"Halo4_Promethean_Weapon_Effects\tags\objects\weapons\rifle\storm_forerunner_sniper_rifle\fx\particles\firing_top_plate_1p.particle","17882","07D57A0372238C965F2EA8E4E1E573AD73D8FC56B8572261C57A3859A99AC86F"
"Halo4_Promethean_Weapon_Effects\tags\objects\weapons\rifle\storm_forerunner_sniper_rifle\fx\particles\firing_top_plate_slide_1p.particle","17888","DB80790B4FCB38EF35366466B28083C67795D97658982078B2A8A5C1F6401734"
"Halo4_Promethean_Weapon_Effects\tags\objects\weapons\rifle\storm_forerunner_sniper_rifle\fx\particles\firing_vent_bits_1p.particle","17307","862BA270EB45EE730A3C275965E7E5A253FAE79BA35703DEB69162ADDA450D70"
"Halo4_Promethean_Weapon_Effects\tags\objects\weapons\rifle\storm_forerunner_sniper_rifle\fx\particles\firing_vent_ring1_1p.particle","18872","5B7C72B228B3B5AA4DCEB55A0190EAA4011DA5F17154BAE9E7D9C32C70B0F2A8"
"Halo4_Promethean_Weapon_Effects\tags\objects\weapons\rifle\storm_forerunner_sniper_rifle\fx\particles\firing_vent_ring2_1p.particle","18872","57E8AB34DB51F5FDB61AD1C8E811407B9F52FF6CDAD1C80548B77119C2CEB4B5"
"Halo4_Promethean_Weapon_Effects\tags\objects\weapons\rifle\storm_forerunner_sniper_rifle\fx\particles\scope_fr_lensflare_1p.particle","17249","82434FE4D1EFB7AD988649EA42D1E0165941EBF5CF88CE0BF56980176731E692"
"Halo4_Promethean_Weapon_Effects\tags\objects\weapons\rifle\storm_forerunner_sniper_rifle\fx\particles\scope_fr_streak_flare_1p.particle","17244","64B5D329D715CB86CFF639AE5198669898FA643595A6CE6E5237BAA570206BB6"
"Halo4_Promethean_Weapon_Effects\tags\objects\weapons\rifle\storm_forerunner_sniper_rifle\fx\particles\scope_front_3p.particle","17354","2868E41AB4830DC109FF33F84E4C85CB72CF90964274DAB44D5F5086D0CBE582"
"Halo4_Promethean_Weapon_Effects\tags\objects\weapons\rifle\storm_forerunner_sniper_rifle\fx\particles\scope_rear_3p.particle","17353","2CD7D7E0EC204F19588881051BCA4128D48F2F504A373B3B8F492897F8BDACBB"
"Halo4_Promethean_Weapon_Effects\tags\objects\weapons\rifle\storm_forerunner_sniper_rifle\fx\particles\scope_rear_lensflare_3p.particle","17169","E5BC2015620316A26B813434FE5F67A361208F2DEEFD08C867F9467DEEF85C1E"
"Halo4_Promethean_Weapon_Effects\tags\objects\weapons\rifle\storm_forerunner_sniper_rifle\fx\particles\scope_ring1_1p.particle","17272","D5FFAAA0A75E8784DBA760F5F55C1F90D75EECE2813E6CE5579B43042BA52F28"
"Halo4_Promethean_Weapon_Effects\tags\objects\weapons\rifle\storm_forerunner_sniper_rifle\fx\particles\scope_ring2_1p.particle","17272","1EE1F527C359E17AA4767F1CDE8AA7214E6B5444EA6395C7272A96275AD4F65C"
"Halo4_Promethean_Weapon_Effects\tags\objects\weapons\rifle\storm_forerunner_sniper_rifle\fx\particles\scope_side_3p.particle","17353","3B9D7654E1C9887DD65AD7C55BF4C370A4D57B45943FF8E661EA54772AA1C368"
"Halo4_Promethean_Weapon_Effects\tags\objects\weapons\rifle\storm_forerunner_sniper_rifle\fx\parts\firing_1p.cheap_light","3667","FC31287B5FCF82D397F70E15A1F09FA6566F1323F3175ACB488F24E2C930884E"
"Halo4_Promethean_Weapon_Effects\tags\objects\weapons\rifle\storm_forerunner_sniper_rifle\fx\parts\firing_3p.cheap_light","3667","19B8FB923C6509F5B999A5A074A5D710EAF4BDC0E08F801880E404647BB78D2B"
"Halo4_Promethean_Weapon_Effects\tags\objects\weapons\rifle\storm_forerunner_sniper_rifle\fx\parts\fr_sniper_tracer.tracer_system","27832","6F2C3581245093FCC57FB061959F18D9936EC81DBA43FD6CDEA11564B20E7C9A"
"Halo4_Promethean_Weapon_Effects\tags\objects\weapons\rifle\storm_forerunner_sniper_rifle\fx\parts\ground_3p.cheap_light","2147","67EA95D67DD44C9DA35105412A1885B68C6365DDF88A14539B22CE498D44D5FC"
"Halo4_Promethean_Weapon_Effects\tags\objects\weapons\rifle\storm_forerunner_sniper_rifle\fx\parts\ground_3p.shield_impact","5837","98BB27C0C6ECEF9315BAADAAB3AB3D47AFE888CC7B0D4C088E1411649D1D8ABA"
"Halo4_Promethean_Weapon_Effects\tags\objects\weapons\rifle\storm_forerunner_sniper_rifle\fx\parts\scope_front_3p.lens_flare","6604","80A3E8CE091B75A43560177097CDEA4310A50A1FB4FF3C37DF430CC1C9F87D0D"
"Halo4_Promethean_Weapon_Effects\tags\objects\weapons\rifle\storm_forerunner_sniper_rifle\fx\parts\scope_rear_3p.lens_flare","6424","6EB1B4502DB59EAE849FFCC6303BB8963F18687A6ED340691BBC032ADFA53978"
"Halo4_Promethean_Weapon_Effects\tags\objects\weapons\rifle\storm_forerunner_sniper_rifle\fx\parts\scope_side_3p.lens_flare","6604","D2BFA3AD70B95026FEA7C6E97434F03EE8FCCEA39396FECF2323EEB1F4CB9585"
"Halo4_Promethean_Weapon_Effects\tags\objects\weapons\rifle\storm_forerunner_sniper_rifle\fx\parts\scoped_beams_side_3p.tracer_system","14594","242E69269980D481FF2DF8C471E8030F6A0F8C77E47BFFF884345F6AE074B79D"
"Halo4_Promethean_Weapon_Effects\tags\objects\weapons\rifle\storm_forerunner_sniper_rifle\fx\parts\scoped_beams_top_3p.tracer_system","14594","4B7AFC2027FC5C4BD1952DEB5C5C68D0D992C609CF3CC07272FBDA2A4B283899"
"Halo4_Promethean_Weapon_Effects\tags\objects\weapons\rifle\storm_forerunner_sniper_rifle\fx\parts\scoped_glare_top.lens_flare","16751","29D1EB9161DF227D4B21277731FE4CD3FBCEC9B40561F6F17A1488492894EECD"
"Halo4_Promethean_Weapon_Effects\tags\objects\weapons\rifle\storm_forerunner_sniper_rifle\fx\parts\scoped_glare.lens_flare","16751","069CE81BE84F7F99EE67B9034265E7FF460896F9FF92672B55E006D60E08B4A8"
"Halo4_Promethean_Weapon_Effects\tags\objects\weapons\rifle\storm_forerunner_sniper_rifle\fx\ready.effect","87246","1E73CAD6DE8C71F66CBF1632FCFAD88BEF7766FE3FEDC4E6E8E9C001D69D51F2"
"Halo4_Promethean_Weapon_Effects\tags\objects\weapons\rifle\storm_forerunner_sniper_rifle\fx\scoped_beams.effect","17682","038F6B1337B5B7B02638928CADAF5E5D10A535BAC60DCBA1B92E3B26742CA27D"
"Halo4_Promethean_Weapon_Effects\tags\objects\weapons\rifle\storm_forerunner_sniper_rifle\fx\storm_forerunner_sniper_bullet.effect","16281","49440374CE2CB32025768F7DE7392F9A8B686FCE91A3DC7C763AB192D0D8D740"
"Halo4_Promethean_Weapon_Effects\tags\objects\weapons\rifle\storm_forerunner_sniper_rifle\storm_forerunner_sniper_rifle.render_model","2091917","EDD3F7224614F2A6F7DE6F155D026F55EF099A791718B90F31E9D124F3DB50FD"
"Halo4_Promethean_Weapon_Effects\tags\objects\weapons\rifle\storm_forerunner_sniper_rifle\storm_forerunner_sniper_rifle.weapon","44978","8A3B6B4BD732AE4E4A344EFCC833488BBCD9FF0CEF6A4BC7BFAB6F96B6A3D59F"
"Halo4_Promethean_Weapon_Effects\tags\objects\weapons\rifle\storm_homing_rifle\fx\homingrifle_muzflash_energy.particle","18682","63F6B6A68B890FE8AFF617FE87FDFB99F8911A66C3014179D9CD2A34862F6596"
"Halo4_Promethean_Weapon_Effects\tags\objects\weapons\rifle\storm_homing_rifle\fx\homingrifle_muzflash_firey_round.particle","17791","24BDA98977F021CFB609713B76C101982B0CFE4A34A063708A90AC1C387F70FA"
"Halo4_Promethean_Weapon_Effects\tags\objects\weapons\rifle\storm_shotgun\fx\sg_firing.cheap_light","2787","AD4E112E6908D77134E9CAC99262E96B9C90BBCF016BA4E16942BC389A5076D3"
"Halo4_Promethean_Weapon_Effects\tags\objects\weapons\rifle\storm_spread_gun\fx\firing\parts\firing_3p.lens_flare","10006","FB2F0083C797F9E862EAD36C73B34B71F13DB0EA782812779F9FFD974639BF63"
"Halo4_Promethean_Weapon_Effects\tags\objects\weapons\rifle\storm_spread_gun\fx\firing\parts\firing_forward_flash_1p.light_volume_system","14475","80516493E23D48A9125E4048483F3C7A59109018CA5BBF3091186F177480068E"
"Halo4_Promethean_Weapon_Effects\tags\objects\weapons\rifle\storm_spread_gun\fx\firing\parts\firing_forward_flash_3p.light_volume_system","14475","E6A260FDF3E84E83802899953B7630AB232F6413D96EE113C43ED26F5CBDAD46"
"Halo4_Promethean_Weapon_Effects\tags\objects\weapons\rifle\storm_spread_gun\fx\firing\parts\float_flare_1p.lens_flare","5841","A9D95DA806132BBF4930D97A4152CC484BAC7C896F15144CED2CE9876D2D1F7B"
"Halo4_Promethean_Weapon_Effects\tags\objects\weapons\rifle\storm_spread_gun\fx\firing\parts\front_rail_1p.particle","17449","3C4FF9A15855BE0D87E41D49F417795092941BE33DF7C5B0D9BB6003E22132CF"
"Halo4_Promethean_Weapon_Effects\tags\objects\weapons\rifle\storm_spread_gun\fx\firing\parts\mid_rail_1p.particle","17447","5A5A741F0A3797379375253075AC5242D1F3D55EEBF9A34ACD1FCB2A1657A272"
"Halo4_Promethean_Weapon_Effects\tags\objects\weapons\rifle\storm_spread_gun\fx\firing\parts\muzzle_bits_1p.particle","17731","A9067D3614B27333E897861CAB71799112B9B56DB1CF5322E1170978EB7420CD"
"Halo4_Promethean_Weapon_Effects\tags\objects\weapons\rifle\storm_spread_gun\fx\firing\parts\muzzle_flash_3p.cheap_light","2769","5EC642B449EDF4A027F60C3D77A80940DB8895E0817329218CB45672D2612E76"
"Halo4_Promethean_Weapon_Effects\tags\objects\weapons\rifle\storm_spread_gun\fx\firing\parts\muzzle_flash_large.particle","17434","5DAA289188B287A32433FDE5F2A072993D8DC1DA11565D9E095D19A3E31EBFEB"
"Halo4_Promethean_Weapon_Effects\tags\objects\weapons\rifle\storm_spread_gun\fx\firing\parts\muzzle_flash.cheap_light","2769","D3D52BD90C32DF33E40F85065FEB05ECF4C875F43A1FA07428D75295F5CA7C65"
"Halo4_Promethean_Weapon_Effects\tags\objects\weapons\rifle\storm_spread_gun\fx\firing\parts\muzzle_forward_3p.particle","17438","59806ABA19F7DC01EB167699D6D1A5615E87E00684375519ED80258BCD61E314"
"Halo4_Promethean_Weapon_Effects\tags\objects\weapons\rifle\storm_spread_gun\fx\firing\parts\muzzle_glow_1p.particle","18262","4D9F13BA2977D2890B7765EC591A72199A032D1D26A60E02D6ECC1FBA1B4F58B"
"Halo4_Promethean_Weapon_Effects\tags\objects\weapons\rifle\storm_spread_gun\fx\firing\parts\muzzle_glow_3p.particle","18262","CB8E1B85BA090C044E7EEB84F37CB2F8CC33FF8266CC3CC3C186EFBC49CBA236"
"Halo4_Promethean_Weapon_Effects\tags\objects\weapons\rifle\storm_spread_gun\fx\firing\parts\muzzle_rings_1p.particle","17446","26799F3345F71A4DF6796C7FF1D5CAD4C53391DCD9076DF16D7795225A91F53E"
"Halo4_Promethean_Weapon_Effects\tags\objects\weapons\rifle\storm_spread_gun\fx\firing\parts\muzzle_rings_small_1p.particle","17446","9CFE6C256D2FB4356BB07737A5E9780CE9EF13F5370572879EAE223A3E40171A"
"Halo4_Promethean_Weapon_Effects\tags\objects\weapons\rifle\storm_spread_gun\fx\firing\parts\muzzle_streak_1p.particle","18262","69706A2C5C1846B8DB395997E5F723DF38ED2383208015DD7A42027CFC575D4A"
"Halo4_Promethean_Weapon_Effects\tags\objects\weapons\rifle\storm_spread_gun\fx\firing\parts\slide_rail_1p.particle","17444","78F56375C30E8BE931283FEEE688902BE84E49567378638D2421955C8AB72B26"
"Halo4_Promethean_Weapon_Effects\tags\objects\weapons\rifle\storm_spread_gun\fx\firing\sg_firing.effect","150764","9E55B308DD6650DFAB857880EE49BA3D941681DE6B5A31704676361597B76508"
"Halo4_Promethean_Weapon_Effects\tags\objects\weapons\rifle\storm_spread_gun\fx\flashlight.effect","15269","D8FDF9376B38B9A49DDF1DB75A470406A7642FE91B3F4917193A694E35E57130"
"Halo4_Promethean_Weapon_Effects\tags\objects\weapons\rifle\storm_spread_gun\fx\flashlight.lens_flare","7238","89EE229770EB5432393655A424B9FD7831CBDD1D536180B34BFF4DD02061827E"
"Halo4_Promethean_Weapon_Effects\tags\objects\weapons\rifle\storm_spread_gun\fx\flashlight.light_volume_system","16287","34FA7CBFF0AC62435BC4ADB3FAB7C268F2A71923EBDD3139353F70814D97F28A"
"Halo4_Promethean_Weapon_Effects\tags\objects\weapons\rifle\storm_spread_gun\fx\ground.effect","16028","F6E391D0045D234A11DBEA914ED160CDEAFF01F4A59C55923D46414A54DCE065"
"Halo4_Promethean_Weapon_Effects\tags\objects\weapons\rifle\storm_spread_gun\fx\impact\parts\sg_detonate_burst_flare.particle","17042","CE83DB0D58C5028AD163CC5FB9B52F09998ADB15ABF0268A99BCD48CC7BB2CC2"
"Halo4_Promethean_Weapon_Effects\tags\objects\weapons\rifle\storm_spread_gun\fx\impact\parts\sg_detonate_energy_vapor.particle","20842","A7A1733A0C8A19E34331E665697FE96868F290B57BAE84E97F79591E734E203C"
"Halo4_Promethean_Weapon_Effects\tags\objects\weapons\rifle\storm_spread_gun\fx\impact\parts\sg_detonate_glass_cloud.particle","17424","44DCF1F54A08D8FF7BD68EFAF82A39BE569AF3E0264426C3E81D4C722E7644B9"
"Halo4_Promethean_Weapon_Effects\tags\objects\weapons\rifle\storm_spread_gun\fx\impact\parts\sg_impact_decal.decal_system","11253","9283A2EE7C775C8D9D8410F6C0A110AD6AB1482569F313D2F9C677AB8D79B5A2"
"Halo4_Promethean_Weapon_Effects\tags\objects\weapons\rifle\storm_spread_gun\fx\impact\parts\sg_lgt.cheap_light","2769","2DA17E5FC392A5C40CA8C238E076B8D3806ED0F22AEC04F5F1A930452B7D01CD"
"Halo4_Promethean_Weapon_Effects\tags\objects\weapons\rifle\storm_spread_gun\fx\impact\parts\sg_molten_plasma.particle","19570","7F93FB3E5D61420D2131FA404642F774AFD48C1FEE4AE8572ECEC7F0A3C56E73"
"Halo4_Promethean_Weapon_Effects\tags\objects\weapons\rifle\storm_spread_gun\fx\impact\parts\sg_rays.particle","17457","50881CB71511E780A00234DCC10DBB880573A26345F85A03DD2E36BB7EBD118D"
"Halo4_Promethean_Weapon_Effects\tags\objects\weapons\rifle\storm_spread_gun\fx\impact\parts\sg_screen_fx.area_screen_effect","5996","2B5C949F212AD67583DE566C25017F24E9AAF330487C78B3C5C8E848F086A8E5"
"Halo4_Promethean_Weapon_Effects\tags\objects\weapons\rifle\storm_spread_gun\fx\impact\parts\sg_smoke_cloud_base.particle","18454","4AD8A49E70205FCEE59D7F1B03348382D20F00ECE92683195A9BACF95AB9E3C7"
"Halo4_Promethean_Weapon_Effects\tags\objects\weapons\rifle\storm_spread_gun\fx\impact\parts\sg_smoke_cloud_long.particle","17369","C185CD30677CC643F1905953CA95EF6908B34AD55A05BC8A552AF0528B04FD7D"
"Halo4_Promethean_Weapon_Effects\tags\objects\weapons\rifle\storm_spread_gun\fx\impact\parts\sg_sparks.cheap_particle_emitter","2831","693CEFDA6A402C6F339319124A0986700F33E7AADE04AFEE9817D854220667D0"
"Halo4_Promethean_Weapon_Effects\tags\objects\weapons\rifle\storm_spread_gun\fx\impact\sg__super_detonate.effect","43982","4D708F86A76693145766A08695239918DEC12930FF5956A3DD560560713EFF8F"
"Halo4_Promethean_Weapon_Effects\tags\objects\weapons\rifle\storm_spread_gun\fx\impact\sg_bounce.effect","15633","97B96B1835C6E96E79F58333F66AA829E6CC2487D88C1309D94A5A2B90F97D5B"
"Halo4_Promethean_Weapon_Effects\tags\objects\weapons\rifle\storm_spread_gun\fx\impact\sg_detonate.effect","39769","8D0F11C4E53A79FDC9BC56C00DFAFE1708223E8FA5E269C21E026C09A2C33FDB"
"Halo4_Promethean_Weapon_Effects\tags\objects\weapons\rifle\storm_spread_gun\fx\impact\sg_impact.effect","49539","C854F2C8CFE8DB5B0A00E1A1B3F5C4E28D6E9FD74667800432EDC044FDE11E8C"
"Halo4_Promethean_Weapon_Effects\tags\objects\weapons\rifle\storm_spread_gun\fx\misfire.effect","14702","C8E9199946F5A339A7FA75F4020E78A44387FC8A9FB8EC1C7231C3B47C6B9D62"
"Halo4_Promethean_Weapon_Effects\tags\objects\weapons\rifle\storm_spread_gun\fx\particles\float_glow_1p.particle","16019","9949D2A1F665C5C965CBB22714FC6F63AFEF05C187F1661AC8144686C8D55B6A"
"Halo4_Promethean_Weapon_Effects\tags\objects\weapons\rifle\storm_spread_gun\fx\particles\float_streak_1p.particle","16003","936B6AF39BAEA2C8FDB2B7A5EB8E8D73B3CAF9A6BC523ADE11148339D8238CEE"
"Halo4_Promethean_Weapon_Effects\tags\objects\weapons\rifle\storm_spread_gun\fx\particles\reload_reticule1_1p.particle","18077","ECDF673480B77925F3637FB221BB5ABEB29431F622712B0E1507BAA75246E725"
"Halo4_Promethean_Weapon_Effects\tags\objects\weapons\rifle\storm_spread_gun\fx\particles\reload_reticule2_1p.particle","18920","10665F71381DB66AF39E7299573737D10B331062D649011636A81B5D675B2061"
"Halo4_Promethean_Weapon_Effects\tags\objects\weapons\rifle\storm_spread_gun\fx\parts\ground_3p.cheap_light","2147","F9F31A50D5FF7D25C801536274033AFD7AAEBC72FF60B0B6D69E779EE8AED29F"
"Halo4_Promethean_Weapon_Effects\tags\objects\weapons\rifle\storm_spread_gun\fx\parts\ground_3p.shield_impact","5837","D0F7687C9717ECD48F3D6356CB3274EFD793D484C8537D683CD48B6DF454EAE3"
"Halo4_Promethean_Weapon_Effects\tags\objects\weapons\rifle\storm_spread_gun\fx\power_on.effect","27199","30B9952AE9B10C730828890427C4A7ED6D328A0E16FEB2C05BDA96A1EA90AACE"
"Halo4_Promethean_Weapon_Effects\tags\objects\weapons\rifle\storm_spread_gun\fx\projectile\energy_ball_projectile.effect","22989","8BA455266A80F205C06BAF38D6C23EC61BBA27BC611DC17EF44537096354798D"
"Halo4_Promethean_Weapon_Effects\tags\objects\weapons\rifle\storm_spread_gun\fx\projectile\parts\core.light_volume_system","14138","865A2F422443151622D149374F051347FFEEC0682F14BB9FCC87921B591177DB"
"Halo4_Promethean_Weapon_Effects\tags\objects\weapons\rifle\storm_spread_gun\fx\projectile\parts\energy_ball_distort.particle","18133","4CF5F4C4B16566911B64E37BB7DEE39FD0A9CE593984D3DA5CFF12C141A8CDEF"
"Halo4_Promethean_Weapon_Effects\tags\objects\weapons\rifle\storm_spread_gun\fx\projectile\parts\energy_ball_flare.lens_flare","5550","AC58D95252785E25939342056B011D40971CC4DBB304B25D23B546ED3159936B"
"Halo4_Promethean_Weapon_Effects\tags\objects\weapons\rifle\storm_spread_gun\fx\projectile\parts\energy_ball_lgt.cheap_light","2009","4BAF7D99861D52FBD5AABFECD84053B35C5699BB273100315DA0CFB2E7EA147C"
"Halo4_Promethean_Weapon_Effects\tags\objects\weapons\rifle\storm_spread_gun\fx\projectile\parts\energy_ball_sparks.cheap_particle_emitter","2795","85224C152B4519AE0BA847C4D70ABA53F75A8A412AC4526183D28B6589F939E0"
"Halo4_Promethean_Weapon_Effects\tags\objects\weapons\rifle\storm_spread_gun\fx\projectile\parts\energy_trail.tracer_system","16240","BCFDDF6B32DA5CCC218ECBA05DBA97B1E0F865B261B7B40DB6E8AAF1D7170B9D"
"Halo4_Promethean_Weapon_Effects\tags\objects\weapons\rifle\storm_spread_gun\fx\projectile\parts\slug_core_head.particle","16639","0963A930DC8F6647966F2BF686A61E6968386FD49C3D9FB62A439DCD98333E3F"
"Halo4_Promethean_Weapon_Effects\tags\objects\weapons\rifle\storm_spread_gun\fx\projectile\parts\slug_core.particle","15813","8B7615E0639E8F180C502376C3B5326D411B992B894FF22423054BB7DAAEDBE8"
"Halo4_Promethean_Weapon_Effects\tags\objects\weapons\rifle\storm_spread_gun\fx\reload.effect","38617","64FB3B2355E358CF2812D5521A4A229F1612226ADC575A1439A020E165C956B1"
"Halo4_Promethean_Weapon_Effects\tags\objects\weapons\rifle\storm_spread_gun\storm_spread_gun.render_model","1622405","12F70E7C5939E8626BD3B9018A1EA89D455033A629B7A72567B65225D8FF37F2"
"Halo4_Promethean_Weapon_Effects\tags\objects\weapons\rifle\storm_spread_gun\storm_spread_gun.weapon","46877","477A96A81315E0CBFB7C84B93BDF7897EEB007DE5AA297D9951BDE60D078A488"
"Halo4_Promethean_Weapon_Effects\tags\objects\weapons\support_high\storm_forerunner_incineration_launcher\fx\explode_lensflare.lens_flare","7339","629C6094CBC2E3059D03E3C2BEEC3F5EB47B238B0B0F786F0BF9089A22A1B339"
"Halo4_Promethean_Weapon_Effects\tags\objects\weapons\support_high\storm_forerunner_incineration_launcher\fx\fr_incin_firing.effect","178405","06406C906446985FD4EA9B1B57495C4D75F1552699219F9B958DF8598069B984"
"Halo4_Promethean_Weapon_Effects\tags\objects\weapons\support_high\storm_forerunner_incineration_launcher\fx\fr_incin_main_detonation.effect","44295","A7685A04B4404357C9A8E90076A4E4F398A45AE61DC6E1417D3CA423B975E51E"
"Halo4_Promethean_Weapon_Effects\tags\objects\weapons\support_high\storm_forerunner_incineration_launcher\fx\fr_incin_projectile_main_trail.effect","16780","209FB82802B2279243F0AF8DCAA416A6BA9707356B3EB0F85B866D4C72F88F3D"
"Halo4_Promethean_Weapon_Effects\tags\objects\weapons\support_high\storm_forerunner_incineration_launcher\fx\fr_incin_projectile_main.effect","36593","982C4A015FD7F66C84712F84F242715B853AC540D8C9A31BB4D6F257181B3354"
"Halo4_Promethean_Weapon_Effects\tags\objects\weapons\support_high\storm_forerunner_incineration_launcher\fx\fr_incin_projectile_submunition_trail.effect","16908","2BAA8FD497E8A14DD2A4E9828D5FB40024AD1B1D7EF4A3D7A6F8F1BE5A58EDB3"
"Halo4_Promethean_Weapon_Effects\tags\objects\weapons\support_high\storm_forerunner_incineration_launcher\fx\fr_incin_reload.effect","179627","958AA848C5B5A558E0FDD9C6E457A63B42E5262CA8870CC00CA5C9D8FACD3BDB"
"Halo4_Promethean_Weapon_Effects\tags\objects\weapons\support_high\storm_forerunner_incineration_launcher\fx\fr_incin_submunition_detonation.effect","42921","A31A79524C0A0FD5FAC7D689C1EEC24367A06CA08B96C6F179690A870EF5F688"
"Halo4_Promethean_Weapon_Effects\tags\objects\weapons\support_high\storm_forerunner_incineration_launcher\fx\ground.effect","16038","2B654A87042E84E9CEA0124391632C264B74491C8064F4F39C01F4001B637EDA"
"Halo4_Promethean_Weapon_Effects\tags\objects\weapons\support_high\storm_forerunner_incineration_launcher\fx\particles\detonation_energy_ball.particle","17862","0E0E33CC1F83270EA907A76F97E06854F29EF1AFDBF12457F6BE302049B9D6CD"
"Halo4_Promethean_Weapon_Effects\tags\objects\weapons\support_high\storm_forerunner_incineration_launcher\fx\particles\detonation_energy_core_wisps.particle","19360","BFEB1E7CD2FEBCE9DD72F9435410EFB6D768787B29C5CED258D2DBE3675564F1"
"Halo4_Promethean_Weapon_Effects\tags\objects\weapons\support_high\storm_forerunner_incineration_launcher\fx\particles\detonation_energy_wisps.particle","19345","2C7193B7B218E945E891C82B84F8088C2218CFB6F1A6295FC58C0A4A19FB59E7"
"Halo4_Promethean_Weapon_Effects\tags\objects\weapons\support_high\storm_forerunner_incineration_launcher\fx\particles\detonation_flash.particle","17861","32EB73CD6DAF0446D2D78E05EB9AC382E2924A5762D00C649ACAE4A33F92AA44"
"Halo4_Promethean_Weapon_Effects\tags\objects\weapons\support_high\storm_forerunner_incineration_launcher\fx\particles\detonation_shockwave.particle","17862","5EF39C524A59818F61FE185D25A4CBFC6AF827EE1B505AA3B067245483CF7F2D"
"Halo4_Promethean_Weapon_Effects\tags\objects\weapons\support_high\storm_forerunner_incineration_launcher\fx\particles\firing_back_plate_1p.particle","17678","56059DABEA9508AF4C61226CD65E9AF36923B6492F57BB2E666B6CD07853DBCD"
"Halo4_Promethean_Weapon_Effects\tags\objects\weapons\support_high\storm_forerunner_incineration_launcher\fx\particles\firing_barrel_1p.particle","17674","8A361AC34615451708CCB24444AD67FB401D98DC0E2A14FC7F6AF3D98B7D5319"
"Halo4_Promethean_Weapon_Effects\tags\objects\weapons\support_high\storm_forerunner_incineration_launcher\fx\particles\firing_barrel_slide_1p.particle","17680","9FE4B0E14F0DBC4FFF819278ECB521F82DCA97A14AA780374CD9AFAF590E40A9"
"Halo4_Promethean_Weapon_Effects\tags\objects\weapons\support_high\storm_forerunner_incineration_launcher\fx\particles\firing_energy_wave_1p.particle","19348","37D200B4A3373D1F51E0BD9C0FB2DD1A7572DD27FD8DF570E8E366525D4CA00B"
"Halo4_Promethean_Weapon_Effects\tags\objects\weapons\support_high\storm_forerunner_incineration_launcher\fx\particles\firing_energy_wave_front_3p.particle","20625","6888556AEC180371B7D55B0C7B282B13691ED280D2A808E1710BC2E53CAFB968"
"Halo4_Promethean_Weapon_Effects\tags\objects\weapons\support_high\storm_forerunner_incineration_launcher\fx\particles\firing_energy_wave_side_3p.particle","20625","00C11EBF999DBC7CA7566D29592B0FDA0C1051E4EFC7BFA117FA6A63B3B8A983"
"Halo4_Promethean_Weapon_Effects\tags\objects\weapons\support_high\storm_forerunner_incineration_launcher\fx\particles\firing_muzzle_flash_1p.particle","17630","05797CF4F0593C79E0A6BF96E97F9C58E82FE4EDEC31F84E7351C2D1DCD1C563"
"Halo4_Promethean_Weapon_Effects\tags\objects\weapons\support_high\storm_forerunner_incineration_launcher\fx\particles\firing_muzzle_rings_large_1p.particle","17655","265E1959F93960448F8E8B42502543981A872B5B3A4E27AD3BDB5BFD0FAF54E6"
"Halo4_Promethean_Weapon_Effects\tags\objects\weapons\support_high\storm_forerunner_incineration_launcher\fx\particles\firing_muzzle_rings_small_1p.particle","18665","23D777830DCF836416F04BA3FB00EEF0E9ADD41A1C61F7183C65F026259EACF4"
"Halo4_Promethean_Weapon_Effects\tags\objects\weapons\support_high\storm_forerunner_incineration_launcher\fx\particles\firing_top_plate_1p.particle","17677","EC23AE4C51330DEA3E0B5B3B016E8A1CA41B25E9A496270A1F02AD576C0C62F2"
"Halo4_Promethean_Weapon_Effects\tags\objects\weapons\support_high\storm_forerunner_incineration_launcher\fx\particles\firing_top_plate_slide_1p.particle","17683","E56E71E2F05FF5C6796B542ED0041A6919A30D6A94EDFE7DC58500149D04F7B6"
"Halo4_Promethean_Weapon_Effects\tags\objects\weapons\support_high\storm_forerunner_incineration_launcher\fx\particles\firing_vent_1p.particle","17672","29CD39AEB3AD0EF5139C90316AA8AE4D2B6C2D0CC7B305688A374FA9CBFD78EF"
"Halo4_Promethean_Weapon_Effects\tags\objects\weapons\support_high\storm_forerunner_incineration_launcher\fx\particles\projectile_main_core.particle","15928","09255F6AB9DE5871612F89A146FE40A714E087B735D5752BB04F910C2C01165E"
"Halo4_Promethean_Weapon_Effects\tags\objects\weapons\support_high\storm_forerunner_incineration_launcher\fx\particles\reload_bottom_plate_1p.particle","17678","CD0F35B813A73C6E54FE1A9B77DB4C37527B85DFA038C1E5DA23ACF3BFB05D43"
"Halo4_Promethean_Weapon_Effects\tags\objects\weapons\support_high\storm_forerunner_incineration_launcher\fx\particles\reload_bottom_plate_back_1p.particle","17683","E76D5CC2227828A8DBDC1654DD6008000DDCA7F2E48769B0F7200EBA0EA89E15"
"Halo4_Promethean_Weapon_Effects\tags\objects\weapons\support_high\storm_forerunner_incineration_launcher\fx\particles\reload_energy_wave_1p.particle","21868","0397B5CF3A7C70569B7EB7640B31DC6E235F1352E4D4A31F1AA326AB255740E2"
"Halo4_Promethean_Weapon_Effects\tags\objects\weapons\support_high\storm_forerunner_incineration_launcher\fx\particles\reload_glow_1p.particle","18309","46CA496C3E3D76E81017E5CB07EBD813F0E76FDD1115CED13C8F3C9996D1CE57"
"Halo4_Promethean_Weapon_Effects\tags\objects\weapons\support_high\storm_forerunner_incineration_launcher\fx\particles\reload_plate_blur_1p.particle","17856","AD8C2B4D3E66154C27A5AE9867B621C083E08E2C84E0991361146D79D5CB6CF3"
"Halo4_Promethean_Weapon_Effects\tags\objects\weapons\support_high\storm_forerunner_incineration_launcher\fx\particles\reload_top_back_1p.particle","17674","73A8FF20D11A2CDFEB97BF5D30A69CCA5EAEF3F296684361EE44DCCA171DE3FF"
"Halo4_Promethean_Weapon_Effects\tags\objects\weapons\support_high\storm_forerunner_incineration_launcher\fx\particles\reload_top_front_plate_1p.particle","17681","B7568BB601F1280D02E2B05FFAD7C7B8B5569285FFCCCA824A5C7D58F3E34785"
"Halo4_Promethean_Weapon_Effects\tags\objects\weapons\support_high\storm_forerunner_incineration_launcher\fx\particles\reload_top_plate_1p.particle","17675","A046385A0B0B03FE9E60312B37FEF82D91CF2ED2CE2E2D5494EE944E333D5B84"
"Halo4_Promethean_Weapon_Effects\tags\objects\weapons\support_high\storm_forerunner_incineration_launcher\fx\particles\reload_vent_ring1_1p.particle","18660","B9583440F85B1A007B597776EA75A48DFCF47C177A1B54A396A5F00915BC10AE"
"Halo4_Promethean_Weapon_Effects\tags\objects\weapons\support_high\storm_forerunner_incineration_launcher\fx\particles\reload_vent_ring2_1p.particle","18660","91EC398D7F4BC435AC21F85EE5624214C2B922FE0A441C03BCC3EF6FF36FFE28"
"Halo4_Promethean_Weapon_Effects\tags\objects\weapons\support_high\storm_forerunner_incineration_launcher\fx\parts\detonation_submunition.area_screen_effect","17077","DA03B067B3153DE7896DAE99801086EA190275F812D70AC3B3025D6F683A9CBF"
"Halo4_Promethean_Weapon_Effects\tags\objects\weapons\support_high\storm_forerunner_incineration_launcher\fx\parts\detonation_submunition.cheap_light","3667","64C77A593BB74DB536699DBE902ADD59A50ED6C357EA936C0CDE95F25607A407"
"Halo4_Promethean_Weapon_Effects\tags\objects\weapons\support_high\storm_forerunner_incineration_launcher\fx\parts\detonation.area_screen_effect","17077","943DC5435096FE41DC3790BD191C9F5B470CA8AEA64B976022560433BC03268A"
"Halo4_Promethean_Weapon_Effects\tags\objects\weapons\support_high\storm_forerunner_incineration_launcher\fx\parts\detonation.cheap_light","3667","BE90CBB48320AD41AC9D2576E0934043CAB5128FDF1139D0A09147B7BEB07FAE"
"Halo4_Promethean_Weapon_Effects\tags\objects\weapons\support_high\storm_forerunner_incineration_launcher\fx\parts\firing.area_screen_effect","6140","3279EBD59100D61740F1FF9F7D2C2C9D05564BF1A28BA7BC3B096822B8DC30CF"
"Halo4_Promethean_Weapon_Effects\tags\objects\weapons\support_high\storm_forerunner_incineration_launcher\fx\parts\ground_3p.cheap_light","2147","3119AF39FA86D7F95227AD067AAE0745DA6881338248155B4991F7CB964E5C04"
"Halo4_Promethean_Weapon_Effects\tags\objects\weapons\support_high\storm_forerunner_incineration_launcher\fx\parts\ground_3p.shield_impact","5837","84437F3E47FDA7B031A7A28B35E58EAE16C504B680E8A909975D10FD5D7A8172"
"Halo4_Promethean_Weapon_Effects\tags\objects\weapons\support_high\storm_forerunner_incineration_launcher\fx\parts\muzzle_flash_1p.cheap_light","2827","E10579EEE5AC6FAE9B7D35C47B1A7FC8E8E4ED5F5B8E47CE58E3B7F5B5CADD72"
"Halo4_Promethean_Weapon_Effects\tags\objects\weapons\support_high\storm_forerunner_incineration_launcher\fx\parts\projectile_head.light_volume_system","14551","9BA5159B6B844074EBDFB960A37F4BA83B34DAC6EAE6511B6B8AA1F1D980D912"
"Halo4_Promethean_Weapon_Effects\tags\objects\weapons\support_high\storm_forerunner_incineration_launcher\fx\parts\projectile_trail.tracer_system","18398","56952A705B85AAB70E14301A25D783D71F82219C23E6536F5F42F33719119398"
"Halo4_Promethean_Weapon_Effects\tags\objects\weapons\support_high\storm_forerunner_incineration_launcher\fx\parts\projectile.cheap_light","2067","8ACAEBC0F2C57FCBBAD314159BD7E91A700A3970F766D5AAD3659F9FE0D563AF"
"Halo4_Promethean_Weapon_Effects\tags\objects\weapons\support_high\storm_forerunner_incineration_launcher\fx\parts\reload_1p.cheap_light","3667","01B123FD25C4A027C7709B5864C7F9F18BBFC2DD5554FE439456477F496AA291"
"Halo4_Promethean_Weapon_Effects\tags\objects\weapons\support_high\storm_forerunner_incineration_launcher\storm_forerunner_incineration_launcher.render_model","1842895","DE174D04ECD49411B3A9665D930DBFEF0265829A734CD091F8B6C3A3CC9F984A"
"Halo4_Promethean_Weapon_Effects\tags\objects\weapons\support_high\storm_forerunner_incineration_launcher\storm_forerunner_incineration_launcher.weapon","44596","968944AB536BB7638E5E3ECB76C52F71329A5706419A1E8EB996CA160D1A5E97"
"Halo4_Promethean_Weapon_Effects\textures_exported\fx\bitmaps\2d\alphas\horizontal_grad_01_00_00.tga","8236","DF83F9DE030237ACF1D7F6EC773A750ADC374D89F52905A37F579B0E0686622E"
"Halo4_Promethean_Weapon_Effects\textures_exported\fx\bitmaps\2d\clouds\soft_smoke_small_fix_00_00.tga","262188","56EBE211D86B782A9AFAD61AF1903D3283A273C688529442AD171DD1E1514F9C"
"Halo4_Promethean_Weapon_Effects\textures_exported\fx\bitmaps\2d\energy\energy_wisps_01_00_00.tga","1048620","FA4D9C22E108F81280F1239291FA3F34C063EE930D201F2456A9B94E61AF3AB9"
"Halo4_Promethean_Weapon_Effects\textures_exported\fx\bitmaps\2d\flare\elliptical_glow_00_00.tga","131116","432721D8708568E8AAF6CBC93FBD11FC24C946BE2D3ACC6E760FA89C27330D2D"
"Halo4_Promethean_Weapon_Effects\textures_exported\fx\bitmaps\2d\flare\flare_g_ray_vert_diff_00_00.tga","131116","253F9CE8FA7F7BAC6BC83CFBC4FC0DEBA59419BDE40C721DEA9E74433EFA6B47"
"Halo4_Promethean_Weapon_Effects\textures_exported\fx\bitmaps\2d\flare\forerunner_lenseflare_00_00.tga","1048620","B9DB381573466E1688F1B9FC698708164E5BA020255C3B13A3111B776FFAD87F"
"Halo4_Promethean_Weapon_Effects\textures_exported\fx\bitmaps\2d\flare\forerunner_lensreflection_00_00.tga","131116","8E1EFB51D2FD67ADDAE88213FDE98F5A3BCF16D58AF93DEC77F082804445E944"
"Halo4_Promethean_Weapon_Effects\textures_exported\fx\bitmaps\2d\flare\starburst_09_00_00.tga","524332","3CC9A606682581070081DB4C15906848E92AF2573A7E42D413A5955C80278C07"
"Halo4_Promethean_Weapon_Effects\textures_exported\fx\bitmaps\2d\flare\streak_05_00_00.tga","131116","30E46416CC44C04C9009E136DD6A63B5CAC7A9C4A58AB37DAB687D44E43A3F42"
"Halo4_Promethean_Weapon_Effects\textures_exported\fx\bitmaps\2d\glows\flash_streaks_00_00.tga","262188","B8DE2685DB8324FA1FB055FF03E76B7760E8036206B596A178429FC06E37C00D"
"Halo4_Promethean_Weapon_Effects\textures_exported\fx\bitmaps\2d\glows\glow_soft_00_00.tga","262188","23A07007FDD283D9200B01C9B72853341A44210D670EA9DD29F274ADB639773D"
"Halo4_Promethean_Weapon_Effects\textures_exported\fx\bitmaps\2d\shapes\soft_fill_01_00_00.tga","262188","A0D1D5882DF0503D1270A85FAF2D0A2B3DB8C5E6C5823CCFD363210D5C3F7E90"
"Halo4_Promethean_Weapon_Effects\textures_exported\fx\bitmaps\2d\weapon_fire\forerunner_rifle_muzzleflash_00_00.tga","1048620","4B6D0F84029FBCDAAEC318EA8DA68454093191CF4111306B99370383AAF0E975"
"Halo4_Promethean_Weapon_Effects\textures_exported\fx\bitmaps\2d\weapon_fire\forerunner_rifle_projectile_00_00.tga","524332","D3AF71269B458B20A2A1BAF6B5F7073FA9A917737657698A935F966611205A2B"
"Halo4_Promethean_Weapon_Effects\textures_exported\fx\bitmaps\2d\weapon_fire\fr_bolt_pistol\fr_bolt_pistol_front_rail_bottom_00_00.tga","131116","8443D811E83D6A3FA49983E2D07F44BE42EC5576F153D091A8DD090BAE772C13"
"Halo4_Promethean_Weapon_Effects\textures_exported\fx\bitmaps\2d\weapon_fire\fr_bolt_pistol\fr_bolt_pistol_front_rail_top_00_00.tga","65580","6A7190BBE816F0A0AB103689ED32801BB6D52DE655869C2C6B565C8BF6A17EDE"
"Halo4_Promethean_Weapon_Effects\textures_exported\fx\bitmaps\2d\weapon_fire\fr_bolt_pistol\fr_bolt_pistol_muzzle_flash_diamond_00_00.tga","65580","ECB72F462F431BA6778875970AA272AD3B009C10A6330CFDB5E706AE93571B41"
"Halo4_Promethean_Weapon_Effects\textures_exported\fx\bitmaps\2d\weapon_fire\fr_bolt_pistol\fr_bolt_pistol_ring_small1_00_00.tga","65580","B8A9260412CDDFFEB6676B3FCE0493B3CC80CCD4E0D735B245CBA5C10D7AB3A1"
"Halo4_Promethean_Weapon_Effects\textures_exported\fx\bitmaps\2d\weapon_fire\fr_bolt_pistol\fr_bolt_pistol_ring_small2_00_00.tga","65580","05E2E3571DAD30A14FDC062F8F965FE77F0F189478DFD2D20C27EB4297D2227B"
"Halo4_Promethean_Weapon_Effects\textures_exported\fx\bitmaps\2d\weapon_fire\fr_bolt_pistol\fr_bolt_pistol_slide_00_00.tga","65580","F76D782FC35C050175AB72FFE98A4447D17AC6C65A059720ED77FBB115B4A829"
"Halo4_Promethean_Weapon_Effects\textures_exported\fx\bitmaps\2d\weapon_fire\fr_bolt_pistol\fr_bolt_pistol_slug_head_glow_00_00.tga","16428","05B4E0ED0D321500CDC4912F8EEA8DC732DE268D9286DD637243C8333D199F63"
"Halo4_Promethean_Weapon_Effects\textures_exported\fx\bitmaps\2d\weapon_fire\fr_bolt_pistol\fr_bolt_pistol_slug_side_00_00.tga","16428","CDE77960611CFCFD6E0C3D7C5F013108F59C4B59117A89CED848AC0DA50890C8"
"Halo4_Promethean_Weapon_Effects\textures_exported\fx\bitmaps\2d\weapon_fire\fr_incineration_launcher\fr_incin_back_plate_00_00.tga","65580","99962E0B98385249AD7684B93A890A20DD98EF61B5C84B87ED1A27AB470C2B29"
"Halo4_Promethean_Weapon_Effects\textures_exported\fx\bitmaps\2d\weapon_fire\fr_incineration_launcher\fr_incin_barrel_00_00.tga","65580","93B2AAC9631A80FA337EA5B500A79094FA7B92EB02F356108E124AD2F3C98196"
"Halo4_Promethean_Weapon_Effects\textures_exported\fx\bitmaps\2d\weapon_fire\fr_incineration_launcher\fr_incin_barrel_slide_00_00.tga","32812","B2EDEC5267776AF7188BDA8A07B6CA9D3EC6F0EA19EA7894C6E1A4BFD50755E8"
"Halo4_Promethean_Weapon_Effects\textures_exported\fx\bitmaps\2d\weapon_fire\fr_incineration_launcher\fr_incin_top_plate_00_00.tga","131116","9CEC578822B160DD64F745CC5ADD93B5E6D40883727A473949FEC057C22CF8D5"
"Halo4_Promethean_Weapon_Effects\textures_exported\fx\bitmaps\2d\weapon_fire\fr_incineration_launcher\fr_incin_top_plate_slide_00_00.tga","16428","F947EEA91945BECE60ABB210B7B76CDF39AD16D1D47229CAA04C6C41AB3E4D76"
"Halo4_Promethean_Weapon_Effects\textures_exported\fx\bitmaps\2d\weapon_fire\fr_incineration_launcher\fr_incin_vent_00_00.tga","32812","332B68AA8C90AAAB3803E841C1F2FFCCF220A3426A1F30F8E059220C0DB89C10"
"Halo4_Promethean_Weapon_Effects\textures_exported\fx\bitmaps\2d\weapon_fire\fr_muzzle_flash_00_00.tga","131116","462D7986501EAFBA467CBA531A8BC06C7B881A59A095981479576D2235C9914E"
"Halo4_Promethean_Weapon_Effects\textures_exported\fx\bitmaps\2d\weapon_fire\fr_muzzle_flash_out_00_00.tga","131116","20895BF428476B6259444B78FFCEAF3EF372EDF2CDDE264A1F25E14E1A5D6C84"
"Halo4_Promethean_Weapon_Effects\textures_exported\fx\bitmaps\2d\weapon_fire\fr_muzzle_flash_ring1_00_00.tga","262188","6C2FCF1757E250039E47B514A75FDEE4500AD835C66800F9E645802261D01651"
"Halo4_Promethean_Weapon_Effects\textures_exported\fx\bitmaps\2d\weapon_fire\fr_muzzle_flash_ring2_00_00.tga","65580","A7C6EBBA5AFC93505F2F79181441D0A4605EF6C966A10B006D2802512D71136A"
"Halo4_Promethean_Weapon_Effects\textures_exported\fx\bitmaps\2d\weapon_fire\fr_rifle_hard_light\fr_rifle_hardlight_front_main_00_00.tga","131116","098E5CA87D968AF2D3806DFFE08DCCC2284673620EB7849674E0F392AF18AA0F"
"Halo4_Promethean_Weapon_Effects\textures_exported\fx\bitmaps\2d\weapon_fire\fr_rifle_hard_light\fr_rifle_hardlight_iris_blade_00_00.tga","262188","CC271B2D32D07EA932C36A83131397D309D627E8EE14E7DE17A0D7FC7244A789"
"Halo4_Promethean_Weapon_Effects\textures_exported\fx\bitmaps\2d\weapon_fire\fr_rifle_hard_light\fr_rifle_hardlight_lower_accent_00_00.tga","65580","401EF8EFE295F6A9EACA8AC4C4AC3F40E9B9FB05B04C162B12B52A6FB92AC7D7"
"Halo4_Promethean_Weapon_Effects\textures_exported\fx\bitmaps\2d\weapon_fire\fr_rifle_hard_light\fr_rifle_hardlight_muzzle_front_00_00.tga","524332","82817292F22ADCB34928D5A56660E9AF1DD326712110A8985A03B2008432A934"
"Halo4_Promethean_Weapon_Effects\textures_exported\fx\bitmaps\2d\weapon_fire\fr_rifle_hard_light\fr_rifle_hardlight_rear_main_new_00_00.tga","131116","B2143AF166AE6ED79739DC72498BC936C0BCEFE4FFB737F26575FC35EA8CCD8F"
"Halo4_Promethean_Weapon_Effects\textures_exported\fx\bitmaps\2d\weapon_fire\fr_rifle_hard_light\fr_rifle_hardlight_rear_recoil_00_00.tga","65580","B40156EF9952F26FDD9E324874A696D3EFDD41FAA7139D76A9E7EA3286426490"
"Halo4_Promethean_Weapon_Effects\textures_exported\fx\bitmaps\2d\weapon_fire\fr_rifle_hard_light\fr_rifle_hardlight_rear_recoil_accent_00_00.tga","4140","ABB5D4A713B84D1372320EA24761C95A1E98380F7BF4590479E7C0F6C422CD22"
"Halo4_Promethean_Weapon_Effects\textures_exported\fx\bitmaps\2d\weapon_fire\fr_rifle_hard_light\fr_rifle_hardlight_scope_front_00_00.tga","131116","132B458A2AAE5C81DFA04E0245193616613B72E83A18C1978E87F06283FD217E"
"Halo4_Promethean_Weapon_Effects\textures_exported\fx\bitmaps\2d\weapon_fire\fr_rifle_muzzle_flare_glow_00_00.tga","524332","25028E88ECEDAE3E07C5568E6625B1CB7CC6CB7305D50556F6D27F43922EBBF7"
"Halo4_Promethean_Weapon_Effects\textures_exported\fx\bitmaps\2d\weapon_fire\fr_rifle_muzzle_flare_shape_00_00.tga","524332","B10E9C226B3AC8F6E23534B85C2F20B28EDE770F47A91B4C5CBB16994885A64D"
"Halo4_Promethean_Weapon_Effects\textures_exported\fx\bitmaps\2d\weapon_fire\fr_smg_hard_light\fr_mid_recoil_front_00_00.tga","262188","0F4BCF05F709229883BD7DFCD2F5E19D8D6F2D741B1A4E211F438C77C3D91D61"
"Halo4_Promethean_Weapon_Effects\textures_exported\fx\bitmaps\2d\weapon_fire\fr_smg_hard_light\fr_smg_front_plate_00_00.tga","16428","5068ED752A7DCDAE89C7ED6CA3194B397E6619F92DFE41F1DFBD5FCE11FDC099"
"Halo4_Promethean_Weapon_Effects\textures_exported\fx\bitmaps\2d\weapon_fire\fr_sniper_rifle\fr_sniper_rifle_bottom_plate_00_00.tga","32812","BC0EE1D74BEFDF128FBFCF48D9F7E6B90E09167533079CE9F618976B22C338FD"
"Halo4_Promethean_Weapon_Effects\textures_exported\fx\bitmaps\2d\weapon_fire\fr_sniper_rifle\fr_sniper_rifle_cylinder_00_00.tga","16428","C8C4FFF4DA84CF513A179AF82D90A36B08B2C8247029D08E71F41AE57448279A"
"Halo4_Promethean_Weapon_Effects\textures_exported\fx\bitmaps\2d\weapon_fire\fr_sniper_rifle\fr_sniper_rifle_front_plate_00_00.tga","32812","6F4CD1578E826A29F0F5FA8D9EA0398413D0DBC3DD87AF7051C8F2463D2C5E1F"
"Halo4_Promethean_Weapon_Effects\textures_exported\fx\bitmaps\2d\weapon_fire\fr_sniper_rifle\fr_sniper_rifle_muzzle_flash_diamond_00_00.tga","131116","1B76C1EF4275C852DE0DBAA8993DA61214ADB8EA9A45C0DD6F695066388A7E36"
"Halo4_Promethean_Weapon_Effects\textures_exported\fx\bitmaps\2d\weapon_fire\fr_sniper_rifle\fr_sniper_rifle_top_plate_00_00.tga","65580","450D4006C715F13C57DB803C9C06543EE1E4770C386CE1BC461C34A5DC43FB0E"
"Halo4_Promethean_Weapon_Effects\textures_exported\fx\bitmaps\2d\weapon_fire\fr_sniper_rifle\fr_sniper_rifle_top_plate_slide_00_00.tga","32812","B0413D9A129F63D8B3B187026FD5E96424A02C59F262E4DA3034619D238290E7"
"Halo4_Promethean_Weapon_Effects\textures_exported\fx\bitmaps\2d\weapon_fire\fr_spread_gun_front_rail_00_00.tga","65580","EFF5BB61C3ACDCD0E130888442814C2BB9EA260581C477942D735410D108702F"
"Halo4_Promethean_Weapon_Effects\textures_exported\fx\bitmaps\2d\weapon_fire\fr_spread_gun_mid_rail_00_00.tga","65580","13C0A0DD5F98796156457E54C63BE9317557598912EDEFD467ECEAA8D76B303B"
"Halo4_Promethean_Weapon_Effects\textures_exported\fx\bitmaps\2d\weapon_fire\fr_spread_gun_slide_00_00.tga","65580","D21FD9B273F665DC6B71678233C826B45155E5BED015D80FC4D6699D7B2BA29F"
"Halo4_Promethean_Weapon_Effects\textures_exported\fx\bitmaps\3d\energy\energy_muzzleflash_long_00_00.tga","262188","A26E2A197577817E70E52347D654D54394816BB6666C3A586E4BD1271CF4808E"
"Halo4_Promethean_Weapon_Effects\textures_exported\fx\bitmaps\3d\energy\energy_muzzleflash_long_00_01.tga","262188","2ED06EAE395AA3B912EB5B421DE4B907EE6C3D9BADC3891674FF45EA721CB530"
"Halo4_Promethean_Weapon_Effects\textures_exported\fx\bitmaps\3d\energy\energy_muzzleflash_long_00_02.tga","262188","7DFDD143FA97F4C7744940C89A926400F397EA303DEE68A4DAD0897744D92456"
"Halo4_Promethean_Weapon_Effects\textures_exported\fx\bitmaps\3d\energy\energy_muzzleflash_long_00_03.tga","262188","CAAB08CB3A827397ECEE02A55725B4A666CA9ECE7C9AD080C747ECA543ED520D"
"Halo4_Promethean_Weapon_Effects\textures_exported\fx\bitmaps\3d\weapons\fr_weapon_tech_bits_00_00.tga","16428","62C78EC2347177DC2B04EB30B0C9CFFAEDF08D5C4154F6F7C31B441C3E41477B"
"Halo4_Promethean_Weapon_Effects\textures_exported\fx\bitmaps\3d\weapons\fr_weapon_tech_bits_00_01.tga","16428","9C196F5FE065EF8BA6361A51A2303F398891D264D7503FFE338AC3CE144D0570"
"Halo4_Promethean_Weapon_Effects\textures_exported\fx\bitmaps\3d\weapons\fr_weapon_tech_bits_00_02.tga","16428","B169AFCD5F5174468C70F7CC642089516B4F599D184207CA5595046F073943B7"
"Halo4_Promethean_Weapon_Effects\textures_exported\fx\bitmaps\3d\weapons\fr_weapon_tech_bits_00_03.tga","16428","4C5086C5CF6B90925664D34A464AB2555B71EBA585CEB174D55E4D9129CBED11"
"Halo4_Promethean_Weapon_Effects\textures_exported\fx\bitmaps\distortion\distortion_forerunner_projectile_00_00.tga","524332","ADA2CA4F333009179F998E9BB55A42B92456C75C94168472F304F62963B0DFDA"
"Halo4_Promethean_Weapon_Effects\textures_exported\fx\bitmaps\distortion\fire_seamless_distortion_01_00_00.tga","262188","B0BF8BD48D58DF91FD9DCB29857D4794600105C724163717168E5651B0EFCB28"
"Halo4_Promethean_Weapon_Effects\textures_exported\fx\bitmaps\gradient\grad_bishop_glow_00_00.tga","4140","CEEB45C7018C8E47601980A2C8DBE1C27BD74E1C1E852BC7389CD64B6B1C7BB1"
"Halo4_Promethean_Weapon_Effects\textures_exported\fx\bitmaps\gradient\grad_blood_knight_spray_red_00_00.tga","1068","9AD9D4D72B76EB7CFFC2F4CDD6DC91A8387B62023A4C56A96525D27E48EDFF15"
"Halo4_Promethean_Weapon_Effects\textures_exported\fx\bitmaps\gradient\grad_didact_red_00_00.tga","4140","87CD6736B17FC6536DF4FB3B8ED0BAB6DF5FA65E5F0CC4F783553E29C25BAEF1"
"Halo4_Promethean_Weapon_Effects\textures_exported\fx\bitmaps\gradient\grad_digital_00_00.tga","4140","1863948CB2AE316CF186C4AF230EFB8797C19A82B3E5B1A6ABDC99BA2421F3E6"
"Halo4_Promethean_Weapon_Effects\textures_exported\fx\bitmaps\gradient\grad_forerunner_hardlight_rifle_00_00.tga","4140","D7B25F3444F7A140BBC333805914F88828E021DB5601376451C38453502C8DBE"
"Halo4_Promethean_Weapon_Effects\textures_exported\fx\bitmaps\gradient\grad_forerunner_heat_00_00.tga","4140","2E14313A242EEC1B63E2B9B22C9C0D8912ED2C5AF7A1FA7ACF013438CF13358F"
"Halo4_Promethean_Weapon_Effects\textures_exported\fx\bitmaps\gradient\grad_forerunner_muzzle_00_00.tga","1068","FC8E89642213923EC5B9E05AD5ACA65E8A379BC9029A032BF57C942A5B4E176B"
"Halo4_Promethean_Weapon_Effects\textures_exported\fx\bitmaps\gradient\grad_forerunner_muzzle_incinerator_00_00.tga","1068","7CCC23D092C896AE09E8D82338787CE5F2F34E94FA183A8AEC6436C7851A8473"
"Halo4_Promethean_Weapon_Effects\textures_exported\fx\bitmaps\gradient\grad_forerunner_muzzle_pistol_00_00.tga","556","2FA9F7336FD3B3963EF490B84F03235DD0ECB9963114156EB8BA23F9C4382653"
"Halo4_Promethean_Weapon_Effects\textures_exported\fx\bitmaps\gradient\grad_forerunner_muzzle_smg_00_00.tga","1068","17D4FB88D30F083273BF8CFEC544BD8939C79E27F854B008C7A14D8E18AC9399"
"Halo4_Promethean_Weapon_Effects\textures_exported\fx\bitmaps\gradient\grad_forerunner_muzzle_sniper_00_00.tga","4140","60F5503089C15D58BEDCEABE5C5F39B207546B7437E9B1AC86ECA527314ED276"
"Halo4_Promethean_Weapon_Effects\textures_exported\fx\bitmaps\gradient\grad_forerunner_muzzle_spread_00_00.tga","556","860026E022F92EC2DB4A7E711E98F19718098CD668731284F130CC5C7E893BA6"
"Halo4_Promethean_Weapon_Effects\textures_exported\fx\reach\bitmaps\atmospheric\soft_smoke_large_00_00.tga","1048620","7B285D182A1D800DD8479099B54DE27A018553CD1CFFC6D0BB97F78ECFB2A882"
"Halo4_Promethean_Weapon_Effects\textures_exported\fx\reach\bitmaps\distortion\distortion_ring_00_00.tga","262188","717E8A156D5D3B5B3F8CC0BACB0FDE7B9B70F346D1FCF69203F1A888C0B2DD6D"
"Halo4_Promethean_Weapon_Effects\textures_exported\fx\reach\bitmaps\fire\fire_clouds_256_00_00.tga","262188","2B8E7A4A9D35E520C22DAAF220514F14EE873F00CFF13C15A84863B8321B6348"
"Halo4_Promethean_Weapon_Effects\textures_exported\fx\reach\bitmaps\fire\fire_large_00_00.tga","1048620","77A501DBD9115BFEB3C230F5535E3D5165FBDE45C72208C9E13E9B855AE78579"
"Halo4_Promethean_Weapon_Effects\textures_exported\fx\reach\bitmaps\flash\flash_large_00_00.tga","262188","BC305304BB4E871C1C19243B42D2950BBD103F0FFD2D202812052753ED7F3638"
"Halo4_Promethean_Weapon_Effects\textures_exported\fx\reach\bitmaps\flash\flash_soft_00_00.tga","262188","8A809FFBA70E17905D016657BA16ED4408CFF6C2769DA6D2794EC0F75DFD1135"
"Halo4_Promethean_Weapon_Effects\textures_exported\fx\reach\bitmaps\flash\glow_soft_00_00.tga","262188","ACC0A1EAD740C4D140A84FDCE2385FBFFE8CEABD361921CCD434D6B471877805"
"Halo4_Promethean_Weapon_Effects\textures_exported\fx\reach\bitmaps\liquid\fluid_sticky_medium_00_00.tga","262188","3636AE64A91A0B02404B78D02FD6E343BB28984D72AEB0482B4EF11A0529274A"
"Halo4_Promethean_Weapon_Effects\textures_exported\fx\reach\bitmaps\plasma\plasma_clouds_128_a_00_00.tga","65580","AF7FAE6F6B21B8B68DC44499D201E849A066C1D13E8A1FFFED64A4F961C59E4B"
"Halo4_Promethean_Weapon_Effects\textures_exported\fx\reach\bitmaps\plasma\plasma_clouds_128_b_00_00.tga","65580","203E21DAF952219D4A14D06FA0CCAC03504978B8E4A5AC331E6753D4D3537EE1"
"Halo4_Promethean_Weapon_Effects\textures_exported\fx\reach\bitmaps\sparks\spark_ember_00_00.tga","16428","095BEDC72E4510A0438314B677894E9F700CA91C39534E05BD8CAEE12BAD5EAB"
"Halo4_Promethean_Weapon_Effects\textures_exported\fx\reach\bitmaps\weapon_fire\gradients\muzzle_flare_battle_rifle_00_00.tga","4140","9F82A363B71623576E79BF6143C3B0B5B4376F8D6EDA667DAA88289AAFBC3F51"
"Halo4_Promethean_Weapon_Effects\textures_exported\fx\reach\bitmaps\weapon_fire\gradients\muzzle_flare_plasma_rifle_00_00.tga","1068","4FD22E937401485D66B9C9F6163517739A0E82D3A2054C561283D75BCB711AA7"
"Halo4_Promethean_Weapon_Effects\textures_exported\fx\reach\bitmaps\weapon_fire\gradients\muzzle_flare_plasma_rifle_long_00_00.tga","1068","C0034DB70BC9B96F1F50E69D637DC58593DF6748F89B3B6158FF5906256250C0"
"Halo4_Promethean_Weapon_Effects\textures_exported\fx\reach\bitmaps\weapon_fire\muzzle_flash_long_gaseous_00_00.tga","1048620","67300AEDD38F5F7D4D9FA92DFE70D3583BF14F07E118B2472F9E12ED5B4D8661"
"Halo4_Promethean_Weapon_Effects\textures_exported\fx\reach\bitmaps\weapon_fire\muzzle_flash_round_fiery_00_00.tga","524332","0CEE732598C4915D9CD62D8D41EBF55651C87E0BF7AB8BA847958C9ED3C0BDF5"
"Halo4_Promethean_Weapon_Effects\textures_exported\fx\reach\particles\plasma\gradients\soft_plasma_blue_00_00.tga","32812","E0165AF3503AD25831DF0A56AB54FB8C13DA82F6DBACA95D2A1703F6BC17BBE4"
"Halo4_Promethean_Weapon_Effects\textures_exported\objects\weapons\pistol\storm_bishop_beam\fx\bsh_distortion_ring_00_00.tga","262188","717E8A156D5D3B5B3F8CC0BACB0FDE7B9B70F346D1FCF69203F1A888C0B2DD6D"
"Halo4_Promethean_Weapon_Effects\textures_exported\objects\weapons\pistol\storm_bishop_beam\fx\bsh_flash_large_00_00.tga","262188","BC305304BB4E871C1C19243B42D2950BBD103F0FFD2D202812052753ED7F3638"
"Halo4_Promethean_Weapon_Effects\textures_exported\objects\weapons\pistol\storm_bishop_beam\fx\bsh_grayscale_light_00_00.tga","1068","1946E637F6B88B1F0565CB8B2DBA2BDE7E696959DA5D2482936229C51B7E33DC"
"Halo4_Promethean_Weapon_Effects\textures_exported\objects\weapons\pistol\storm_bishop_beam\fx\bsh_spark_ember_00_00.tga","16428","095BEDC72E4510A0438314B677894E9F700CA91C39534E05BD8CAEE12BAD5EAB"
"Halo4_Promethean_Weapon_Effects\textures_exported\objects\weapons\pistol\storm_sentinel_beam\fx\bsh_distortion_ring_00_00.tga","262188","717E8A156D5D3B5B3F8CC0BACB0FDE7B9B70F346D1FCF69203F1A888C0B2DD6D"
"Halo4_Promethean_Weapon_Effects\textures_exported\objects\weapons\pistol\storm_sentinel_beam\fx\bsh_flash_large_00_00.tga","262188","BC305304BB4E871C1C19243B42D2950BBD103F0FFD2D202812052753ED7F3638"
"Halo4_Promethean_Weapon_Effects\textures_exported\objects\weapons\pistol\storm_sentinel_beam\fx\bsh_spark_ember_00_00.tga","16428","095BEDC72E4510A0438314B677894E9F700CA91C39534E05BD8CAEE12BAD5EAB"
"muzzle_effect_chain.csv","217593","A5D3272864EC0C148316E4DEEB0ABF217356669A4A2866E00A27A1095E49C344"
"MUZZLE_FLASH_INDEX.md","5988","9698A94B5E8475085C105370B638AF6F7977DECD3A68AC23121569873992E253"
"weapon_muzzle_marker_transforms.csv","42494","2C27DF5C3A6160F4BED4E5DBE7D0882423BE89A967B06402DD9F50772E2D2CB7"
