"game","weapon_tag","firing_effect","component_type","component_name","component_tag","marker","camera_mode","bitmap_tags"
"Halo 2 Classic","objects\weapons\fixed\plasma_cannon\plasma_cannon","effects\objects\weapons\fixed\plasma_cannon\plasma_cannon_fire","particle","flare_large","effects\generic\sparks\flare_large","primary_trigger","0,independent of camera mode","effects\bitmaps\lens_flares\flares_weapon_lens"
"Halo 2 Classic","objects\weapons\fixed\plasma_cannon\plasma_cannon","effects\objects\weapons\fixed\plasma_cannon\plasma_cannon_fire","particle","flash_c_generic_long","effects\generic\energy\flash_c_generic_long","primary_trigger","2,only in third person","effects\bitmaps\energy\flash_c_generic_long"
"Halo 2 Classic","objects\weapons\fixed\plasma_cannon\plasma_cannon","effects\objects\weapons\fixed\plasma_cannon\plasma_cannon_fire","particle","flash_c_generic_med","effects\generic\energy\flash_c_generic_med","primary_trigger","0,independent of camera mode","effects\bitmaps\energy\flash_c_generic_muzzle"
"Halo 2 Classic","objects\weapons\fixed\plasma_cannon\plasma_cannon","effects\objects\weapons\fixed\plasma_cannon\plasma_cannon_fire","particle","flash_c_generic_med","effects\generic\energy\flash_c_generic_med","vent","2,only in third person","effects\bitmaps\energy\flash_c_generic_muzzle"
"Halo 2 Classic","objects\weapons\fixed\plasma_cannon\plasma_cannon","effects\objects\weapons\fixed\plasma_cannon\plasma_cannon_fire","particle","plasma_electric_burst","effects\generic\energy\plasma_electric_burst","primary_trigger","0,independent of camera mode","effects\bitmaps\energy\plasma_grenade_electric_burst"
"Halo 2 Classic","objects\weapons\fixed\plasma_cannon\plasma_cannon","effects\objects\weapons\fixed\plasma_cannon\plasma_cannon_fire","particle","smoke_white_c_generic","effects\generic\energy\smoke_white_c_generic","primary_trigger","0,independent of camera mode","effects\bitmaps\energy\smoke_white_c_generic"
"Halo 2 Classic","objects\weapons\fixed\plasma_cannon\plasma_cannon","effects\objects\weapons\fixed\plasma_cannon\plasma_cannon_fire","particle","smoke_white_c_generic","effects\generic\energy\smoke_white_c_generic","vent","0,independent of camera mode","effects\bitmaps\energy\smoke_white_c_generic"
"Halo 2 Classic","objects\weapons\pistol\magnum\magnum","effects\objects\weapons\pistol\magnum\fire_bullet","particle","muzzle_flash","effects\objects\weapons\rifle\battle_rifle\muzzle_flash","muzzle_flash","2,only in third person","effects\bitmaps\weapons_fire\br_muzzle_flash_long"
"Halo 2 Classic","objects\weapons\pistol\magnum\magnum","effects\objects\weapons\pistol\magnum\fire_bullet","particle","muzzle_flash","effects\objects\weapons\rifle\battle_rifle\muzzle_flash","muzzle_flash","3,both first and third","effects\bitmaps\weapons_fire\br_muzzle_flash_long"
"Halo 2 Classic","objects\weapons\pistol\magnum\magnum","effects\objects\weapons\pistol\magnum\fire_bullet","particle","muzzle_flash","effects\objects\weapons\rifle\battle_rifle\muzzle_flash","primary_trigger","2,only in third person","effects\bitmaps\weapons_fire\br_muzzle_flash_long"
"Halo 2 Classic","objects\weapons\pistol\magnum\magnum","effects\objects\weapons\pistol\magnum\fire_bullet","particle","muzzle_flash_center","effects\objects\weapons\rifle\battle_rifle\muzzle_flash_center","primary_trigger","1,only in first person","effects\bitmaps\weapons_fire\br_muzzle_flash_center"
"Halo 2 Classic","objects\weapons\pistol\magnum\magnum","effects\objects\weapons\pistol\magnum\fire_bullet","particle","muzzle_flash_center","effects\objects\weapons\rifle\battle_rifle\muzzle_flash_center","primary_trigger","2,only in third person","effects\bitmaps\weapons_fire\br_muzzle_flash_center"
"Halo 2 Classic","objects\weapons\pistol\magnum\magnum","effects\objects\weapons\pistol\magnum\fire_bullet","particle","smoke","effects\objects\weapons\rifle\battle_rifle\smoke","primary_trigger","3,both first and third","effects\bitmaps\smoke\smoke_warthog_gun"
"Halo 2 Classic","objects\weapons\pistol\needler\needler","effects\objects\weapons\pistol\needler\firing","particle","flash_c_generic","effects\generic\energy\flash_c_generic","primary_trigger","3,both first and third","effects\bitmaps\energy\flash_c_generic_muzzle"
"Halo 2 Classic","objects\weapons\pistol\needler\needler","effects\objects\weapons\pistol\needler\firing","particle","flash_c_generic_med","effects\generic\energy\flash_c_generic_med","primary_trigger","3,both first and third","effects\bitmaps\energy\flash_c_generic_muzzle"
"Halo 2 Classic","objects\weapons\pistol\needler\needler","effects\objects\weapons\pistol\needler\firing","particle","flash_h_shield_impact","effects\generic\sparks\flash_h_shield_impact","primary_trigger","3,both first and third","effects\bitmaps\sparks\flash_h_shield_impact"
"Halo 2 Classic","objects\weapons\pistol\needler\needler","effects\objects\weapons\pistol\needler\firing","particle","smoke_c_generic","effects\generic\energy\smoke_c_generic","smoke","1,only in first person","effects\bitmaps\energy\smoke_white_c_generic"
"Halo 2 Classic","objects\weapons\pistol\needler\needler","effects\objects\weapons\pistol\needler\firing","particle","smoke_c_generic","effects\generic\energy\smoke_c_generic","smoke","2,only in third person","effects\bitmaps\energy\smoke_white_c_generic"
"Halo 2 Classic","objects\weapons\pistol\needler\needler","effects\objects\weapons\pistol\needler\firing","particle","tracer_c_generic","effects\generic\energy\tracer_c_generic","primary_trigger","3,both first and third","effects\bitmaps\energy\tracers_c_generic"
"Halo 2 Classic","objects\weapons\pistol\plasma_pistol\plasma_pistol","effects\objects\weapons\pistol\plasma_pistol\fire_bolt","particle","flash_c_generic","effects\generic\energy\flash_c_generic","secondary_trigger","3,both first and third","effects\bitmaps\energy\flash_c_generic_muzzle"
"Halo 2 Classic","objects\weapons\pistol\plasma_pistol\plasma_pistol","effects\objects\weapons\pistol\plasma_pistol\fire_bolt","particle","flash_c_generic_med","effects\generic\energy\flash_c_generic_med","secondary_trigger","3,both first and third","effects\bitmaps\energy\flash_c_generic_muzzle"
"Halo 2 Classic","objects\weapons\pistol\plasma_pistol\plasma_pistol","effects\objects\weapons\pistol\plasma_pistol\fire_bolt","particle","plasma_electric_burst","effects\generic\energy\plasma_electric_burst","secondary_trigger","2,only in third person","effects\bitmaps\energy\plasma_grenade_electric_burst"
"Halo 2 Classic","objects\weapons\rifle\battle_rifle\battle_rifle","effects\objects\weapons\rifle\battle_rifle\fire_bullet","particle","muzzle_flash","effects\objects\weapons\rifle\battle_rifle\muzzle_flash","muzzle_flash","2,only in third person","effects\bitmaps\weapons_fire\br_muzzle_flash_long"
"Halo 2 Classic","objects\weapons\rifle\battle_rifle\battle_rifle","effects\objects\weapons\rifle\battle_rifle\fire_bullet","particle","muzzle_flash","effects\objects\weapons\rifle\battle_rifle\muzzle_flash","muzzle_flash","3,both first and third","effects\bitmaps\weapons_fire\br_muzzle_flash_long"
"Halo 2 Classic","objects\weapons\rifle\battle_rifle\battle_rifle","effects\objects\weapons\rifle\battle_rifle\fire_bullet","particle","muzzle_flash","effects\objects\weapons\rifle\battle_rifle\muzzle_flash","primary_trigger","2,only in third person","effects\bitmaps\weapons_fire\br_muzzle_flash_long"
"Halo 2 Classic","objects\weapons\rifle\battle_rifle\battle_rifle","effects\objects\weapons\rifle\battle_rifle\fire_bullet","particle","muzzle_flash_center","effects\objects\weapons\rifle\battle_rifle\muzzle_flash_center","primary_trigger","1,only in first person","effects\bitmaps\weapons_fire\br_muzzle_flash_center"
"Halo 2 Classic","objects\weapons\rifle\battle_rifle\battle_rifle","effects\objects\weapons\rifle\battle_rifle\fire_bullet","particle","muzzle_flash_center","effects\objects\weapons\rifle\battle_rifle\muzzle_flash_center","primary_trigger","2,only in third person","effects\bitmaps\weapons_fire\br_muzzle_flash_center"
"Halo 2 Classic","objects\weapons\rifle\battle_rifle\battle_rifle","effects\objects\weapons\rifle\battle_rifle\fire_bullet","particle","smoke","effects\objects\weapons\rifle\battle_rifle\smoke","primary_trigger","3,both first and third","effects\bitmaps\smoke\smoke_warthog_gun"
"Halo 2 Classic","objects\weapons\rifle\beam_rifle\beam_rifle","effects\objects\weapons\rifle\beam_rifle\beam_rifle_fire","particle","burst_soft","effects\generic\flares\burst_soft","primary_trigger","3,both first and third","effects\bitmaps\flares\burst_soft"
"Halo 2 Classic","objects\weapons\rifle\beam_rifle\beam_rifle","effects\objects\weapons\rifle\beam_rifle\beam_rifle_fire","particle","electric_arcs","effects\generic\sparks\electric_arcs","primary_trigger","3,both first and third","effects\bitmaps\sparks\electric_arcs"
"Halo 2 Classic","objects\weapons\rifle\beam_rifle\beam_rifle","effects\objects\weapons\rifle\beam_rifle\beam_rifle_fire","particle","energy_bolt_trail","effects\generic\energy\energy_bolt_trail","primary_trigger","0,independent of camera mode","effects\bitmaps\energy\energy_bolt_trail"
"Halo 2 Classic","objects\weapons\rifle\beam_rifle\beam_rifle","effects\objects\weapons\rifle\beam_rifle\beam_rifle_fire","particle","flare_large","effects\generic\flares\flare_large","primary_trigger","3,both first and third","effects\bitmaps\lens_flares\soft_flare_large"
"Halo 2 Classic","objects\weapons\rifle\beam_rifle\beam_rifle","effects\objects\weapons\rifle\beam_rifle\beam_rifle_fire","particle","flare_large","effects\generic\flares\flare_large","primary_trigger","3,both first and third","effects\bitmaps\lens_flares\soft_flare_large"
"Halo 2 Classic","objects\weapons\rifle\beam_rifle\beam_rifle","effects\objects\weapons\rifle\beam_rifle\beam_rifle_fire","particle","flare_large","effects\generic\flares\flare_large","primary_trigger","3,both first and third","effects\bitmaps\lens_flares\soft_flare_large"
"Halo 2 Classic","objects\weapons\rifle\beam_rifle\beam_rifle","effects\objects\weapons\rifle\beam_rifle\beam_rifle_fire","particle","ring","effects\generic\flares\ring","primary_trigger","3,both first and third","effects\bitmaps\flares\ring"
"Halo 2 Classic","objects\weapons\rifle\beam_rifle\beam_rifle","effects\objects\weapons\rifle\beam_rifle\beam_rifle_fire","particle","smoke_white_c_generic","effects\generic\energy\smoke_white_c_generic","vent01","0,independent of camera mode","effects\bitmaps\energy\smoke_white_c_generic"
"Halo 2 Classic","objects\weapons\rifle\beam_rifle\beam_rifle","effects\objects\weapons\rifle\beam_rifle\beam_rifle_fire","particle","smoke_white_c_generic","effects\generic\energy\smoke_white_c_generic","vent02","0,independent of camera mode","effects\bitmaps\energy\smoke_white_c_generic"
"Halo 2 Classic","objects\weapons\rifle\beam_rifle\beam_rifle","effects\objects\weapons\rifle\beam_rifle\beam_rifle_fire","particle","smoke_white_c_generic","effects\generic\energy\smoke_white_c_generic","vent03","0,independent of camera mode","effects\bitmaps\energy\smoke_white_c_generic"
"Halo 2 Classic","objects\weapons\rifle\beam_rifle\beam_rifle","effects\objects\weapons\rifle\beam_rifle\beam_rifle_fire","particle","smoke_white_c_generic","effects\generic\energy\smoke_white_c_generic","vent04","0,independent of camera mode","effects\bitmaps\energy\smoke_white_c_generic"
"Halo 2 Classic","objects\weapons\rifle\beam_rifle\beam_rifle","effects\objects\weapons\rifle\beam_rifle\beam_rifle_fire","particle","smoke_white_c_generic","effects\generic\energy\smoke_white_c_generic","vent05","0,independent of camera mode","effects\bitmaps\energy\smoke_white_c_generic"
"Halo 2 Classic","objects\weapons\rifle\beam_rifle\beam_rifle","effects\objects\weapons\rifle\beam_rifle\beam_rifle_fire","particle","smoke_wispy_small_additive","effects\generic\smoke\smoke_wispy_small_additive","primary_trigger","0,independent of camera mode","effects\bitmaps\smoke\smoke_wispy_small"
"Halo 2 Classic","objects\weapons\rifle\brute_plasma_rifle\brute_plasma_rifle","effects\objects\weapons\rifle\brute_plasma_rifle\lower_fire","particle","flash_c_generic","effects\generic\energy\flash_c_generic","primary_trigger1","1,only in first person","effects\bitmaps\energy\flash_c_generic_muzzle"
"Halo 2 Classic","objects\weapons\rifle\brute_plasma_rifle\brute_plasma_rifle","effects\objects\weapons\rifle\brute_plasma_rifle\lower_fire","particle","flash_c_generic","effects\generic\energy\flash_c_generic","primary_trigger1","2,only in third person","effects\bitmaps\energy\flash_c_generic_muzzle"
"Halo 2 Classic","objects\weapons\rifle\brute_plasma_rifle\brute_plasma_rifle","effects\objects\weapons\rifle\brute_plasma_rifle\lower_fire","particle","flash_c_generic_med","effects\generic\energy\flash_c_generic_med","primary_trigger1","1,only in first person","effects\bitmaps\energy\flash_c_generic_muzzle"
"Halo 2 Classic","objects\weapons\rifle\brute_plasma_rifle\brute_plasma_rifle","effects\objects\weapons\rifle\brute_plasma_rifle\lower_fire","particle","flash_c_generic_med","effects\generic\energy\flash_c_generic_med","primary_trigger1","2,only in third person","effects\bitmaps\energy\flash_c_generic_muzzle"
"Halo 2 Classic","objects\weapons\rifle\brute_plasma_rifle\brute_plasma_rifle","effects\objects\weapons\rifle\brute_plasma_rifle\lower_fire","particle","plasma_electric_burst","effects\generic\energy\plasma_electric_burst","primary_trigger1","2,only in third person","effects\bitmaps\energy\plasma_grenade_electric_burst"
"Halo 2 Classic","objects\weapons\rifle\brute_plasma_rifle\brute_plasma_rifle","effects\objects\weapons\rifle\brute_plasma_rifle\upper_fire","particle","flash_c_generic","effects\generic\energy\flash_c_generic","primary_trigger","1,only in first person","effects\bitmaps\energy\flash_c_generic_muzzle"
"Halo 2 Classic","objects\weapons\rifle\brute_plasma_rifle\brute_plasma_rifle","effects\objects\weapons\rifle\brute_plasma_rifle\upper_fire","particle","flash_c_generic","effects\generic\energy\flash_c_generic","primary_trigger","2,only in third person","effects\bitmaps\energy\flash_c_generic_muzzle"
"Halo 2 Classic","objects\weapons\rifle\brute_plasma_rifle\brute_plasma_rifle","effects\objects\weapons\rifle\brute_plasma_rifle\upper_fire","particle","flash_c_generic_med","effects\generic\energy\flash_c_generic_med","primary_trigger","1,only in first person","effects\bitmaps\energy\flash_c_generic_muzzle"
"Halo 2 Classic","objects\weapons\rifle\brute_plasma_rifle\brute_plasma_rifle","effects\objects\weapons\rifle\brute_plasma_rifle\upper_fire","particle","flash_c_generic_med","effects\generic\energy\flash_c_generic_med","primary_trigger","2,only in third person","effects\bitmaps\energy\flash_c_generic_muzzle"
"Halo 2 Classic","objects\weapons\rifle\brute_plasma_rifle\brute_plasma_rifle","effects\objects\weapons\rifle\brute_plasma_rifle\upper_fire","particle","plasma_electric_burst","effects\generic\energy\plasma_electric_burst","primary_trigger","2,only in third person","effects\bitmaps\energy\plasma_grenade_electric_burst"
"Halo 2 Classic","objects\weapons\rifle\covenant_carbine\covenant_carbine","effects\objects\weapons\rifle\covenant_carbine\firing","particle","flash_c_generic","effects\generic\energy\flash_c_generic","primary_trigger","1,only in first person","effects\bitmaps\energy\flash_c_generic_muzzle"
"Halo 2 Classic","objects\weapons\rifle\covenant_carbine\covenant_carbine","effects\objects\weapons\rifle\covenant_carbine\firing","particle","flash_c_generic","effects\generic\energy\flash_c_generic","primary_trigger","1,only in first person","effects\bitmaps\energy\flash_c_generic_muzzle"
"Halo 2 Classic","objects\weapons\rifle\covenant_carbine\covenant_carbine","effects\objects\weapons\rifle\covenant_carbine\firing","particle","flash_c_generic","effects\generic\energy\flash_c_generic","primary_trigger","2,only in third person","effects\bitmaps\energy\flash_c_generic_muzzle"
"Halo 2 Classic","objects\weapons\rifle\covenant_carbine\covenant_carbine","effects\objects\weapons\rifle\covenant_carbine\firing","particle","flash_c_generic","effects\generic\energy\flash_c_generic","primary_trigger","2,only in third person","effects\bitmaps\energy\flash_c_generic_muzzle"
"Halo 2 Classic","objects\weapons\rifle\covenant_carbine\covenant_carbine","effects\objects\weapons\rifle\covenant_carbine\firing","particle","muzzle_flash_long_2","effects\generic\weapon_flares\muzzle_flash_long_2","primary_trigger","2,only in third person","effects\bitmaps\weapons_fire\muzzle_flash_long_2"
"Halo 2 Classic","objects\weapons\rifle\covenant_carbine\covenant_carbine","effects\objects\weapons\rifle\covenant_carbine\firing","particle","muzzle_flash_long_2","effects\generic\weapon_flares\muzzle_flash_long_2","primary_trigger","2,only in third person","effects\bitmaps\weapons_fire\muzzle_flash_long_2"
"Halo 2 Classic","objects\weapons\rifle\covenant_carbine\covenant_carbine","effects\objects\weapons\rifle\covenant_carbine\firing","particle","smoke_fiery","effects\generic\smoke\smoke_fiery","primary_trigger","1,only in first person","effects\bitmaps\smoke\smoke_fiery"
"Halo 2 Classic","objects\weapons\rifle\covenant_carbine\covenant_carbine","effects\objects\weapons\rifle\covenant_carbine\firing","particle","smoke_fiery","effects\generic\smoke\smoke_fiery","primary_trigger","1,only in first person","effects\bitmaps\smoke\smoke_fiery"
"Halo 2 Classic","objects\weapons\rifle\covenant_carbine\covenant_carbine","effects\objects\weapons\rifle\covenant_carbine\firing","particle","smoke_fiery","effects\generic\smoke\smoke_fiery","primary_trigger","2,only in third person","effects\bitmaps\smoke\smoke_fiery"
"Halo 2 Classic","objects\weapons\rifle\covenant_carbine\covenant_carbine","effects\objects\weapons\rifle\covenant_carbine\firing","particle","smoke_fiery","effects\generic\smoke\smoke_fiery","primary_trigger","2,only in third person","effects\bitmaps\smoke\smoke_fiery"
"Halo 2 Classic","objects\weapons\rifle\covenant_carbine\covenant_carbine","effects\objects\weapons\rifle\covenant_carbine\firing","particle","smoke_fiery_small","effects\generic\smoke\smoke_fiery_small","muzzle_break","1,only in first person","effects\bitmaps\smoke\smoke_fiery_small"
"Halo 2 Classic","objects\weapons\rifle\covenant_carbine\covenant_carbine","effects\objects\weapons\rifle\covenant_carbine\firing","particle","smoke_fiery_small","effects\generic\smoke\smoke_fiery_small","muzzle_break","1,only in first person","effects\bitmaps\smoke\smoke_fiery_small"
"Halo 2 Classic","objects\weapons\rifle\covenant_carbine\covenant_carbine","effects\objects\weapons\rifle\covenant_carbine\firing","particle","smoke_fiery_small","effects\generic\smoke\smoke_fiery_small","muzzle_break","2,only in third person","effects\bitmaps\smoke\smoke_fiery_small"
"Halo 2 Classic","objects\weapons\rifle\covenant_carbine\covenant_carbine","effects\objects\weapons\rifle\covenant_carbine\firing","particle","smoke_fiery_small","effects\generic\smoke\smoke_fiery_small","muzzle_break","2,only in third person","effects\bitmaps\smoke\smoke_fiery_small"
"Halo 2 Classic","objects\weapons\rifle\gpmg\gpmg","effects\objects\weapons\rifle\gpmg\gpmg_gun_fire","particle","muzzle_flash","effects\objects\vehicles\warthog\chaingun\muzzle_flash","primary_trigger","1,only in first person","effects\bitmaps\weapons_fire\br_muzzle_flash_center"
"Halo 2 Classic","objects\weapons\rifle\gpmg\gpmg","effects\objects\weapons\rifle\gpmg\gpmg_gun_fire","particle","muzzle_flash","effects\objects\vehicles\warthog\chaingun\muzzle_flash","primary_trigger","2,only in third person","effects\bitmaps\weapons_fire\br_muzzle_flash_center"
"Halo 2 Classic","objects\weapons\rifle\gpmg\gpmg","effects\objects\weapons\rifle\gpmg\gpmg_gun_fire","particle","muzzle_flash_long","effects\objects\vehicles\warthog\chaingun\muzzle_flash_long","primary_trigger","3,both first and third","effects\bitmaps\weapons_fire\br_muzzle_flash_long"
"Halo 2 Classic","objects\weapons\rifle\gpmg\gpmg","effects\objects\weapons\rifle\gpmg\gpmg_gun_fire","particle","muzzle_smoke","effects\objects\vehicles\warthog\chaingun\muzzle_smoke","primary_ejection","1,only in first person","effects\bitmaps\smoke\smoke_warthog_gun"
"Halo 2 Classic","objects\weapons\rifle\gpmg\gpmg","effects\objects\weapons\rifle\gpmg\gpmg_gun_fire","particle","muzzle_smoke","effects\objects\vehicles\warthog\chaingun\muzzle_smoke","primary_ejection","2,only in third person","effects\bitmaps\smoke\smoke_warthog_gun"
"Halo 2 Classic","objects\weapons\rifle\gpmg\gpmg","effects\objects\weapons\rifle\gpmg\gpmg_gun_fire","particle","muzzle_smoke","effects\objects\vehicles\warthog\chaingun\muzzle_smoke","primary_trigger","1,only in first person","effects\bitmaps\smoke\smoke_warthog_gun"
"Halo 2 Classic","objects\weapons\rifle\gpmg\gpmg","effects\objects\weapons\rifle\gpmg\gpmg_gun_fire","particle","muzzle_smoke","effects\objects\vehicles\warthog\chaingun\muzzle_smoke","primary_trigger","2,only in third person","effects\bitmaps\smoke\smoke_warthog_gun"
"Halo 2 Classic","objects\weapons\rifle\plasma_rifle\plasma_rifle","effects\objects\weapons\rifle\plasma_rifle\lower_fire","particle","flash_c_generic","effects\generic\energy\flash_c_generic","primary_trigger1","1,only in first person","effects\bitmaps\energy\flash_c_generic_muzzle"
"Halo 2 Classic","objects\weapons\rifle\plasma_rifle\plasma_rifle","effects\objects\weapons\rifle\plasma_rifle\lower_fire","particle","flash_c_generic","effects\generic\energy\flash_c_generic","primary_trigger1","2,only in third person","effects\bitmaps\energy\flash_c_generic_muzzle"
"Halo 2 Classic","objects\weapons\rifle\plasma_rifle\plasma_rifle","effects\objects\weapons\rifle\plasma_rifle\lower_fire","particle","flash_c_generic_med","effects\generic\energy\flash_c_generic_med","primary_trigger1","1,only in first person","effects\bitmaps\energy\flash_c_generic_muzzle"
"Halo 2 Classic","objects\weapons\rifle\plasma_rifle\plasma_rifle","effects\objects\weapons\rifle\plasma_rifle\lower_fire","particle","flash_c_generic_med","effects\generic\energy\flash_c_generic_med","primary_trigger1","2,only in third person","effects\bitmaps\energy\flash_c_generic_muzzle"
"Halo 2 Classic","objects\weapons\rifle\plasma_rifle\plasma_rifle","effects\objects\weapons\rifle\plasma_rifle\lower_fire","particle","plasma_electric_burst","effects\generic\energy\plasma_electric_burst","primary_trigger1","2,only in third person","effects\bitmaps\energy\plasma_grenade_electric_burst"
"Halo 2 Classic","objects\weapons\rifle\plasma_rifle\plasma_rifle","effects\objects\weapons\rifle\plasma_rifle\upper_fire","particle","flash_c_generic","effects\generic\energy\flash_c_generic","primary_trigger","1,only in first person","effects\bitmaps\energy\flash_c_generic_muzzle"
"Halo 2 Classic","objects\weapons\rifle\plasma_rifle\plasma_rifle","effects\objects\weapons\rifle\plasma_rifle\upper_fire","particle","flash_c_generic","effects\generic\energy\flash_c_generic","primary_trigger","2,only in third person","effects\bitmaps\energy\flash_c_generic_muzzle"
"Halo 2 Classic","objects\weapons\rifle\plasma_rifle\plasma_rifle","effects\objects\weapons\rifle\plasma_rifle\upper_fire","particle","flash_c_generic_med","effects\generic\energy\flash_c_generic_med","primary_trigger","1,only in first person","effects\bitmaps\energy\flash_c_generic_muzzle"
"Halo 2 Classic","objects\weapons\rifle\plasma_rifle\plasma_rifle","effects\objects\weapons\rifle\plasma_rifle\upper_fire","particle","flash_c_generic_med","effects\generic\energy\flash_c_generic_med","primary_trigger","2,only in third person","effects\bitmaps\energy\flash_c_generic_muzzle"
"Halo 2 Classic","objects\weapons\rifle\plasma_rifle\plasma_rifle","effects\objects\weapons\rifle\plasma_rifle\upper_fire","particle","plasma_electric_burst","effects\generic\energy\plasma_electric_burst","primary_trigger","2,only in third person","effects\bitmaps\energy\plasma_grenade_electric_burst"
"Halo 2 Classic","objects\weapons\rifle\shotgun\shotgun","effects\objects\weapons\rifle\shotgun\shotgun_firing","particle","muzzle_flash_center","effects\generic\weapon_flares\muzzle_flash_center","primary_trigger","1,only in first person","effects\bitmaps\weapons_fire\muzzle_flash_center"
"Halo 2 Classic","objects\weapons\rifle\shotgun\shotgun","effects\objects\weapons\rifle\shotgun\shotgun_firing","particle","muzzle_flash_center","effects\generic\weapon_flares\muzzle_flash_center","primary_trigger","2,only in third person","effects\bitmaps\weapons_fire\muzzle_flash_center"
"Halo 2 Classic","objects\weapons\rifle\shotgun\shotgun","effects\objects\weapons\rifle\shotgun\shotgun_firing","particle","muzzle_flash_long","effects\generic\weapon_flares\muzzle_flash_long","primary_trigger","2,only in third person","effects\bitmaps\weapons_fire\muzzle_flash_long"
"Halo 2 Classic","objects\weapons\rifle\shotgun\shotgun","effects\objects\weapons\rifle\shotgun\shotgun_firing","particle","smoke_fiery","effects\generic\smoke\smoke_fiery","primary_trigger","1,only in first person","effects\bitmaps\smoke\smoke_fiery"
"Halo 2 Classic","objects\weapons\rifle\shotgun\shotgun","effects\objects\weapons\rifle\shotgun\shotgun_firing","particle","smoke_fiery","effects\generic\smoke\smoke_fiery","primary_trigger","2,only in third person","effects\bitmaps\smoke\smoke_fiery"
"Halo 2 Classic","objects\weapons\rifle\shotgun\shotgun","effects\objects\weapons\rifle\shotgun\shotgun_firing","particle","smoke_soft","effects\generic\smoke\smoke_soft","primary_trigger","1,only in first person","effects\bitmaps\smoke\smoke_soft"
"Halo 2 Classic","objects\weapons\rifle\shotgun\shotgun","effects\objects\weapons\rifle\shotgun\shotgun_firing","particle","smoke_soft","effects\generic\smoke\smoke_soft","primary_trigger","2,only in third person","effects\bitmaps\smoke\smoke_soft"
"Halo 2 Classic","objects\weapons\rifle\shotgun\shotgun","effects\objects\weapons\rifle\shotgun\shotgun_firing","particle","smoke_soft","effects\generic\smoke\smoke_soft","primary_trigger","3,both first and third","effects\bitmaps\smoke\smoke_soft"
"Halo 2 Classic","objects\weapons\rifle\shotgun\shotgun","effects\objects\weapons\rifle\shotgun\shotgun_firing","particle","sparks_animated_soft","effects\generic\sparks\sparks_animated_soft","primary_trigger","1,only in first person","effects\bitmaps\sparks\sparks_animated"
"Halo 2 Classic","objects\weapons\rifle\shotgun\shotgun","effects\objects\weapons\rifle\shotgun\shotgun_firing","particle","sparks_animated_soft","effects\generic\sparks\sparks_animated_soft","primary_trigger","2,only in third person","effects\bitmaps\sparks\sparks_animated"
"Halo 2 Classic","objects\weapons\rifle\smg_silenced\smg_silenced","effects\objects\weapons\rifle\smg_silenced\muzzle_flash","particle","fire_burst_long","effects\objects\weapons\rifle\smg\fire_burst_long","primary_trigger","2,only in third person","effects\bitmaps\weapons_fire\fire_burst_long"
"Halo 2 Classic","objects\weapons\rifle\smg_silenced\smg_silenced","effects\objects\weapons\rifle\smg_silenced\muzzle_flash","particle","muzzle_smoke","effects\objects\weapons\rifle\smg\muzzle_smoke","primary_trigger","2,only in third person","effects\bitmaps\smoke\smoke_warthog_gun"
"Halo 2 Classic","objects\weapons\rifle\smg\smg","effects\objects\weapons\rifle\smg\fire_bullet","particle","fire_burst_center","effects\objects\weapons\rifle\smg\fire_burst_center","primary_trigger","1,only in first person","effects\bitmaps\weapons_fire\fire_burst_round"
"Halo 2 Classic","objects\weapons\rifle\smg\smg","effects\objects\weapons\rifle\smg\fire_bullet","particle","fire_burst_center","effects\objects\weapons\rifle\smg\fire_burst_center","primary_trigger","2,only in third person","effects\bitmaps\weapons_fire\fire_burst_round"
"Halo 2 Classic","objects\weapons\rifle\smg\smg","effects\objects\weapons\rifle\smg\fire_bullet","particle","fire_burst_long","effects\objects\weapons\rifle\smg\fire_burst_long","primary_trigger","2,only in third person","effects\bitmaps\weapons_fire\fire_burst_long"
"Halo 2 Classic","objects\weapons\rifle\smg\smg","effects\objects\weapons\rifle\smg\fire_bullet","particle","muzzle_smoke","effects\objects\weapons\rifle\smg\muzzle_smoke","primary_trigger","2,only in third person","effects\bitmaps\smoke\smoke_warthog_gun"
"Halo 2 Classic","objects\weapons\rifle\sniper_rifle\sniper_rifle","effects\objects\weapons\rifle\sniper_rifle\fire_bullet","particle","muzzle_flash_center","effects\generic\weapon_flares\muzzle_flash_center","primary_trigger","3,both first and third","effects\bitmaps\weapons_fire\muzzle_flash_center"
"Halo 2 Classic","objects\weapons\rifle\sniper_rifle\sniper_rifle","effects\objects\weapons\rifle\sniper_rifle\fire_bullet","particle","muzzle_flash_long","effects\generic\weapon_flares\muzzle_flash_long","primary_trigger","2,only in third person","effects\bitmaps\weapons_fire\muzzle_flash_long"
"Halo 2 Classic","objects\weapons\rifle\sniper_rifle\sniper_rifle","effects\objects\weapons\rifle\sniper_rifle\fire_bullet","particle","smoke_fiery_small","effects\generic\smoke\smoke_fiery_small","muzzle_brake","3,both first and third","effects\bitmaps\smoke\smoke_fiery_small"
"Halo 2 Classic","objects\weapons\rifle\sniper_rifle\sniper_rifle","effects\objects\weapons\rifle\sniper_rifle\fire_bullet","particle","smoke_soft","effects\generic\smoke\smoke_soft","muzzle_brake","3,both first and third","effects\bitmaps\smoke\smoke_soft"
"Halo 2 Classic","objects\weapons\rifle\sniper_rifle\sniper_rifle","effects\objects\weapons\rifle\sniper_rifle\fire_bullet","particle","smoke_soft","effects\generic\smoke\smoke_soft","muzzle_brake","3,both first and third","effects\bitmaps\smoke\smoke_soft"
"Halo 2 Classic","objects\weapons\rifle\sniper_rifle\sniper_rifle","effects\objects\weapons\rifle\sniper_rifle\fire_bullet","particle","smoke_soft","effects\generic\smoke\smoke_soft","primary_trigger","2,only in third person","effects\bitmaps\smoke\smoke_soft"
"Halo 2 Classic","objects\weapons\support_high\flak_cannon\flak_cannon","effects\objects\weapons\support_high\flak_cannon\flak_bolt_fire","particle","flash_c_generic_big","effects\generic\energy\flash_c_generic_big","primary_trigger","3,both first and third","effects\bitmaps\energy\flash_c_generic_big"
"Halo 2 Classic","objects\weapons\support_high\flak_cannon\flak_cannon","effects\objects\weapons\support_high\flak_cannon\flak_bolt_fire","particle","flash_c_generic_long","effects\generic\energy\flash_c_generic_long","primary_trigger","0,independent of camera mode","effects\bitmaps\energy\flash_c_generic_long"
"Halo 2 Classic","objects\weapons\support_high\rocket_launcher\rocket_launcher","effects\objects\weapons\support_high\rocket_launcher\rocket_fire","particle","smoke_fiery","effects\generic\smoke\smoke_fiery","primary_trigger","1,only in first person","effects\bitmaps\smoke\smoke_fiery"
"Halo 2 Classic","objects\weapons\support_high\rocket_launcher\rocket_launcher","effects\objects\weapons\support_high\rocket_launcher\rocket_fire","particle","smoke_fiery","effects\generic\smoke\smoke_fiery","primary_trigger","1,only in first person","effects\bitmaps\smoke\smoke_fiery"
"Halo 2 Classic","objects\weapons\support_high\rocket_launcher\rocket_launcher","effects\objects\weapons\support_high\rocket_launcher\rocket_fire","particle","smoke_fiery","effects\generic\smoke\smoke_fiery","primary_trigger","2,only in third person","effects\bitmaps\smoke\smoke_fiery"
"Halo 2 Classic","objects\weapons\support_high\rocket_launcher\rocket_launcher","effects\objects\weapons\support_high\rocket_launcher\rocket_fire","particle","smoke_fiery","effects\generic\smoke\smoke_fiery","primary_trigger","2,only in third person","effects\bitmaps\smoke\smoke_fiery"
"Halo 2 Classic","objects\weapons\support_high\rocket_launcher\rocket_launcher","effects\objects\weapons\support_high\rocket_launcher\rocket_fire","particle","smoke_fiery_small","effects\generic\smoke\smoke_fiery_small","primary_ejection","2,only in third person","effects\bitmaps\smoke\smoke_fiery_small"
"Halo 2 Classic","objects\weapons\support_high\rocket_launcher\rocket_launcher","effects\objects\weapons\support_high\rocket_launcher\rocket_fire","particle","smoke_fiery_small","effects\generic\smoke\smoke_fiery_small","primary_ejection","2,only in third person","effects\bitmaps\smoke\smoke_fiery_small"
"Halo 2 Classic","objects\weapons\support_high\rocket_launcher\rocket_launcher","effects\objects\weapons\support_high\rocket_launcher\rocket_fire","particle","smoke_fiery_small","effects\generic\smoke\smoke_fiery_small","primary_ejection","2,only in third person","effects\bitmaps\smoke\smoke_fiery_small"
"Halo 2 Classic","objects\weapons\support_high\rocket_launcher\rocket_launcher","effects\objects\weapons\support_high\rocket_launcher\rocket_fire","particle","smoke_fiery_small","effects\generic\smoke\smoke_fiery_small","primary_ejection","2,only in third person","effects\bitmaps\smoke\smoke_fiery_small"
"Halo 2 Classic","objects\weapons\support_high\rocket_launcher\rocket_launcher","effects\objects\weapons\support_high\rocket_launcher\rocket_fire","particle","smoke_fiery_small","effects\generic\smoke\smoke_fiery_small","primary_trigger","0,independent of camera mode","effects\bitmaps\smoke\smoke_fiery_small"
"Halo 2 Classic","objects\weapons\support_high\rocket_launcher\rocket_launcher","effects\objects\weapons\support_high\rocket_launcher\rocket_fire","particle","smoke_fiery_small","effects\generic\smoke\smoke_fiery_small","primary_trigger","0,independent of camera mode","effects\bitmaps\smoke\smoke_fiery_small"
"Halo 2 Classic","objects\weapons\support_high\rocket_launcher\rocket_launcher","effects\objects\weapons\support_high\rocket_launcher\rocket_fire","particle","smoke_soft","effects\generic\smoke\smoke_soft","primary_ejection","2,only in third person","effects\bitmaps\smoke\smoke_soft"
"Halo 2 Classic","objects\weapons\support_high\rocket_launcher\rocket_launcher","effects\objects\weapons\support_high\rocket_launcher\rocket_fire","particle","smoke_soft","effects\generic\smoke\smoke_soft","primary_ejection","2,only in third person","effects\bitmaps\smoke\smoke_soft"
"Halo 2 Classic","objects\weapons\support_high\rocket_launcher\rocket_launcher","effects\objects\weapons\support_high\rocket_launcher\rocket_fire","particle","smoke_soft","effects\generic\smoke\smoke_soft","primary_trigger","2,only in third person","effects\bitmaps\smoke\smoke_soft"
"Halo 2 Classic","objects\weapons\support_high\rocket_launcher\rocket_launcher","effects\objects\weapons\support_high\rocket_launcher\rocket_fire","particle","smoke_soft","effects\generic\smoke\smoke_soft","primary_trigger","2,only in third person","effects\bitmaps\smoke\smoke_soft"
"Halo 2 Classic","objects\weapons\support_low\brute_shot\brute_shot","effects\objects\weapons\support_low\brute_shot\firing","particle","flash_shield","effects\generic\flares\flash_shield","primary_trigger","1,only in first person","effects\bitmaps\flares\flash_shield"
"Halo 2 Classic","objects\weapons\support_low\brute_shot\brute_shot","effects\objects\weapons\support_low\brute_shot\firing","particle","flash_shield","effects\generic\flares\flash_shield","primary_trigger","2,only in third person","effects\bitmaps\flares\flash_shield"
"Halo 2 Classic","objects\weapons\support_low\brute_shot\brute_shot","effects\objects\weapons\support_low\brute_shot\firing","particle","muzzle_flash_long_2","effects\generic\weapon_flares\muzzle_flash_long_2","primary_trigger","2,only in third person","effects\bitmaps\weapons_fire\muzzle_flash_long_2"
"Halo 2 Classic","objects\weapons\support_low\brute_shot\brute_shot","effects\objects\weapons\support_low\brute_shot\firing","particle","smoke_fiery","effects\generic\smoke\smoke_fiery","primary_trigger","1,only in first person","effects\bitmaps\smoke\smoke_fiery"
"Halo 2 Classic","objects\weapons\support_low\brute_shot\brute_shot","effects\objects\weapons\support_low\brute_shot\firing","particle","smoke_fiery","effects\generic\smoke\smoke_fiery","primary_trigger","2,only in third person","effects\bitmaps\smoke\smoke_fiery"
"Halo 2 Classic","objects\weapons\support_low\brute_shot\brute_shot","effects\objects\weapons\support_low\brute_shot\firing","particle","smoke_soft","effects\generic\smoke\smoke_soft","primary_trigger","3,both first and third","effects\bitmaps\smoke\smoke_soft"
"Halo 4","objects\weapons\pistol\plasma_pistol\plasma_pistol","objects\weapons\pistol\plasma_pistol\fx\charged\firing","particle","flash_large","objects\weapons\pistol\plasma_pistol\fx\particles\flash_large","primary_trigger","only in first person","fx\reach\bitmaps\flash\flash_large"
"Halo 4","objects\weapons\pistol\plasma_pistol\plasma_pistol","objects\weapons\pistol\plasma_pistol\fx\charged\firing","particle","flash_large","objects\weapons\pistol\plasma_pistol\fx\particles\flash_large","primary_trigger","only in third person","fx\reach\bitmaps\flash\flash_large"
"Halo 4","objects\weapons\pistol\plasma_pistol\plasma_pistol","objects\weapons\pistol\plasma_pistol\fx\charged\firing","particle","glow_soft","objects\weapons\pistol\plasma_pistol\fx\particles\glow_soft","primary_trigger","only in first person","fx\reach\bitmaps\flash\glow_soft"
"Halo 4","objects\weapons\pistol\plasma_pistol\plasma_pistol","objects\weapons\pistol\plasma_pistol\fx\charged\firing","particle","glow_soft","objects\weapons\pistol\plasma_pistol\fx\particles\glow_soft","primary_trigger","only in third person","fx\reach\bitmaps\flash\glow_soft"
"Halo 4","objects\weapons\pistol\plasma_pistol\plasma_pistol","objects\weapons\pistol\plasma_pistol\fx\charged\firing","particle","muzzle_flash_long_charged","objects\weapons\pistol\plasma_pistol\fx\particles\muzzle_flash_long_charged","primary_trigger","only in third person","fx\reach\bitmaps\weapon_fire\gradients\muzzle_flare_plasma_pistol_long_charged;fx\reach\bitmaps\weapon_fire\muzzle_flash_long_gaseous"
"Halo 4","objects\weapons\pistol\plasma_pistol\plasma_pistol","objects\weapons\pistol\plasma_pistol\fx\charged\firing","particle","muzzle_flash_long_soft","objects\weapons\pistol\plasma_pistol\fx\particles\muzzle_flash_long_soft","fx_horizontal_flare","only in first person","fx\reach\bitmaps\weapon_fire\gradients\muzzle_flare_plasma_pistol_long_soft;fx\reach\bitmaps\weapon_fire\muzzle_flash_long_soft"
"Halo 4","objects\weapons\pistol\plasma_pistol\plasma_pistol","objects\weapons\pistol\plasma_pistol\fx\charged\firing","particle","muzzle_flash_round","objects\weapons\pistol\plasma_pistol\fx\particles\muzzle_flash_round","primary_trigger","only in first person","fx\reach\bitmaps\weapon_fire\gradients\muzzle_flare_plasma_pistol;fx\reach\bitmaps\weapon_fire\muzzle_flash_round_fiery"
"Halo 4","objects\weapons\pistol\plasma_pistol\plasma_pistol","objects\weapons\pistol\plasma_pistol\fx\charged\firing","particle","muzzle_flash_round","objects\weapons\pistol\plasma_pistol\fx\particles\muzzle_flash_round","primary_trigger","only in third person","fx\reach\bitmaps\weapon_fire\gradients\muzzle_flare_plasma_pistol;fx\reach\bitmaps\weapon_fire\muzzle_flash_round_fiery"
"Halo 4","objects\weapons\pistol\plasma_pistol\plasma_pistol","objects\weapons\pistol\plasma_pistol\fx\firing","particle","anamorphic_flare","objects\weapons\pistol\plasma_pistol\fx\particles\anamorphic_flare","primary_trigger","only in first person","fx\reach\bitmaps\lens_flares\anamorphic_flare"
"Halo 4","objects\weapons\pistol\plasma_pistol\plasma_pistol","objects\weapons\pistol\plasma_pistol\fx\firing","particle","charging_plasma_ring","objects\weapons\pistol\plasma_pistol\fx\particles\charging_plasma_ring","primary_trigger","only in first person","fx\reach\bitmaps\plasma\plasma_ring;fx\reach\particles\plasma\gradients\soft_plasma_green"
"Halo 4","objects\weapons\pistol\plasma_pistol\plasma_pistol","objects\weapons\pistol\plasma_pistol\fx\firing","particle","flash_large","objects\weapons\pistol\plasma_pistol\fx\particles\flash_large","primary_trigger","only in first person","fx\reach\bitmaps\flash\flash_large"
"Halo 4","objects\weapons\pistol\plasma_pistol\plasma_pistol","objects\weapons\pistol\plasma_pistol\fx\firing","particle","flash_large","objects\weapons\pistol\plasma_pistol\fx\particles\flash_large","primary_trigger","only in third person","fx\reach\bitmaps\flash\flash_large"
"Halo 4","objects\weapons\pistol\plasma_pistol\plasma_pistol","objects\weapons\pistol\plasma_pistol\fx\firing","particle","glow_soft","objects\weapons\pistol\plasma_pistol\fx\particles\glow_soft","primary_trigger","only in first person","fx\reach\bitmaps\flash\glow_soft"
"Halo 4","objects\weapons\pistol\plasma_pistol\plasma_pistol","objects\weapons\pistol\plasma_pistol\fx\firing","particle","glow_soft","objects\weapons\pistol\plasma_pistol\fx\particles\glow_soft","primary_trigger","only in third person","fx\reach\bitmaps\flash\glow_soft"
"Halo 4","objects\weapons\pistol\plasma_pistol\plasma_pistol","objects\weapons\pistol\plasma_pistol\fx\firing","particle","muzzle_flash_long","objects\weapons\pistol\plasma_pistol\fx\particles\muzzle_flash_long","primary_trigger","only in third person","fx\reach\bitmaps\weapon_fire\gradients\muzzle_flare_plasma_pistol_long;fx\reach\bitmaps\weapon_fire\muzzle_flash_long_fiery"
"Halo 4","objects\weapons\pistol\plasma_pistol\plasma_pistol","objects\weapons\pistol\plasma_pistol\fx\firing","particle","muzzle_flash_long_soft","objects\weapons\pistol\plasma_pistol\fx\particles\muzzle_flash_long_soft","horizontal_flare","only in first person","fx\reach\bitmaps\weapon_fire\gradients\muzzle_flare_plasma_pistol_long_soft;fx\reach\bitmaps\weapon_fire\muzzle_flash_long_soft"
"Halo 4","objects\weapons\pistol\plasma_pistol\plasma_pistol","objects\weapons\pistol\plasma_pistol\fx\firing","particle","muzzle_flash_long_soft","objects\weapons\pistol\plasma_pistol\fx\particles\muzzle_flash_long_soft","primary_trigger","only in third person","fx\reach\bitmaps\weapon_fire\gradients\muzzle_flare_plasma_pistol_long_soft;fx\reach\bitmaps\weapon_fire\muzzle_flash_long_soft"
"Halo 4","objects\weapons\pistol\plasma_pistol\plasma_pistol","objects\weapons\pistol\plasma_pistol\fx\firing","particle","muzzle_flash_round","objects\weapons\pistol\plasma_pistol\fx\particles\muzzle_flash_round","primary_trigger","only in first person","fx\reach\bitmaps\weapon_fire\gradients\muzzle_flare_plasma_pistol;fx\reach\bitmaps\weapon_fire\muzzle_flash_round_fiery"
"Halo 4","objects\weapons\pistol\plasma_pistol\plasma_pistol","objects\weapons\pistol\plasma_pistol\fx\firing","particle","muzzle_flash_round","objects\weapons\pistol\plasma_pistol\fx\particles\muzzle_flash_round","primary_trigger","only in third person","fx\reach\bitmaps\weapon_fire\gradients\muzzle_flare_plasma_pistol;fx\reach\bitmaps\weapon_fire\muzzle_flash_round_fiery"
"Halo 4","objects\weapons\pistol\storm_bishop_beam\storm_bishop_beam","objects\weapons\pistol\storm_bishop_beam\fx\bsh_firing","particle","bsh_distortion_ring","objects\weapons\pistol\storm_bishop_beam\fx\bsh_distortion_ring","primary_trigger","only in first person","fx\reach\bitmaps\distortion\distortion_ring;objects\weapons\pistol\storm_bishop_beam\fx\bsh_distortion_ring"
"Halo 4","objects\weapons\pistol\storm_bishop_beam\storm_bishop_beam","objects\weapons\pistol\storm_bishop_beam\fx\bsh_firing","particle","bsh_distortion_ring","objects\weapons\pistol\storm_bishop_beam\fx\bsh_distortion_ring","primary_trigger","only in third person","fx\reach\bitmaps\distortion\distortion_ring;objects\weapons\pistol\storm_bishop_beam\fx\bsh_distortion_ring"
"Halo 4","objects\weapons\pistol\storm_bishop_beam\storm_bishop_beam","objects\weapons\pistol\storm_bishop_beam\fx\bsh_firing","particle","bsh_flash_large","objects\weapons\pistol\storm_bishop_beam\fx\bsh_flash_large","primary_trigger","only in first person","fx\reach\bitmaps\flash\flash_large;objects\weapons\pistol\storm_bishop_beam\fx\bsh_flash_large"
"Halo 4","objects\weapons\pistol\storm_bishop_beam\storm_bishop_beam","objects\weapons\pistol\storm_bishop_beam\fx\bsh_firing","particle","bsh_flash_large","objects\weapons\pistol\storm_bishop_beam\fx\bsh_flash_large","primary_trigger","only in third person","fx\reach\bitmaps\flash\flash_large;objects\weapons\pistol\storm_bishop_beam\fx\bsh_flash_large"
"Halo 4","objects\weapons\pistol\storm_bishop_beam\storm_bishop_beam","objects\weapons\pistol\storm_bishop_beam\fx\bsh_firing","particle","bsh_muzzle_flash_plasma","objects\weapons\pistol\storm_bishop_beam\fx\bsh_muzzle_flash_plasma","primary_trigger","only in first person","fx\reach\bitmaps\fire\fire_clouds_256;fx\reach\bitmaps\fire\fire_large;fx\reach\bitmaps\plasma\plasma_clouds_128_b;fx\reach\particles\plasma\gradients\soft_plasma_blue"
"Halo 4","objects\weapons\pistol\storm_bishop_beam\storm_bishop_beam","objects\weapons\pistol\storm_bishop_beam\fx\bsh_firing","particle","bsh_muzzle_flash_plasma","objects\weapons\pistol\storm_bishop_beam\fx\bsh_muzzle_flash_plasma","primary_trigger","only in third person","fx\reach\bitmaps\fire\fire_clouds_256;fx\reach\bitmaps\fire\fire_large;fx\reach\bitmaps\plasma\plasma_clouds_128_b;fx\reach\particles\plasma\gradients\soft_plasma_blue"
"Halo 4","objects\weapons\pistol\storm_bishop_beam\storm_bishop_beam","objects\weapons\pistol\storm_bishop_beam\fx\friendly_beam\firing","particle","distortion_ring","fx\reach\particles\distortion\distortion_ring","primary_trigger","only in first person","fx\reach\bitmaps\distortion\distortion_ring"
"Halo 4","objects\weapons\pistol\storm_bishop_beam\storm_bishop_beam","objects\weapons\pistol\storm_bishop_beam\fx\friendly_beam\firing","particle","distortion_ring","fx\reach\particles\distortion\distortion_ring","primary_trigger","only in third person","fx\reach\bitmaps\distortion\distortion_ring"
"Halo 4","objects\weapons\pistol\storm_bishop_beam\storm_bishop_beam","objects\weapons\pistol\storm_bishop_beam\fx\friendly_beam\firing","particle","flash_large","fx\reach\particles\flare\flash_large","primary_trigger","only in first person","fx\reach\bitmaps\flash\flash_large"
"Halo 4","objects\weapons\pistol\storm_bishop_beam\storm_bishop_beam","objects\weapons\pistol\storm_bishop_beam\fx\friendly_beam\firing","particle","flash_large","fx\reach\particles\flare\flash_large","primary_trigger","only in third person","fx\reach\bitmaps\flash\flash_large"
"Halo 4","objects\weapons\pistol\storm_bishop_beam\storm_bishop_beam","objects\weapons\pistol\storm_bishop_beam\fx\friendly_beam\firing","particle","muzzle_flash_plasma","objects\weapons\pistol\storm_bishop_beam\fx\particles\muzzle_flash_plasma","primary_trigger","only in first person","fx\reach\bitmaps\fire\fire_clouds_256;fx\reach\bitmaps\fire\fire_large;fx\reach\bitmaps\plasma\plasma_clouds_128_b;fx\reach\particles\plasma\gradients\soft_plasma_blue"
"Halo 4","objects\weapons\pistol\storm_bishop_beam\storm_bishop_beam","objects\weapons\pistol\storm_bishop_beam\fx\friendly_beam\firing","particle","muzzle_flash_plasma","objects\weapons\pistol\storm_bishop_beam\fx\particles\muzzle_flash_plasma","primary_trigger","only in third person","fx\reach\bitmaps\fire\fire_clouds_256;fx\reach\bitmaps\fire\fire_large;fx\reach\bitmaps\plasma\plasma_clouds_128_b;fx\reach\particles\plasma\gradients\soft_plasma_blue"
"Halo 4","objects\weapons\pistol\storm_burst_pistol\storm_burst_pistol","objects\weapons\pistol\storm_burst_pistol\fx\bst_firing","particle","bst_flash_large","objects\weapons\pistol\storm_burst_pistol\fx\bst_flash_large","primary_trigger","only in first person","fx\reach\bitmaps\flash\flash_large"
"Halo 4","objects\weapons\pistol\storm_burst_pistol\storm_burst_pistol","objects\weapons\pistol\storm_burst_pistol\fx\bst_firing","particle","bst_flash_large","objects\weapons\pistol\storm_burst_pistol\fx\bst_flash_large","primary_trigger","only in third person","fx\reach\bitmaps\flash\flash_large"
"Halo 4","objects\weapons\pistol\storm_burst_pistol\storm_burst_pistol","objects\weapons\pistol\storm_burst_pistol\fx\bst_firing","particle","bst_glow_soft","objects\weapons\pistol\storm_burst_pistol\fx\bst_glow_soft","primary_trigger","only in first person","fx\reach\bitmaps\flash\glow_soft"
"Halo 4","objects\weapons\pistol\storm_burst_pistol\storm_burst_pistol","objects\weapons\pistol\storm_burst_pistol\fx\bst_firing","particle","bst_glow_soft","objects\weapons\pistol\storm_burst_pistol\fx\bst_glow_soft","primary_trigger","only in third person","fx\reach\bitmaps\flash\glow_soft"
"Halo 4","objects\weapons\pistol\storm_burst_pistol\storm_burst_pistol","objects\weapons\pistol\storm_burst_pistol\fx\bst_firing","particle","bst_muzzle_flash_long","objects\weapons\pistol\storm_burst_pistol\fx\bst_muzzle_flash_long","primary_trigger","only in third person","fx\reach\bitmaps\weapon_fire\gradients\muzzle_flare_plasma_rifle_long;fx\reach\bitmaps\weapon_fire\muzzle_flash_long_gaseous"
"Halo 4","objects\weapons\pistol\storm_burst_pistol\storm_burst_pistol","objects\weapons\pistol\storm_burst_pistol\fx\bst_firing","particle","bst_muzzle_flash_long_soft","objects\weapons\pistol\storm_burst_pistol\fx\bst_muzzle_flash_long_soft","primary_trigger","only in first person","fx\reach\bitmaps\weapon_fire\muzzle_flash_long_soft;fx\reach\particles\_gradients\plasma_blue_01"
"Halo 4","objects\weapons\pistol\storm_burst_pistol\storm_burst_pistol","objects\weapons\pistol\storm_burst_pistol\fx\bst_firing","particle","bst_muzzle_flash_long_soft","objects\weapons\pistol\storm_burst_pistol\fx\bst_muzzle_flash_long_soft","primary_trigger","only in third person","fx\reach\bitmaps\weapon_fire\muzzle_flash_long_soft;fx\reach\particles\_gradients\plasma_blue_01"
"Halo 4","objects\weapons\pistol\storm_burst_pistol\storm_burst_pistol","objects\weapons\pistol\storm_burst_pistol\fx\bst_firing","particle","bst_muzzle_flash_long_soft","objects\weapons\pistol\storm_burst_pistol\fx\bst_muzzle_flash_long_soft","primary_trigger","only in third person","fx\reach\bitmaps\weapon_fire\muzzle_flash_long_soft;fx\reach\particles\_gradients\plasma_blue_01"
"Halo 4","objects\weapons\pistol\storm_burst_pistol\storm_burst_pistol","objects\weapons\pistol\storm_burst_pistol\fx\bst_firing","particle","bst_muzzle_flash_round","objects\weapons\pistol\storm_burst_pistol\fx\bst_muzzle_flash_round","primary_trigger","only in first person","fx\reach\bitmaps\weapon_fire\gradients\muzzle_flare_plasma_rifle;fx\reach\bitmaps\weapon_fire\muzzle_flash_round_fiery"
"Halo 4","objects\weapons\pistol\storm_burst_pistol\storm_burst_pistol","objects\weapons\pistol\storm_burst_pistol\fx\bst_firing","particle","bst_muzzle_flash_round","objects\weapons\pistol\storm_burst_pistol\fx\bst_muzzle_flash_round","primary_trigger","only in third person","fx\reach\bitmaps\weapon_fire\gradients\muzzle_flare_plasma_rifle;fx\reach\bitmaps\weapon_fire\muzzle_flash_round_fiery"
"Halo 4","objects\weapons\pistol\storm_magnum\storm_magnum","objects\weapons\pistol\storm_magnum\fx\mag_firing","particle","mag_glow_soft","objects\weapons\pistol\storm_magnum\fx\mag_glow_soft","primary_trigger","only in first person","fx\reach\bitmaps\flash\glow_soft;objects\weapons\pistol\storm_magnum\fx\mag_glow_soft"
"Halo 4","objects\weapons\pistol\storm_magnum\storm_magnum","objects\weapons\pistol\storm_magnum\fx\mag_firing","particle","mag_muzzle_flash_long","objects\weapons\pistol\storm_magnum\fx\mag_muzzle_flash_long","primary_trigger","only in third person","fx\reach\bitmaps\weapon_fire\gradients\muzzle_flare_magnum;fx\reach\bitmaps\weapon_fire\muzzle_flash_long_soft;objects\weapons\pistol\storm_magnum\fx\mag_muzzle_flare_magnum;objects\weapons\pistol\storm_magnum\fx\mag_muzzle_flash_long_soft"
"Halo 4","objects\weapons\pistol\storm_magnum\storm_magnum","objects\weapons\pistol\storm_magnum\fx\mag_firing","particle","mag_muzzle_flash_round","objects\weapons\pistol\storm_magnum\fx\mag_muzzle_flash_round","primary_trigger","only in first person","fx\reach\bitmaps\weapon_fire\gradients\muzzle_flare_magnum;fx\reach\bitmaps\weapon_fire\muzzle_flash_round_gaseous;objects\weapons\pistol\storm_magnum\fx\mag_muzzle_flare_magnum;objects\weapons\pistol\storm_magnum\fx\mag_muzzle_flash_round_gaseous"
"Halo 4","objects\weapons\pistol\storm_magnum\storm_magnum","objects\weapons\pistol\storm_magnum\fx\mag_firing","particle","mag_muzzle_flash_round","objects\weapons\pistol\storm_magnum\fx\mag_muzzle_flash_round","primary_trigger","only in third person","fx\reach\bitmaps\weapon_fire\gradients\muzzle_flare_magnum;fx\reach\bitmaps\weapon_fire\muzzle_flash_round_gaseous;objects\weapons\pistol\storm_magnum\fx\mag_muzzle_flare_magnum;objects\weapons\pistol\storm_magnum\fx\mag_muzzle_flash_round_gaseous"
"Halo 4","objects\weapons\pistol\storm_magnum\storm_magnum","objects\weapons\pistol\storm_magnum\fx\mag_firing","particle","muzzle_smoke","fx\library\weapons\parts\muzzle_smoke","primary_trigger","only in first person","fx\bitmaps\2d\clouds\cloud_07_small;fx\reach\bitmaps\atmospheric\soft_smoke_small;fx\reach\bitmaps\atmospheric\thin_smoke_small;fx\reach\particles\_gradients\grayscale_light"
"Halo 4","objects\weapons\pistol\storm_magnum\storm_magnum","objects\weapons\pistol\storm_magnum\fx\mag_firing","particle","muzzle_smoke","fx\library\weapons\parts\muzzle_smoke","primary_trigger","only in third person","fx\bitmaps\2d\clouds\cloud_07_small;fx\reach\bitmaps\atmospheric\soft_smoke_small;fx\reach\bitmaps\atmospheric\thin_smoke_small;fx\reach\particles\_gradients\grayscale_light"
"Halo 4","objects\weapons\pistol\storm_needler\storm_needler","objects\weapons\pistol\storm_needler\fx\ndl_firing","particle","ndl_firing_plasma_ring","objects\weapons\pistol\storm_needler\fx\ndl_firing_plasma_ring","primary_trigger","only in first person","fx\reach\bitmaps\plasma\plasma_ring;fx\reach\bitmaps\weapon_fire\gradients\muzzle_flare_needler_long;objects\weapons\pistol\storm_needler\fx\ndl_muzzle_flare_needler_long;objects\weapons\pistol\storm_needler\fx\ndl_plasma_ring"
"Halo 4","objects\weapons\pistol\storm_needler\storm_needler","objects\weapons\pistol\storm_needler\fx\ndl_firing","particle","ndl_firing_plasma_ring","objects\weapons\pistol\storm_needler\fx\ndl_firing_plasma_ring","primary_trigger","only in third person","fx\reach\bitmaps\plasma\plasma_ring;fx\reach\bitmaps\weapon_fire\gradients\muzzle_flare_needler_long;objects\weapons\pistol\storm_needler\fx\ndl_muzzle_flare_needler_long;objects\weapons\pistol\storm_needler\fx\ndl_plasma_ring"
"Halo 4","objects\weapons\pistol\storm_needler\storm_needler","objects\weapons\pistol\storm_needler\fx\ndl_firing","particle","ndl_flash_large","objects\weapons\pistol\storm_needler\fx\ndl_flash_large","horizontal_flare","only in third person","fx\reach\bitmaps\flash\flash_large;objects\weapons\pistol\storm_needler\fx\ndl_flash_large"
"Halo 4","objects\weapons\pistol\storm_needler\storm_needler","objects\weapons\pistol\storm_needler\fx\ndl_firing","particle","ndl_flash_large","objects\weapons\pistol\storm_needler\fx\ndl_flash_large","primary_trigger","only in first person","fx\reach\bitmaps\flash\flash_large;objects\weapons\pistol\storm_needler\fx\ndl_flash_large"
"Halo 4","objects\weapons\pistol\storm_needler\storm_needler","objects\weapons\pistol\storm_needler\fx\ndl_firing","particle","ndl_glow_soft","objects\weapons\pistol\storm_needler\fx\ndl_glow_soft","primary_trigger","only in first person","fx\reach\bitmaps\flash\glow_soft;objects\weapons\pistol\storm_needler\fx\ndl_glow_soft"
"Halo 4","objects\weapons\pistol\storm_needler\storm_needler","objects\weapons\pistol\storm_needler\fx\ndl_firing","particle","ndl_glow_soft","objects\weapons\pistol\storm_needler\fx\ndl_glow_soft","primary_trigger","only in third person","fx\reach\bitmaps\flash\glow_soft;objects\weapons\pistol\storm_needler\fx\ndl_glow_soft"
"Halo 4","objects\weapons\pistol\storm_needler\storm_needler","objects\weapons\pistol\storm_needler\fx\ndl_firing","particle","ndl_muzzle_flash_long","objects\weapons\pistol\storm_needler\fx\ndl_muzzle_flash_long","horizontal_flare","only in first person","fx\reach\bitmaps\weapon_fire\gradients\muzzle_flare_needler_long;fx\reach\bitmaps\weapon_fire\muzzle_flash_long_gaseous;objects\weapons\pistol\storm_needler\fx\ndl_muzzle_flare_needler_long;objects\weapons\pistol\storm_needler\fx\ndl_muzzle_flash_long_gaseous"
"Halo 4","objects\weapons\pistol\storm_needler\storm_needler","objects\weapons\pistol\storm_needler\fx\ndl_firing","particle","ndl_muzzle_flash_long","objects\weapons\pistol\storm_needler\fx\ndl_muzzle_flash_long","primary_trigger","only in third person","fx\reach\bitmaps\weapon_fire\gradients\muzzle_flare_needler_long;fx\reach\bitmaps\weapon_fire\muzzle_flash_long_gaseous;objects\weapons\pistol\storm_needler\fx\ndl_muzzle_flare_needler_long;objects\weapons\pistol\storm_needler\fx\ndl_muzzle_flash_long_gaseous"
"Halo 4","objects\weapons\pistol\storm_needler\storm_needler","objects\weapons\pistol\storm_needler\fx\ndl_firing","particle","ndl_muzzle_flash_long_soft","objects\weapons\pistol\storm_needler\fx\ndl_muzzle_flash_long_soft","horizontal_flare","only in first person","fx\reach\bitmaps\weapon_fire\gradients\muzzle_flare_needler_long;fx\reach\bitmaps\weapon_fire\muzzle_flash_long_soft;objects\weapons\pistol\storm_needler\fx\ndl_muzzle_flare_needler;objects\weapons\pistol\storm_needler\fx\ndl_muzzle_flash_long_soft"
"Halo 4","objects\weapons\pistol\storm_needler\storm_needler","objects\weapons\pistol\storm_needler\fx\ndl_firing","particle","ndl_muzzle_flash_long_soft","objects\weapons\pistol\storm_needler\fx\ndl_muzzle_flash_long_soft","horizontal_flare","only in third person","fx\reach\bitmaps\weapon_fire\gradients\muzzle_flare_needler_long;fx\reach\bitmaps\weapon_fire\muzzle_flash_long_soft;objects\weapons\pistol\storm_needler\fx\ndl_muzzle_flare_needler;objects\weapons\pistol\storm_needler\fx\ndl_muzzle_flash_long_soft"
"Halo 4","objects\weapons\pistol\storm_needler\storm_needler","objects\weapons\pistol\storm_needler\fx\ndl_firing","particle","ndl_muzzle_flash_long_soft","objects\weapons\pistol\storm_needler\fx\ndl_muzzle_flash_long_soft","primary_trigger","only in third person","fx\reach\bitmaps\weapon_fire\gradients\muzzle_flare_needler_long;fx\reach\bitmaps\weapon_fire\muzzle_flash_long_soft;objects\weapons\pistol\storm_needler\fx\ndl_muzzle_flare_needler;objects\weapons\pistol\storm_needler\fx\ndl_muzzle_flash_long_soft"
"Halo 4","objects\weapons\pistol\storm_needler\storm_needler","objects\weapons\pistol\storm_needler\fx\ndl_firing","particle","ndl_muzzle_flash_round","objects\weapons\pistol\storm_needler\fx\ndl_muzzle_flash_round","primary_trigger","only in first person","fx\reach\bitmaps\weapon_fire\gradients\muzzle_flare_needler;fx\reach\bitmaps\weapon_fire\muzzle_flash_round_fiery;objects\weapons\pistol\storm_needler\fx\ndl_muzzle_flare_needler;objects\weapons\pistol\storm_needler\fx\ndl_muzzle_flash_round_fiery"
"Halo 4","objects\weapons\pistol\storm_needler\storm_needler","objects\weapons\pistol\storm_needler\fx\ndl_firing","particle","ndl_muzzle_flash_round","objects\weapons\pistol\storm_needler\fx\ndl_muzzle_flash_round","primary_trigger","only in third person","fx\reach\bitmaps\weapon_fire\gradients\muzzle_flare_needler;fx\reach\bitmaps\weapon_fire\muzzle_flash_round_fiery;objects\weapons\pistol\storm_needler\fx\ndl_muzzle_flare_needler;objects\weapons\pistol\storm_needler\fx\ndl_muzzle_flash_round_fiery"
"Halo 4","objects\weapons\pistol\storm_plasma_pistol\storm_plasma_pistol","objects\weapons\pistol\storm_plasma_pistol\fx\charged\firing","particle","flash_large","objects\weapons\pistol\storm_plasma_pistol\fx\particles\flash_large","primary_trigger","only in first person","fx\reach\bitmaps\flash\flash_large"
"Halo 4","objects\weapons\pistol\storm_plasma_pistol\storm_plasma_pistol","objects\weapons\pistol\storm_plasma_pistol\fx\charged\firing","particle","flash_large","objects\weapons\pistol\storm_plasma_pistol\fx\particles\flash_large","primary_trigger","only in third person","fx\reach\bitmaps\flash\flash_large"
"Halo 4","objects\weapons\pistol\storm_plasma_pistol\storm_plasma_pistol","objects\weapons\pistol\storm_plasma_pistol\fx\charged\firing","particle","glow_soft","objects\weapons\pistol\storm_plasma_pistol\fx\particles\glow_soft","primary_trigger","only in first person","fx\reach\bitmaps\flash\glow_soft"
"Halo 4","objects\weapons\pistol\storm_plasma_pistol\storm_plasma_pistol","objects\weapons\pistol\storm_plasma_pistol\fx\charged\firing","particle","glow_soft","objects\weapons\pistol\storm_plasma_pistol\fx\particles\glow_soft","primary_trigger","only in third person","fx\reach\bitmaps\flash\glow_soft"
"Halo 4","objects\weapons\pistol\storm_plasma_pistol\storm_plasma_pistol","objects\weapons\pistol\storm_plasma_pistol\fx\charged\firing","particle","muzzle_flash_long_charged","objects\weapons\pistol\storm_plasma_pistol\fx\particles\muzzle_flash_long_charged","primary_trigger","only in third person","fx\reach\bitmaps\weapon_fire\gradients\muzzle_flare_plasma_pistol_long_charged;fx\reach\bitmaps\weapon_fire\muzzle_flash_long_gaseous"
"Halo 4","objects\weapons\pistol\storm_plasma_pistol\storm_plasma_pistol","objects\weapons\pistol\storm_plasma_pistol\fx\charged\firing","particle","muzzle_flash_long_soft","objects\weapons\pistol\storm_plasma_pistol\fx\particles\muzzle_flash_long_soft","fx_horizontal_flare","only in first person","fx\reach\bitmaps\weapon_fire\gradients\muzzle_flare_plasma_pistol_long_soft;fx\reach\bitmaps\weapon_fire\muzzle_flash_long_soft"
"Halo 4","objects\weapons\pistol\storm_plasma_pistol\storm_plasma_pistol","objects\weapons\pistol\storm_plasma_pistol\fx\charged\firing","particle","muzzle_flash_round","objects\weapons\pistol\storm_plasma_pistol\fx\particles\muzzle_flash_round","primary_trigger","only in first person","fx\reach\bitmaps\weapon_fire\gradients\muzzle_flare_plasma_pistol;fx\reach\bitmaps\weapon_fire\muzzle_flash_round_fiery"
"Halo 4","objects\weapons\pistol\storm_plasma_pistol\storm_plasma_pistol","objects\weapons\pistol\storm_plasma_pistol\fx\charged\firing","particle","muzzle_flash_round","objects\weapons\pistol\storm_plasma_pistol\fx\particles\muzzle_flash_round","primary_trigger","only in third person","fx\reach\bitmaps\weapon_fire\gradients\muzzle_flare_plasma_pistol;fx\reach\bitmaps\weapon_fire\muzzle_flash_round_fiery"
"Halo 4","objects\weapons\pistol\storm_plasma_pistol\storm_plasma_pistol","objects\weapons\pistol\storm_plasma_pistol\fx\firing","particle","anamorphic_flare","objects\weapons\pistol\storm_plasma_pistol\fx\particles\anamorphic_flare","horizontal_flare","only in first person","fx\reach\bitmaps\lens_flares\anamorphic_flare"
"Halo 4","objects\weapons\pistol\storm_plasma_pistol\storm_plasma_pistol","objects\weapons\pistol\storm_plasma_pistol\fx\firing","particle","charging_plasma_ring","objects\weapons\pistol\storm_plasma_pistol\fx\particles\charging_plasma_ring","primary_trigger","only in first person","fx\reach\bitmaps\plasma\plasma_ring;fx\reach\particles\plasma\gradients\soft_plasma_green"
"Halo 4","objects\weapons\pistol\storm_plasma_pistol\storm_plasma_pistol","objects\weapons\pistol\storm_plasma_pistol\fx\firing","particle","charging_plasma_ring","objects\weapons\pistol\storm_plasma_pistol\fx\particles\charging_plasma_ring","primary_trigger","only in third person","fx\reach\bitmaps\plasma\plasma_ring;fx\reach\particles\plasma\gradients\soft_plasma_green"
"Halo 4","objects\weapons\pistol\storm_plasma_pistol\storm_plasma_pistol","objects\weapons\pistol\storm_plasma_pistol\fx\firing","particle","flash_large","objects\weapons\pistol\storm_plasma_pistol\fx\particles\flash_large","primary_trigger","only in first person","fx\reach\bitmaps\flash\flash_large"
"Halo 4","objects\weapons\pistol\storm_plasma_pistol\storm_plasma_pistol","objects\weapons\pistol\storm_plasma_pistol\fx\firing","particle","flash_large","objects\weapons\pistol\storm_plasma_pistol\fx\particles\flash_large","primary_trigger","only in third person","fx\reach\bitmaps\flash\flash_large"
"Halo 4","objects\weapons\pistol\storm_plasma_pistol\storm_plasma_pistol","objects\weapons\pistol\storm_plasma_pistol\fx\firing","particle","glow_soft","objects\weapons\pistol\storm_plasma_pistol\fx\particles\glow_soft","primary_trigger","only in first person","fx\reach\bitmaps\flash\glow_soft"
"Halo 4","objects\weapons\pistol\storm_plasma_pistol\storm_plasma_pistol","objects\weapons\pistol\storm_plasma_pistol\fx\firing","particle","glow_soft","objects\weapons\pistol\storm_plasma_pistol\fx\particles\glow_soft","primary_trigger","only in third person","fx\reach\bitmaps\flash\glow_soft"
"Halo 4","objects\weapons\pistol\storm_plasma_pistol\storm_plasma_pistol","objects\weapons\pistol\storm_plasma_pistol\fx\firing","particle","muzzle_flash_long","objects\weapons\pistol\storm_plasma_pistol\fx\particles\muzzle_flash_long","primary_trigger","only in third person","fx\reach\bitmaps\weapon_fire\gradients\muzzle_flare_plasma_pistol_long;fx\reach\bitmaps\weapon_fire\muzzle_flash_long_fiery"
"Halo 4","objects\weapons\pistol\storm_plasma_pistol\storm_plasma_pistol","objects\weapons\pistol\storm_plasma_pistol\fx\firing","particle","muzzle_flash_long_soft","objects\weapons\pistol\storm_plasma_pistol\fx\particles\muzzle_flash_long_soft","horizontal_flare","only in first person","fx\reach\bitmaps\weapon_fire\gradients\muzzle_flare_plasma_pistol_long_soft;fx\reach\bitmaps\weapon_fire\muzzle_flash_long_soft"
"Halo 4","objects\weapons\pistol\storm_plasma_pistol\storm_plasma_pistol","objects\weapons\pistol\storm_plasma_pistol\fx\firing","particle","muzzle_flash_long_soft","objects\weapons\pistol\storm_plasma_pistol\fx\particles\muzzle_flash_long_soft","primary_trigger","only in third person","fx\reach\bitmaps\weapon_fire\gradients\muzzle_flare_plasma_pistol_long_soft;fx\reach\bitmaps\weapon_fire\muzzle_flash_long_soft"
"Halo 4","objects\weapons\pistol\storm_plasma_pistol\storm_plasma_pistol","objects\weapons\pistol\storm_plasma_pistol\fx\firing","particle","muzzle_flash_round","objects\weapons\pistol\storm_plasma_pistol\fx\particles\muzzle_flash_round","primary_trigger","only in first person","fx\reach\bitmaps\weapon_fire\gradients\muzzle_flare_plasma_pistol;fx\reach\bitmaps\weapon_fire\muzzle_flash_round_fiery"
"Halo 4","objects\weapons\pistol\storm_plasma_pistol\storm_plasma_pistol","objects\weapons\pistol\storm_plasma_pistol\fx\firing","particle","muzzle_flash_round","objects\weapons\pistol\storm_plasma_pistol\fx\particles\muzzle_flash_round","primary_trigger","only in third person","fx\reach\bitmaps\weapon_fire\gradients\muzzle_flare_plasma_pistol;fx\reach\bitmaps\weapon_fire\muzzle_flash_round_fiery"
"Halo 4","objects\weapons\pistol\storm_sentinel_beam\storm_sentinel_beam","objects\weapons\pistol\storm_sentinel_beam\fx\bsh_firing","particle","bsh_distortion_ring","objects\weapons\pistol\storm_sentinel_beam\fx\bsh_distortion_ring","primary_trigger","only in third person","fx\reach\bitmaps\distortion\distortion_ring;objects\weapons\pistol\storm_sentinel_beam\fx\bsh_distortion_ring"
"Halo 4","objects\weapons\pistol\storm_sentinel_beam\storm_sentinel_beam","objects\weapons\pistol\storm_sentinel_beam\fx\bsh_firing","particle","bsh_flash_large","objects\weapons\pistol\storm_sentinel_beam\fx\bsh_flash_large","primary_trigger","only in third person","fx\reach\bitmaps\flash\flash_large;objects\weapons\pistol\storm_sentinel_beam\fx\bsh_flash_large"
"Halo 4","objects\weapons\pistol\storm_sentinel_beam\storm_sentinel_beam","objects\weapons\pistol\storm_sentinel_beam\fx\bsh_firing","particle","bsh_muzzle_flash_plasma","objects\weapons\pistol\storm_sentinel_beam\fx\bsh_muzzle_flash_plasma","primary_trigger","only in third person","fx\reach\bitmaps\fire\fire_clouds_256;fx\reach\bitmaps\fire\fire_large;fx\reach\bitmaps\plasma\plasma_clouds_128_b;fx\reach\particles\plasma\gradients\soft_plasma_blue"
"Halo 4","objects\weapons\pistol\storm_sentinel_beam\storm_sentinel_beam","objects\weapons\pistol\storm_sentinel_beam\fx\friendly_beam\firing","particle","distortion_ring","fx\reach\particles\distortion\distortion_ring","primary_trigger","only in first person","fx\reach\bitmaps\distortion\distortion_ring"
"Halo 4","objects\weapons\pistol\storm_sentinel_beam\storm_sentinel_beam","objects\weapons\pistol\storm_sentinel_beam\fx\friendly_beam\firing","particle","distortion_ring","fx\reach\particles\distortion\distortion_ring","primary_trigger","only in third person","fx\reach\bitmaps\distortion\distortion_ring"
"Halo 4","objects\weapons\pistol\storm_sentinel_beam\storm_sentinel_beam","objects\weapons\pistol\storm_sentinel_beam\fx\friendly_beam\firing","particle","flash_large","fx\reach\particles\flare\flash_large","primary_trigger","only in first person","fx\reach\bitmaps\flash\flash_large"
"Halo 4","objects\weapons\pistol\storm_sentinel_beam\storm_sentinel_beam","objects\weapons\pistol\storm_sentinel_beam\fx\friendly_beam\firing","particle","flash_large","fx\reach\particles\flare\flash_large","primary_trigger","only in third person","fx\reach\bitmaps\flash\flash_large"
"Halo 4","objects\weapons\pistol\storm_sentinel_beam\storm_sentinel_beam","objects\weapons\pistol\storm_sentinel_beam\fx\friendly_beam\firing","particle","muzzle_flash_plasma","objects\weapons\pistol\storm_sentinel_beam\fx\particles\muzzle_flash_plasma","primary_trigger","only in first person","fx\reach\bitmaps\fire\fire_clouds_256;fx\reach\bitmaps\fire\fire_large;fx\reach\bitmaps\plasma\plasma_clouds_128_b;fx\reach\particles\plasma\gradients\soft_plasma_blue"
"Halo 4","objects\weapons\pistol\storm_sentinel_beam\storm_sentinel_beam","objects\weapons\pistol\storm_sentinel_beam\fx\friendly_beam\firing","particle","muzzle_flash_plasma","objects\weapons\pistol\storm_sentinel_beam\fx\particles\muzzle_flash_plasma","primary_trigger","only in third person","fx\reach\bitmaps\fire\fire_clouds_256;fx\reach\bitmaps\fire\fire_large;fx\reach\bitmaps\plasma\plasma_clouds_128_b;fx\reach\particles\plasma\gradients\soft_plasma_blue"
"Halo 4","objects\weapons\pistol\storm_stasis_pistol\storm_stasis_pistol","objects\weapons\pistol\storm_stasis_pistol\fx\charged_concussion","gldf","charged_muzzle_flash_1p","objects\weapons\pistol\storm_stasis_pistol\fx\parts\charged_muzzle_flash_1p","primary_trigger","independent of camera mode",""
"Halo 4","objects\weapons\pistol\storm_stasis_pistol\storm_stasis_pistol","objects\weapons\pistol\storm_stasis_pistol\fx\charged_concussion","gldf","charged_muzzle_flash_3p","objects\weapons\pistol\storm_stasis_pistol\fx\parts\charged_muzzle_flash_3p","primary_trigger","independent of camera mode",""
"Halo 4","objects\weapons\pistol\storm_stasis_pistol\storm_stasis_pistol","objects\weapons\pistol\storm_stasis_pistol\fx\charged_concussion","particle","charged_plate_flash_1p","objects\weapons\pistol\storm_stasis_pistol\fx\particles\charged_plate_flash_1p","bottom_plate","only in first person","fx\bitmaps\gradient\grad_forerunner_muzzle_spread;fx\reach\bitmaps\flash\flash_soft"
"Halo 4","objects\weapons\pistol\storm_stasis_pistol\storm_stasis_pistol","objects\weapons\pistol\storm_stasis_pistol\fx\charged_concussion","particle","charged_plate_flash_1p","objects\weapons\pistol\storm_stasis_pistol\fx\particles\charged_plate_flash_1p","bottom_plate","only in third person","fx\bitmaps\gradient\grad_forerunner_muzzle_spread;fx\reach\bitmaps\flash\flash_soft"
"Halo 4","objects\weapons\pistol\storm_stasis_pistol\storm_stasis_pistol","objects\weapons\pistol\storm_stasis_pistol\fx\charged_concussion","particle","charged_plate_flash_1p","objects\weapons\pistol\storm_stasis_pistol\fx\particles\charged_plate_flash_1p","top_plate","only in first person","fx\bitmaps\gradient\grad_forerunner_muzzle_spread;fx\reach\bitmaps\flash\flash_soft"
"Halo 4","objects\weapons\pistol\storm_stasis_pistol\storm_stasis_pistol","objects\weapons\pistol\storm_stasis_pistol\fx\charged_concussion","particle","charged_plate_flash_1p","objects\weapons\pistol\storm_stasis_pistol\fx\particles\charged_plate_flash_1p","top_plate","only in third person","fx\bitmaps\gradient\grad_forerunner_muzzle_spread;fx\reach\bitmaps\flash\flash_soft"
"Halo 4","objects\weapons\pistol\storm_stasis_pistol\storm_stasis_pistol","objects\weapons\pistol\storm_stasis_pistol\fx\charged_concussion","particle","charged_plate_flash_large_1p","objects\weapons\pistol\storm_stasis_pistol\fx\particles\charged_plate_flash_large_1p","bottom_plate","only in first person","fx\reach\bitmaps\flash\flash_large"
"Halo 4","objects\weapons\pistol\storm_stasis_pistol\storm_stasis_pistol","objects\weapons\pistol\storm_stasis_pistol\fx\charged_concussion","particle","charged_plate_flash_large_1p","objects\weapons\pistol\storm_stasis_pistol\fx\particles\charged_plate_flash_large_1p","bottom_plate","only in third person","fx\reach\bitmaps\flash\flash_large"
"Halo 4","objects\weapons\pistol\storm_stasis_pistol\storm_stasis_pistol","objects\weapons\pistol\storm_stasis_pistol\fx\charged_concussion","particle","charged_plate_flash_large_1p","objects\weapons\pistol\storm_stasis_pistol\fx\particles\charged_plate_flash_large_1p","top_plate","only in first person","fx\reach\bitmaps\flash\flash_large"
"Halo 4","objects\weapons\pistol\storm_stasis_pistol\storm_stasis_pistol","objects\weapons\pistol\storm_stasis_pistol\fx\charged_concussion","particle","charged_plate_flash_large_1p","objects\weapons\pistol\storm_stasis_pistol\fx\particles\charged_plate_flash_large_1p","top_plate","only in third person","fx\reach\bitmaps\flash\flash_large"
"Halo 4","objects\weapons\pistol\storm_stasis_pistol\storm_stasis_pistol","objects\weapons\pistol\storm_stasis_pistol\fx\charged_concussion","particle","glow_soft","fx\reach\particles\flare\glow_soft","beam_origin","only in third person","fx\reach\bitmaps\flash\glow_soft"
"Halo 4","objects\weapons\pistol\storm_stasis_pistol\storm_stasis_pistol","objects\weapons\pistol\storm_stasis_pistol\fx\charged_concussion","particle","glow_soft","fx\reach\particles\flare\glow_soft","primary_trigger","only in first person","fx\reach\bitmaps\flash\glow_soft"
"Halo 4","objects\weapons\pistol\storm_stasis_pistol\storm_stasis_pistol","objects\weapons\pistol\storm_stasis_pistol\fx\firing","gldf","muzzle_flash_1p","objects\weapons\pistol\storm_stasis_pistol\fx\parts\muzzle_flash_1p","primary_trigger","only in first person",""
"Halo 4","objects\weapons\pistol\storm_stasis_pistol\storm_stasis_pistol","objects\weapons\pistol\storm_stasis_pistol\fx\firing","gldf","muzzle_flash_3p","objects\weapons\pistol\storm_stasis_pistol\fx\parts\muzzle_flash_3p","primary_trigger","only in third person",""
"Halo 4","objects\weapons\pistol\storm_stasis_pistol\storm_stasis_pistol","objects\weapons\pistol\storm_stasis_pistol\fx\firing","lens","firing_muzzle_flare_3p","objects\weapons\pistol\storm_stasis_pistol\fx\parts\firing_muzzle_flare_3p","primary_trigger","only in third person",""
"Halo 4","objects\weapons\pistol\storm_stasis_pistol\storm_stasis_pistol","objects\weapons\pistol\storm_stasis_pistol\fx\firing","particle","flash_large","objects\weapons\pistol\storm_plasma_pistol\fx\particles\flash_large","primary_trigger","only in first person","fx\reach\bitmaps\flash\flash_large"
"Halo 4","objects\weapons\pistol\storm_stasis_pistol\storm_stasis_pistol","objects\weapons\pistol\storm_stasis_pistol\fx\firing","particle","flash_large","objects\weapons\pistol\storm_plasma_pistol\fx\particles\flash_large","primary_trigger","only in third person","fx\reach\bitmaps\flash\flash_large"
"Halo 4","objects\weapons\pistol\storm_stasis_pistol\storm_stasis_pistol","objects\weapons\pistol\storm_stasis_pistol\fx\firing","particle","muzzle_flash_1p","objects\weapons\pistol\storm_stasis_pistol\fx\particles\muzzle_flash_1p","primary_trigger","only in first person","fx\bitmaps\gradient\grad_forerunner_muzzle_spread;fx\reach\bitmaps\flash\flash_soft"
"Halo 4","objects\weapons\pistol\storm_stasis_pistol\storm_stasis_pistol","objects\weapons\pistol\storm_stasis_pistol\fx\firing","particle","muzzle_flash_1p","objects\weapons\pistol\storm_stasis_pistol\fx\particles\muzzle_flash_1p","primary_trigger","only in third person","fx\bitmaps\gradient\grad_forerunner_muzzle_spread;fx\reach\bitmaps\flash\flash_soft"
"Halo 4","objects\weapons\pistol\storm_stasis_pistol\storm_stasis_pistol","objects\weapons\pistol\storm_stasis_pistol\fx\firing","particle","muzzle_flash_diamond_1p","objects\weapons\pistol\storm_stasis_pistol\fx\particles\muzzle_flash_diamond_1p","primary_trigger","only in first person","fx\bitmaps\2d\weapon_fire\fr_bolt_pistol\fr_bolt_pistol_muzzle_flash_diamond;fx\bitmaps\gradient\grad_forerunner_muzzle_spread"
"Halo 4","objects\weapons\pistol\storm_stasis_pistol\storm_stasis_pistol","objects\weapons\pistol\storm_stasis_pistol\fx\firing","particle","muzzle_flash_diamond_1p","objects\weapons\pistol\storm_stasis_pistol\fx\particles\muzzle_flash_diamond_1p","primary_trigger","only in third person","fx\bitmaps\2d\weapon_fire\fr_bolt_pistol\fr_bolt_pistol_muzzle_flash_diamond;fx\bitmaps\gradient\grad_forerunner_muzzle_spread"
"Halo 4","objects\weapons\pistol\storm_stasis_pistol\storm_stasis_pistol","objects\weapons\pistol\storm_stasis_pistol\fx\firing","particle","muzzle_flash_forward_3p","objects\weapons\pistol\storm_stasis_pistol\fx\particles\muzzle_flash_forward_3p","primary_trigger","only in third person","fx\bitmaps\2d\weapon_fire\fr_muzzle_flash_out;fx\bitmaps\gradient\grad_forerunner_muzzle_spread"
"Halo 4","objects\weapons\pistol\storm_stasis_pistol\storm_stasis_pistol","objects\weapons\pistol\storm_stasis_pistol\fx\firing","particle","muzzle_ring_1p","objects\weapons\pistol\storm_stasis_pistol\fx\particles\muzzle_ring_1p","primary_trigger","only in first person","fx\bitmaps\2d\weapon_fire\fr_muzzle_flash_ring2;fx\bitmaps\gradient\grad_forerunner_muzzle_pistol"
"Halo 4","objects\weapons\pistol\storm_stasis_pistol\storm_stasis_pistol","objects\weapons\pistol\storm_stasis_pistol\fx\firing","particle","muzzle_ring_1p","objects\weapons\pistol\storm_stasis_pistol\fx\particles\muzzle_ring_1p","primary_trigger","only in third person","fx\bitmaps\2d\weapon_fire\fr_muzzle_flash_ring2;fx\bitmaps\gradient\grad_forerunner_muzzle_pistol"
"Halo 4","objects\weapons\pistol\storm_stasis_pistol\storm_stasis_pistol","objects\weapons\pistol\storm_stasis_pistol\fx\firing","particle","vent_ring1_1p","objects\weapons\pistol\storm_stasis_pistol\fx\particles\vent_ring1_1p","fx_vent","only in first person","fx\bitmaps\2d\alphas\horizontal_grad_01;fx\bitmaps\2d\weapon_fire\fr_bolt_pistol\fr_bolt_pistol_ring_small1;fx\bitmaps\gradient\grad_forerunner_muzzle_pistol"
"Halo 4","objects\weapons\pistol\storm_stasis_pistol\storm_stasis_pistol","objects\weapons\pistol\storm_stasis_pistol\fx\firing","particle","vent_ring1_1p","objects\weapons\pistol\storm_stasis_pistol\fx\particles\vent_ring1_1p","fx_vent","only in third person","fx\bitmaps\2d\alphas\horizontal_grad_01;fx\bitmaps\2d\weapon_fire\fr_bolt_pistol\fr_bolt_pistol_ring_small1;fx\bitmaps\gradient\grad_forerunner_muzzle_pistol"
"Halo 4","objects\weapons\pistol\storm_stasis_pistol\storm_stasis_pistol","objects\weapons\pistol\storm_stasis_pistol\fx\firing","particle","vent_ring1_1p","objects\weapons\pistol\storm_stasis_pistol\fx\particles\vent_ring1_1p","primary_trigger","only in first person","fx\bitmaps\2d\alphas\horizontal_grad_01;fx\bitmaps\2d\weapon_fire\fr_bolt_pistol\fr_bolt_pistol_ring_small1;fx\bitmaps\gradient\grad_forerunner_muzzle_pistol"
"Halo 4","objects\weapons\pistol\storm_stasis_pistol\storm_stasis_pistol","objects\weapons\pistol\storm_stasis_pistol\fx\firing","particle","vent_ring1_1p","objects\weapons\pistol\storm_stasis_pistol\fx\particles\vent_ring1_1p","primary_trigger","only in third person","fx\bitmaps\2d\alphas\horizontal_grad_01;fx\bitmaps\2d\weapon_fire\fr_bolt_pistol\fr_bolt_pistol_ring_small1;fx\bitmaps\gradient\grad_forerunner_muzzle_pistol"
"Halo 4","objects\weapons\pistol\storm_stasis_pistol\storm_stasis_pistol","objects\weapons\pistol\storm_stasis_pistol\fx\firing","particle","vent_ring2_1p","objects\weapons\pistol\storm_stasis_pistol\fx\particles\vent_ring2_1p","fx_vent","only in first person","fx\bitmaps\2d\alphas\horizontal_grad_01;fx\bitmaps\2d\weapon_fire\fr_bolt_pistol\fr_bolt_pistol_ring_small2;fx\bitmaps\gradient\grad_forerunner_muzzle_pistol"
"Halo 4","objects\weapons\pistol\storm_stasis_pistol\storm_stasis_pistol","objects\weapons\pistol\storm_stasis_pistol\fx\firing","particle","vent_ring2_1p","objects\weapons\pistol\storm_stasis_pistol\fx\particles\vent_ring2_1p","fx_vent","only in third person","fx\bitmaps\2d\alphas\horizontal_grad_01;fx\bitmaps\2d\weapon_fire\fr_bolt_pistol\fr_bolt_pistol_ring_small2;fx\bitmaps\gradient\grad_forerunner_muzzle_pistol"
"Halo 4","objects\weapons\pistol\storm_sticky_detonator\storm_sticky_detonator","objects\weapons\pistol\storm_sticky_detonator\fx\sgl_firing","particle","glow_soft","fx\reach\particles\flare\glow_soft","primary_trigger","only in first person","fx\reach\bitmaps\flash\glow_soft"
"Halo 4","objects\weapons\pistol\storm_sticky_detonator\storm_sticky_detonator","objects\weapons\pistol\storm_sticky_detonator\fx\sgl_firing","particle","muzzle_flash_long_soft","objects\vehicles\human\turrets\missile_pod\weapon\missile_pod\fx\particles\muzzle_flash_long_soft","primary_trigger","only in third person",
"Halo 4","objects\weapons\pistol\storm_sticky_detonator\storm_sticky_detonator","objects\weapons\pistol\storm_sticky_detonator\fx\sgl_firing","particle","muzzle_flash_round","objects\weapons\pistol\storm_sticky_detonator\fx\muzzle_flash_round","primary_trigger","only in first person","fx\reach\bitmaps\weapon_fire\gradients\muzzle_flare_assault_rifle_long;fx\reach\bitmaps\weapon_fire\gradients\muzzle_flare_shotgun;fx\reach\bitmaps\weapon_fire\muzzle_flash_round_fiery;fx\reach\bitmaps\weapon_fire\muzzle_flash_round_gaseous"
"Halo 4","objects\weapons\pistol\storm_sticky_detonator\storm_sticky_detonator","objects\weapons\pistol\storm_sticky_detonator\fx\sgl_firing","particle","muzzle_flash_round","objects\weapons\pistol\storm_sticky_detonator\fx\muzzle_flash_round","primary_trigger","only in third person","fx\reach\bitmaps\weapon_fire\gradients\muzzle_flare_assault_rifle_long;fx\reach\bitmaps\weapon_fire\gradients\muzzle_flare_shotgun;fx\reach\bitmaps\weapon_fire\muzzle_flash_round_fiery;fx\reach\bitmaps\weapon_fire\muzzle_flash_round_gaseous"
"Halo 4","objects\weapons\pistol\storm_sticky_detonator\storm_sticky_detonator","objects\weapons\pistol\storm_sticky_detonator\fx\sgl_firing","particle","muzzle_smoke","fx\library\weapons\parts\muzzle_smoke","primary_trigger","only in first person","fx\bitmaps\2d\clouds\cloud_07_small;fx\reach\bitmaps\atmospheric\soft_smoke_small;fx\reach\bitmaps\atmospheric\thin_smoke_small;fx\reach\particles\_gradients\grayscale_light"
"Halo 4","objects\weapons\pistol\storm_sticky_detonator\storm_sticky_detonator","objects\weapons\pistol\storm_sticky_detonator\fx\sgl_firing","particle","muzzle_smoke","fx\reach\particles\atmospheric\soft_smoke\muzzle_smoke","primary_trigger","only in third person","fx\reach\bitmaps\atmospheric\soft_smoke_small;fx\reach\bitmaps\atmospheric\thin_smoke_small;fx\reach\particles\_gradients\grayscale_light;shaders\default_bitmaps\bitmaps\color_white"
"Halo 4","objects\weapons\pistol\storm_sticky_detonator\storm_sticky_detonator","objects\weapons\pistol\storm_sticky_detonator\fx\sgl_firing","particle","muzzle_smoke","fx\library\weapons\parts\muzzle_smoke","primary_trigger","only in third person","fx\bitmaps\2d\clouds\cloud_07_small;fx\reach\bitmaps\atmospheric\soft_smoke_small;fx\reach\bitmaps\atmospheric\thin_smoke_small;fx\reach\particles\_gradients\grayscale_light"
"Halo 4","objects\weapons\pistol\storm_target_laser\storm_target_laser","objects\weapons\pistol\storm_target_laser\fx\firing_tracer","particle","mag_muzzle_flash_long","objects\weapons\pistol\storm_magnum\fx\mag_muzzle_flash_long","primary_trigger","only in third person","fx\reach\bitmaps\weapon_fire\gradients\muzzle_flare_magnum;fx\reach\bitmaps\weapon_fire\muzzle_flash_long_soft;objects\weapons\pistol\storm_magnum\fx\mag_muzzle_flare_magnum;objects\weapons\pistol\storm_magnum\fx\mag_muzzle_flash_long_soft"
"Halo 4","objects\weapons\pistol\storm_target_laser\storm_target_laser","objects\weapons\pistol\storm_target_laser\fx\firing_tracer","particle","mag_muzzle_flash_round","objects\weapons\pistol\storm_magnum\fx\mag_muzzle_flash_round","primary_trigger","only in third person","fx\reach\bitmaps\weapon_fire\gradients\muzzle_flare_magnum;fx\reach\bitmaps\weapon_fire\muzzle_flash_round_gaseous;objects\weapons\pistol\storm_magnum\fx\mag_muzzle_flare_magnum;objects\weapons\pistol\storm_magnum\fx\mag_muzzle_flash_round_gaseous"
"Halo 4","objects\weapons\pistol\storm_target_laser\storm_target_laser","objects\weapons\pistol\storm_target_laser\fx\firing_tracer","particle","mag_muzzle_smoke","objects\weapons\pistol\storm_magnum\fx\mag_muzzle_smoke","primary_trigger","only in third person","fx\reach\bitmaps\atmospheric\soft_smoke_small;fx\reach\particles\_gradients\grayscale_light"
"Halo 4","objects\weapons\rifle\storm_assault_carbine\storm_assault_carbine","objects\weapons\rifle\storm_assault_carbine\fx\firing","lens","assault_carbine_lenseflare","objects\weapons\rifle\storm_assault_carbine\fx\parts\assault_carbine_lenseflare","primary_trigger","only in third person",""
"Halo 4","objects\weapons\rifle\storm_assault_carbine\storm_assault_carbine","objects\weapons\rifle\storm_assault_carbine\fx\firing","particle","flash_core_glow","objects\weapons\rifle\storm_assault_carbine\fx\parts\flash_core_glow","primary_trigger","only in first person","fx\reach\bitmaps\flash\flash_large"
"Halo 4","objects\weapons\rifle\storm_assault_carbine\storm_assault_carbine","objects\weapons\rifle\storm_assault_carbine\fx\firing","particle","flash_core_glow","objects\weapons\rifle\storm_assault_carbine\fx\parts\flash_core_glow","primary_trigger","only in third person","fx\reach\bitmaps\flash\flash_large"
"Halo 4","objects\weapons\rifle\storm_assault_carbine\storm_assault_carbine","objects\weapons\rifle\storm_assault_carbine\fx\firing","particle","flash_core_glow_flare","objects\weapons\rifle\storm_assault_carbine\fx\parts\flash_core_glow_flare","primary_trigger","only in first person","fx\bitmaps\2d\flare\streak_05;fx\reach\bitmaps\flash\flash_large"
"Halo 4","objects\weapons\rifle\storm_assault_carbine\storm_assault_carbine","objects\weapons\rifle\storm_assault_carbine\fx\firing","particle","flash_large_core","objects\weapons\rifle\storm_assault_carbine\fx\parts\flash_large_core","primary_trigger","only in first person","fx\reach\bitmaps\flash\flash_large"
"Halo 4","objects\weapons\rifle\storm_assault_carbine\storm_assault_carbine","objects\weapons\rifle\storm_assault_carbine\fx\firing","particle","flash_large_core","objects\weapons\rifle\storm_assault_carbine\fx\parts\flash_large_core","primary_trigger","only in third person","fx\reach\bitmaps\flash\flash_large"
"Halo 4","objects\weapons\rifle\storm_assault_carbine\storm_assault_carbine","objects\weapons\rifle\storm_assault_carbine\fx\firing","particle","flash_soft_core","objects\weapons\rifle\storm_assault_carbine\fx\parts\flash_soft_core","primary_trigger","only in first person","fx\bitmaps\2d\flare\starburst_04;fx\bitmaps\gradient\grad_bishop_glow;fx\reach\bitmaps\flash\flash_large"
"Halo 4","objects\weapons\rifle\storm_assault_carbine\storm_assault_carbine","objects\weapons\rifle\storm_assault_carbine\fx\firing","particle","flash_soft_core","objects\weapons\rifle\storm_assault_carbine\fx\parts\flash_soft_core","primary_trigger","only in third person","fx\bitmaps\2d\flare\starburst_04;fx\bitmaps\gradient\grad_bishop_glow;fx\reach\bitmaps\flash\flash_large"
"Halo 4","objects\weapons\rifle\storm_assault_carbine\storm_assault_carbine","objects\weapons\rifle\storm_assault_carbine\fx\firing","particle","muzzle_flash_long","objects\weapons\boneyard\covenant_carbine\fx\particles\muzzle_flash_long","primary_trigger","only in first person","fx\bitmaps\distortion\distortion_plasma_ball;fx\bitmaps\gradient\grad_plasma_blue_thin;fx\bitmaps\weapon_fire\gradients\muzzle_flare_carbine_long;fx\reach\bitmaps\plasma\plasma_clouds_256_a;fx\reach\bitmaps\plasma\plasma_clouds_256_b;fx\reach\bitmaps\weapon_fire\gradients\muzzle_flare_plasma_rifle_long;fx\reach\bitmaps\weapon_fire\muzzle_flash_long_fiery;fx\reach\bitmaps\weapon_fire\muzzle_flash_round_fiery;fx\reach\bitmaps\weapon_fire\muzzle_flash_round_gaseous"
"Halo 4","objects\weapons\rifle\storm_assault_carbine\storm_assault_carbine","objects\weapons\rifle\storm_assault_carbine\fx\firing","particle","muzzle_flash_long","objects\weapons\boneyard\covenant_carbine\fx\particles\muzzle_flash_long","primary_trigger","only in third person","fx\bitmaps\distortion\distortion_plasma_ball;fx\bitmaps\gradient\grad_plasma_blue_thin;fx\bitmaps\weapon_fire\gradients\muzzle_flare_carbine_long;fx\reach\bitmaps\plasma\plasma_clouds_256_a;fx\reach\bitmaps\plasma\plasma_clouds_256_b;fx\reach\bitmaps\weapon_fire\gradients\muzzle_flare_plasma_rifle_long;fx\reach\bitmaps\weapon_fire\muzzle_flash_long_fiery;fx\reach\bitmaps\weapon_fire\muzzle_flash_round_fiery;fx\reach\bitmaps\weapon_fire\muzzle_flash_round_gaseous"
"Halo 4","objects\weapons\rifle\storm_assault_carbine\storm_assault_carbine","objects\weapons\rifle\storm_assault_carbine\fx\firing","particle","muzzle_flash_long_soft","objects\weapons\rifle\storm_assault_carbine\fx\parts\muzzle_flash_long_soft","primary_trigger","only in third person","fx\bitmaps\gradient\grad_bishop_glow;fx\reach\bitmaps\weapon_fire\gradients\muzzle_flare_needler_long;fx\reach\bitmaps\weapon_fire\muzzle_flash_long_soft"
"Halo 4","objects\weapons\rifle\storm_assault_carbine\storm_assault_carbine","objects\weapons\rifle\storm_assault_carbine\fx\firing","particle","muzzle_flash_round","objects\weapons\rifle\storm_assault_carbine\fx\parts\muzzle_flash_round","primary_trigger","only in first person","fx\bitmaps\2d\clouds\cloud_07;fx\bitmaps\2d\energy\plasma_cloud_01;fx\bitmaps\2d\energy\plasma_cloud_02;fx\bitmaps\3d\energy\energy_vapor_01;fx\bitmaps\gradient\grad_bishop_glow;fx\bitmaps\gradient\grad_plasma_blue;fx\reach\bitmaps\weapon_fire\gradients\muzzle_flare_needler;fx\reach\bitmaps\weapon_fire\muzzle_flash_round_fiery;fx\reach\bitmaps\weapon_fire\muzzle_flash_round_gaseous"
"Halo 4","objects\weapons\rifle\storm_assault_carbine\storm_assault_carbine","objects\weapons\rifle\storm_assault_carbine\fx\firing","particle","muzzle_flash_round","objects\weapons\rifle\storm_assault_carbine\fx\parts\muzzle_flash_round","primary_trigger","only in third person","fx\bitmaps\2d\clouds\cloud_07;fx\bitmaps\2d\energy\plasma_cloud_01;fx\bitmaps\2d\energy\plasma_cloud_02;fx\bitmaps\3d\energy\energy_vapor_01;fx\bitmaps\gradient\grad_bishop_glow;fx\bitmaps\gradient\grad_plasma_blue;fx\reach\bitmaps\weapon_fire\gradients\muzzle_flare_needler;fx\reach\bitmaps\weapon_fire\muzzle_flash_round_fiery;fx\reach\bitmaps\weapon_fire\muzzle_flash_round_gaseous"
"Halo 4","objects\weapons\rifle\storm_assault_carbine\storm_assault_carbine","objects\weapons\rifle\storm_assault_carbine\fx\firing","particle","muzzle_flash_round_outer","objects\weapons\rifle\storm_assault_carbine\fx\parts\muzzle_flash_round_outer","primary_trigger","only in first person","fx\bitmaps\2d\clouds\cloud_07;fx\bitmaps\2d\clouds\soft_smoke_small_fix;fx\bitmaps\2d\energy\plasma_cloud_01;fx\bitmaps\2d\energy\plasma_cloud_02;fx\bitmaps\3d\energy\energy_vapor_01;fx\bitmaps\gradient\grad_bishop_glow;fx\bitmaps\gradient\grad_plasma_blue;fx\reach\bitmaps\weapon_fire\gradients\muzzle_flare_needler;fx\reach\bitmaps\weapon_fire\muzzle_flash_round_fiery"
"Halo 4","objects\weapons\rifle\storm_assault_carbine\storm_assault_carbine","objects\weapons\rifle\storm_assault_carbine\fx\firing","particle","muzzle_flash_round_outer","objects\weapons\rifle\storm_assault_carbine\fx\parts\muzzle_flash_round_outer","primary_trigger","only in third person","fx\bitmaps\2d\clouds\cloud_07;fx\bitmaps\2d\clouds\soft_smoke_small_fix;fx\bitmaps\2d\energy\plasma_cloud_01;fx\bitmaps\2d\energy\plasma_cloud_02;fx\bitmaps\3d\energy\energy_vapor_01;fx\bitmaps\gradient\grad_bishop_glow;fx\bitmaps\gradient\grad_plasma_blue;fx\reach\bitmaps\weapon_fire\gradients\muzzle_flare_needler;fx\reach\bitmaps\weapon_fire\muzzle_flash_round_fiery"
"Halo 4","objects\weapons\rifle\storm_assault_rifle\storm_assault_rifle","objects\weapons\rifle\storm_assault_rifle\fx\ar_firing","particle","ar_muzzle_flash_long_brake","objects\weapons\rifle\storm_assault_rifle\fx\ar_muzzle_flash_long_brake","muzzle_flash","only in third person","fx\reach\bitmaps\weapon_fire\gradients\muzzle_flare_assault_rifle;fx\reach\bitmaps\weapon_fire\gradients\muzzle_flare_assault_rifle_long;fx\reach\bitmaps\weapon_fire\muzzle_flash_long_gaseous"
"Halo 4","objects\weapons\rifle\storm_assault_rifle\storm_assault_rifle","objects\weapons\rifle\storm_assault_rifle\fx\ar_firing","particle","ar_muzzle_flash_round","objects\weapons\rifle\storm_assault_rifle\fx\ar_muzzle_flash_round","primary_trigger","only in first person","fx\reach\bitmaps\weapon_fire\gradients\muzzle_flare_assault_rifle;fx\reach\bitmaps\weapon_fire\muzzle_flash_round_gaseous;objects\weapons\rifle\storm_assault_rifle\fx\ar_muzzle_flash_round_gaseous"
"Halo 4","objects\weapons\rifle\storm_assault_rifle\storm_assault_rifle","objects\weapons\rifle\storm_assault_rifle\fx\ar_firing","particle","glow_soft","fx\reach\particles\flare\glow_soft","primary_trigger","only in first person","fx\reach\bitmaps\flash\glow_soft"
"Halo 4","objects\weapons\rifle\storm_assault_rifle\storm_assault_rifle","objects\weapons\rifle\storm_assault_rifle\fx\ar_firing","particle","glow_soft","fx\reach\particles\flare\glow_soft","primary_trigger","only in third person","fx\reach\bitmaps\flash\glow_soft"
"Halo 4","objects\weapons\rifle\storm_assault_rifle\storm_assault_rifle","objects\weapons\rifle\storm_assault_rifle\fx\ar_firing","particle","muzzle_flash_long","objects\weapons\rifle\storm_assault_rifle\fx\particles\muzzle_flash_long","primary_trigger","only in third person","fx\reach\bitmaps\weapon_fire\gradients\muzzle_flare_assault_rifle_long;fx\reach\bitmaps\weapon_fire\muzzle_flash_long_gaseous"
"Halo 4","objects\weapons\rifle\storm_assault_rifle\storm_assault_rifle","objects\weapons\rifle\storm_assault_rifle\fx\ar_firing","particle","muzzle_flash_long_brake","objects\weapons\rifle\storm_assault_rifle\fx\particles\muzzle_flash_long_brake","muzzle_flash","only in first person","fx\reach\bitmaps\weapon_fire\gradients\muzzle_flare_assault_rifle;fx\reach\bitmaps\weapon_fire\gradients\muzzle_flare_assault_rifle_long;fx\reach\bitmaps\weapon_fire\muzzle_flash_long_gaseous"
"Halo 4","objects\weapons\rifle\storm_assault_rifle\storm_assault_rifle","objects\weapons\rifle\storm_assault_rifle\fx\ar_firing","particle","muzzle_flash_long_brake","objects\weapons\rifle\storm_assault_rifle\fx\particles\muzzle_flash_long_brake","muzzle_flash","only in first person","fx\reach\bitmaps\weapon_fire\gradients\muzzle_flare_assault_rifle;fx\reach\bitmaps\weapon_fire\gradients\muzzle_flare_assault_rifle_long;fx\reach\bitmaps\weapon_fire\muzzle_flash_long_gaseous"
"Halo 4","objects\weapons\rifle\storm_assault_rifle\storm_assault_rifle","objects\weapons\rifle\storm_assault_rifle\fx\ar_firing","particle","muzzle_flash_round","objects\weapons\rifle\storm_assault_rifle\fx\particles\muzzle_flash_round","primary_trigger","only in third person","fx\reach\bitmaps\weapon_fire\gradients\muzzle_flare_assault_rifle;fx\reach\bitmaps\weapon_fire\gradients\muzzle_flare_assault_rifle_long;fx\reach\bitmaps\weapon_fire\muzzle_flash_round_gaseous"
"Halo 4","objects\weapons\rifle\storm_assault_rifle\storm_assault_rifle","objects\weapons\rifle\storm_assault_rifle\fx\ar_firing","particle","muzzle_smoke","fx\library\weapons\parts\muzzle_smoke","primary_trigger","only in first person","fx\bitmaps\2d\clouds\cloud_07_small;fx\reach\bitmaps\atmospheric\soft_smoke_small;fx\reach\bitmaps\atmospheric\thin_smoke_small;fx\reach\particles\_gradients\grayscale_light"
"Halo 4","objects\weapons\rifle\storm_assault_rifle\storm_assault_rifle","objects\weapons\rifle\storm_assault_rifle\fx\ar_firing","particle","muzzle_smoke","fx\library\weapons\parts\muzzle_smoke","primary_trigger","only in third person","fx\bitmaps\2d\clouds\cloud_07_small;fx\reach\bitmaps\atmospheric\soft_smoke_small;fx\reach\bitmaps\atmospheric\thin_smoke_small;fx\reach\particles\_gradients\grayscale_light"
"Halo 4","objects\weapons\rifle\storm_assault_rifle\storm_assault_rifle","objects\weapons\rifle\storm_assault_rifle\fx\ar_firing","particle","muzzle_smoke_temp","fx\reach\particles\atmospheric\soft_smoke\muzzle_smoke_temp","primary_trigger","only in first person",
"Halo 4","objects\weapons\rifle\storm_attach_beam\storm_attach_beam","objects\weapons\support_high\plasma_launcher\fx\firing","particle","flash_large","fx\reach\particles\flare\flash_large","primary_trigger","only in first person","fx\reach\bitmaps\flash\flash_large"
"Halo 4","objects\weapons\rifle\storm_attach_beam\storm_attach_beam","objects\weapons\support_high\plasma_launcher\fx\firing","particle","flash_large","fx\reach\particles\flare\flash_large","primary_trigger","only in third person","fx\reach\bitmaps\flash\flash_large"
"Halo 4","objects\weapons\rifle\storm_attach_beam\storm_attach_beam","objects\weapons\support_high\plasma_launcher\fx\firing","particle","muzzle_flash_long","objects\weapons\support_high\plasma_launcher\fx\particles\muzzle_flash_long","primary_trigger","only in third person","fx\reach\bitmaps\weapon_fire\gradients\muzzle_flare_plasma_turret_long;fx\reach\bitmaps\weapon_fire\muzzle_flash_long_gaseous"
"Halo 4","objects\weapons\rifle\storm_attach_beam\storm_attach_beam","objects\weapons\support_high\plasma_launcher\fx\firing","particle","muzzle_flash_long_soft","objects\weapons\support_high\plasma_launcher\fx\particles\muzzle_flash_long_soft","primary_trigger","only in third person","fx\reach\bitmaps\weapon_fire\gradients\muzzle_flare_plasma_turret_long;fx\reach\bitmaps\weapon_fire\muzzle_flash_long_soft"
"Halo 4","objects\weapons\rifle\storm_attach_beam\storm_attach_beam","objects\weapons\support_high\plasma_launcher\fx\firing","particle","muzzle_flash_round","objects\weapons\support_high\plasma_launcher\fx\particles\muzzle_flash_round","primary_trigger","only in first person","fx\reach\bitmaps\weapon_fire\gradients\muzzle_flare_plasma_turret;fx\reach\bitmaps\weapon_fire\muzzle_flash_round_gaseous"
"Halo 4","objects\weapons\rifle\storm_attach_beam\storm_attach_beam","objects\weapons\support_high\plasma_launcher\fx\firing","particle","muzzle_flash_round","objects\weapons\support_high\plasma_launcher\fx\particles\muzzle_flash_round","primary_trigger","only in third person","fx\reach\bitmaps\weapon_fire\gradients\muzzle_flare_plasma_turret;fx\reach\bitmaps\weapon_fire\muzzle_flash_round_gaseous"
"Halo 4","objects\weapons\rifle\storm_beam_rifle\storm_beam_rifle","objects\weapons\rifle\storm_beam_rifle\fx\firing","particle","flash_core_glow","objects\weapons\rifle\storm_beam_rifle\fx\particles\flash_core_glow","primary_trigger","only in first person","fx\bitmaps\2d\flare\starburst_02;fx\bitmaps\gradient\grad_purple_carbine;fx\reach\bitmaps\flash\glow_soft"
"Halo 4","objects\weapons\rifle\storm_beam_rifle\storm_beam_rifle","objects\weapons\rifle\storm_beam_rifle\fx\firing","particle","flash_large","objects\weapons\rifle\storm_beam_rifle\fx\particles\flash_large","primary_trigger","both first and third","fx\bitmaps\gradient\grad_bluelight_1;fx\reach\bitmaps\flash\flash_large"
"Halo 4","objects\weapons\rifle\storm_beam_rifle\storm_beam_rifle","objects\weapons\rifle\storm_beam_rifle\fx\firing","particle","flash_large","objects\weapons\rifle\storm_beam_rifle\fx\particles\flash_large","primary_trigger","only in first person","fx\bitmaps\gradient\grad_bluelight_1;fx\reach\bitmaps\flash\flash_large"
"Halo 4","objects\weapons\rifle\storm_beam_rifle\storm_beam_rifle","objects\weapons\rifle\storm_beam_rifle\fx\firing","particle","flash_streaks","objects\weapons\rifle\storm_beam_rifle\fx\particles\flash_streaks","primary_trigger","only in first person","fx\bitmaps\2d\flare\starburst_05;fx\bitmaps\gradient\grad_hot_blue;fx\reach\bitmaps\flash\glow_soft"
"Halo 4","objects\weapons\rifle\storm_beam_rifle\storm_beam_rifle","objects\weapons\rifle\storm_beam_rifle\fx\firing","particle","glow_soft","objects\weapons\rifle\storm_beam_rifle\fx\particles\glow_soft","primary_trigger","both first and third","fx\reach\bitmaps\flash\glow_soft"
"Halo 4","objects\weapons\rifle\storm_beam_rifle\storm_beam_rifle","objects\weapons\rifle\storm_beam_rifle\fx\firing","particle","glow_soft","objects\weapons\rifle\storm_beam_rifle\fx\particles\glow_soft","primary_trigger","only in first person","fx\reach\bitmaps\flash\glow_soft"
"Halo 4","objects\weapons\rifle\storm_beam_rifle\storm_beam_rifle","objects\weapons\rifle\storm_beam_rifle\fx\firing","particle","muzzle_flash_long","objects\weapons\rifle\storm_beam_rifle\fx\particles\muzzle_flash_long","primary_trigger","both first and third","fx\reach\bitmaps\weapon_fire\gradients\muzzle_flare_needler_long;fx\reach\bitmaps\weapon_fire\gradients\muzzle_flare_plasma_rifle_long;fx\reach\bitmaps\weapon_fire\muzzle_flash_long_gaseous"
"Halo 4","objects\weapons\rifle\storm_beam_rifle\storm_beam_rifle","objects\weapons\rifle\storm_beam_rifle\fx\firing","particle","muzzle_flash_long_soft","objects\weapons\rifle\storm_beam_rifle\fx\particles\muzzle_flash_long_soft","primary_trigger","both first and third","fx\bitmaps\gradient\grad_bluelight_1;fx\reach\bitmaps\weapon_fire\muzzle_flash_long_soft;fx\reach\particles\_gradients\plasma_blue_01"
"Halo 4","objects\weapons\rifle\storm_beam_rifle\storm_beam_rifle","objects\weapons\rifle\storm_beam_rifle\fx\firing","particle","muzzle_flash_long_soft","objects\weapons\rifle\storm_beam_rifle\fx\particles\muzzle_flash_long_soft","primary_trigger","both first and third","fx\bitmaps\gradient\grad_bluelight_1;fx\reach\bitmaps\weapon_fire\muzzle_flash_long_soft;fx\reach\particles\_gradients\plasma_blue_01"
"Halo 4","objects\weapons\rifle\storm_beam_rifle\storm_beam_rifle","objects\weapons\rifle\storm_beam_rifle\fx\firing","particle","muzzle_flash_round","objects\weapons\rifle\storm_beam_rifle\fx\particles\muzzle_flash_round","primary_trigger","both first and third","fx\bitmaps\gradient\grad_bluelight_1;fx\reach\bitmaps\weapon_fire\gradients\muzzle_flare_plasma_rifle;fx\reach\bitmaps\weapon_fire\muzzle_flash_round_fiery"
"Halo 4","objects\weapons\rifle\storm_beam_rifle\storm_beam_rifle","objects\weapons\rifle\storm_beam_rifle\fx\firing","particle","muzzle_flash_round","objects\weapons\rifle\storm_beam_rifle\fx\particles\muzzle_flash_round","primary_trigger","only in first person","fx\bitmaps\gradient\grad_bluelight_1;fx\reach\bitmaps\weapon_fire\gradients\muzzle_flare_plasma_rifle;fx\reach\bitmaps\weapon_fire\muzzle_flash_round_fiery"
"Halo 4","objects\weapons\rifle\storm_br\storm_br","objects\weapons\rifle\storm_br\fx\firing","lens","storm_lenseflare_br","objects\weapons\rifle\storm_br\fx\parts\storm_lenseflare_br","primary_trigger","independent of camera mode",""
"Halo 4","objects\weapons\rifle\storm_br\storm_br","objects\weapons\rifle\storm_br\fx\firing","particle","glow_soft","fx\reach\particles\flare\glow_soft","primary_trigger","only in first person","fx\reach\bitmaps\flash\glow_soft"
"Halo 4","objects\weapons\rifle\storm_br\storm_br","objects\weapons\rifle\storm_br\fx\firing","particle","glow_soft","fx\reach\particles\flare\glow_soft","primary_trigger","only in third person","fx\reach\bitmaps\flash\glow_soft"
"Halo 4","objects\weapons\rifle\storm_br\storm_br","objects\weapons\rifle\storm_br\fx\firing","particle","muzzle_flash_long","objects\weapons\rifle\storm_br\fx\particles\muzzle_flash_long","primary_trigger","only in third person","fx\reach\bitmaps\weapon_fire\gradients\muzzle_flare_battle_rifle;fx\reach\bitmaps\weapon_fire\muzzle_flash_long_gaseous"
"Halo 4","objects\weapons\rifle\storm_br\storm_br","objects\weapons\rifle\storm_br\fx\firing","particle","muzzle_flash_long_brake","objects\weapons\rifle\storm_br\fx\particles\muzzle_flash_long_brake","muzzle_flash","only in first person","fx\reach\bitmaps\weapon_fire\gradients\muzzle_flare_battle_rifle;fx\reach\bitmaps\weapon_fire\muzzle_flash_long_gaseous"
"Halo 4","objects\weapons\rifle\storm_br\storm_br","objects\weapons\rifle\storm_br\fx\firing","particle","muzzle_flash_long_brake","objects\weapons\rifle\storm_br\fx\particles\muzzle_flash_long_brake","muzzle_flash","only in first person","fx\reach\bitmaps\weapon_fire\gradients\muzzle_flare_battle_rifle;fx\reach\bitmaps\weapon_fire\muzzle_flash_long_gaseous"
"Halo 4","objects\weapons\rifle\storm_br\storm_br","objects\weapons\rifle\storm_br\fx\firing","particle","muzzle_flash_long_brake","objects\weapons\rifle\storm_br\fx\particles\muzzle_flash_long_brake","muzzle_flash","only in third person","fx\reach\bitmaps\weapon_fire\gradients\muzzle_flare_battle_rifle;fx\reach\bitmaps\weapon_fire\muzzle_flash_long_gaseous"
"Halo 4","objects\weapons\rifle\storm_br\storm_br","objects\weapons\rifle\storm_br\fx\firing","particle","muzzle_flash_long_soft","objects\weapons\rifle\storm_br\fx\particles\muzzle_flash_long_soft","muzzle_flash","only in first person","fx\reach\bitmaps\weapon_fire\gradients\muzzle_flare_battle_rifle;fx\reach\bitmaps\weapon_fire\muzzle_flash_long_soft"
"Halo 4","objects\weapons\rifle\storm_br\storm_br","objects\weapons\rifle\storm_br\fx\firing","particle","muzzle_flash_long_soft","objects\weapons\rifle\storm_br\fx\particles\muzzle_flash_long_soft","muzzle_flash","only in third person","fx\reach\bitmaps\weapon_fire\gradients\muzzle_flare_battle_rifle;fx\reach\bitmaps\weapon_fire\muzzle_flash_long_soft"
"Halo 4","objects\weapons\rifle\storm_br\storm_br","objects\weapons\rifle\storm_br\fx\firing","particle","muzzle_flash_long_soft","objects\weapons\rifle\storm_br\fx\particles\muzzle_flash_long_soft","primary_trigger","only in third person","fx\reach\bitmaps\weapon_fire\gradients\muzzle_flare_battle_rifle;fx\reach\bitmaps\weapon_fire\muzzle_flash_long_soft"
"Halo 4","objects\weapons\rifle\storm_br\storm_br","objects\weapons\rifle\storm_br\fx\firing","particle","muzzle_flash_round","objects\weapons\rifle\storm_br\fx\particles\muzzle_flash_round","primary_trigger","only in first person","fx\reach\bitmaps\weapon_fire\gradients\muzzle_flare_battle_rifle;fx\reach\bitmaps\weapon_fire\muzzle_flash_round_gaseous"
"Halo 4","objects\weapons\rifle\storm_br\storm_br","objects\weapons\rifle\storm_br\fx\firing","particle","muzzle_flash_round","objects\weapons\rifle\storm_br\fx\particles\muzzle_flash_round","primary_trigger","only in third person","fx\reach\bitmaps\weapon_fire\gradients\muzzle_flare_battle_rifle;fx\reach\bitmaps\weapon_fire\muzzle_flash_round_gaseous"
"Halo 4","objects\weapons\rifle\storm_br\storm_br","objects\weapons\rifle\storm_br\fx\firing","particle","muzzle_smoke","fx\library\weapons\parts\muzzle_smoke","primary_trigger","only in first person","fx\bitmaps\2d\clouds\cloud_07_small;fx\reach\bitmaps\atmospheric\soft_smoke_small;fx\reach\bitmaps\atmospheric\thin_smoke_small;fx\reach\particles\_gradients\grayscale_light"
"Halo 4","objects\weapons\rifle\storm_br\storm_br","objects\weapons\rifle\storm_br\fx\firing","particle","muzzle_smoke","fx\library\weapons\parts\muzzle_smoke","primary_trigger","only in third person","fx\bitmaps\2d\clouds\cloud_07_small;fx\reach\bitmaps\atmospheric\soft_smoke_small;fx\reach\bitmaps\atmospheric\thin_smoke_small;fx\reach\particles\_gradients\grayscale_light"
"Halo 4","objects\weapons\rifle\storm_concussion_rifle\storm_concussion_rifle","objects\weapons\rifle\storm_concussion_rifle\fx\firing","particle","glow_soft","objects\weapons\rifle\storm_concussion_rifle\fx\particles\glow_soft","primary_trigger","only in first person","fx\reach\bitmaps\flash\glow_soft"
"Halo 4","objects\weapons\rifle\storm_concussion_rifle\storm_concussion_rifle","objects\weapons\rifle\storm_concussion_rifle\fx\firing","particle","glow_soft","objects\weapons\rifle\storm_concussion_rifle\fx\particles\glow_soft","primary_trigger","only in third person","fx\reach\bitmaps\flash\glow_soft"
"Halo 4","objects\weapons\rifle\storm_concussion_rifle\storm_concussion_rifle","objects\weapons\rifle\storm_concussion_rifle\fx\firing","particle","muzzle_flash_long","objects\weapons\rifle\storm_concussion_rifle\fx\particles\muzzle_flash_long","primary_trigger","only in third person","fx\reach\bitmaps\weapon_fire\gradients\muzzle_flare_concussion_rifle_long;fx\reach\bitmaps\weapon_fire\muzzle_flash_long_gaseous"
"Halo 4","objects\weapons\rifle\storm_concussion_rifle\storm_concussion_rifle","objects\weapons\rifle\storm_concussion_rifle\fx\firing","particle","muzzle_flash_long_soft","objects\weapons\rifle\storm_concussion_rifle\fx\particles\muzzle_flash_long_soft","primary_trigger","only in third person","fx\reach\bitmaps\weapon_fire\gradients\muzzle_flare_concussion_rifle_long;fx\reach\bitmaps\weapon_fire\muzzle_flash_long_soft"
"Halo 4","objects\weapons\rifle\storm_concussion_rifle\storm_concussion_rifle","objects\weapons\rifle\storm_concussion_rifle\fx\firing","particle","muzzle_flash_round","objects\weapons\rifle\storm_concussion_rifle\fx\particles\muzzle_flash_round","primary_trigger","only in first person","fx\reach\bitmaps\weapon_fire\gradients\muzzle_flare_concussion_rifle;fx\reach\bitmaps\weapon_fire\muzzle_flash_round_fiery"
"Halo 4","objects\weapons\rifle\storm_concussion_rifle\storm_concussion_rifle","objects\weapons\rifle\storm_concussion_rifle\fx\firing","particle","muzzle_flash_round","objects\weapons\rifle\storm_concussion_rifle\fx\particles\muzzle_flash_round","primary_trigger","only in third person","fx\reach\bitmaps\weapon_fire\gradients\muzzle_flare_concussion_rifle;fx\reach\bitmaps\weapon_fire\muzzle_flash_round_fiery"
"Halo 4","objects\weapons\rifle\storm_covenant_carbine\storm_covenant_carbine","objects\weapons\rifle\storm_covenant_carbine\fx\firing","particle","flash_large","objects\weapons\rifle\storm_covenant_carbine\fx\particles\flash_large","primary_trigger","only in first person","fx\bitmaps\gradient\grad_covenant_carbine_muzzle_flash;fx\reach\bitmaps\flash\flash_large"
"Halo 4","objects\weapons\rifle\storm_covenant_carbine\storm_covenant_carbine","objects\weapons\rifle\storm_covenant_carbine\fx\firing","particle","flash_large","objects\weapons\rifle\storm_covenant_carbine\fx\particles\flash_large","primary_trigger","only in third person","fx\bitmaps\gradient\grad_covenant_carbine_muzzle_flash;fx\reach\bitmaps\flash\flash_large"
"Halo 4","objects\weapons\rifle\storm_covenant_carbine\storm_covenant_carbine","objects\weapons\rifle\storm_covenant_carbine\fx\firing","particle","muzzle_flash_distortion","objects\weapons\rifle\storm_covenant_carbine\fx\particles\muzzle_flash_distortion","primary_trigger","only in first person","fx\bitmaps\2d\energy\plasma_cloud_01;fx\bitmaps\2d\energy\plasma_cloud_02;fx\bitmaps\3d\energy\energy_vapor_01;fx\bitmaps\3d\energy\energy_wisps_3d;fx\bitmaps\gradient\grad_plasma_blue;fx\reach\bitmaps\weapon_fire\gradients\muzzle_flare_needler;fx\reach\bitmaps\weapon_fire\muzzle_flash_round_fiery"
"Halo 4","objects\weapons\rifle\storm_covenant_carbine\storm_covenant_carbine","objects\weapons\rifle\storm_covenant_carbine\fx\firing","particle","muzzle_flash_long","objects\weapons\rifle\storm_covenant_carbine\fx\particles\muzzle_flash_long","primary_trigger","only in first person","fx\bitmaps\gradient\grad_covenant_carbine_muzzle_flash;fx\reach\bitmaps\weapon_fire\gradients\muzzle_flare_needler_long;fx\reach\bitmaps\weapon_fire\muzzle_flash_long_fiery;fx\reach\bitmaps\weapon_fire\muzzle_flash_long_gaseous"
"Halo 4","objects\weapons\rifle\storm_covenant_carbine\storm_covenant_carbine","objects\weapons\rifle\storm_covenant_carbine\fx\firing","particle","muzzle_flash_long","objects\weapons\rifle\storm_covenant_carbine\fx\particles\muzzle_flash_long","primary_trigger","only in third person","fx\bitmaps\gradient\grad_covenant_carbine_muzzle_flash;fx\reach\bitmaps\weapon_fire\gradients\muzzle_flare_needler_long;fx\reach\bitmaps\weapon_fire\muzzle_flash_long_fiery;fx\reach\bitmaps\weapon_fire\muzzle_flash_long_gaseous"
"Halo 4","objects\weapons\rifle\storm_covenant_carbine\storm_covenant_carbine","objects\weapons\rifle\storm_covenant_carbine\fx\firing","particle","muzzle_flash_long_soft","objects\weapons\rifle\storm_covenant_carbine\fx\particles\muzzle_flash_long_soft","primary_trigger","only in third person","fx\bitmaps\gradient\grad_bluelight_1;fx\reach\bitmaps\weapon_fire\gradients\muzzle_flare_needler_long;fx\reach\bitmaps\weapon_fire\muzzle_flash_long_soft"
"Halo 4","objects\weapons\rifle\storm_covenant_carbine\storm_covenant_carbine","objects\weapons\rifle\storm_covenant_carbine\fx\firing","particle","muzzle_flash_round","objects\weapons\rifle\storm_covenant_carbine\fx\particles\muzzle_flash_round","fx_vent","both first and third","fx\bitmaps\2d\clouds\cloud_07;fx\bitmaps\2d\energy\plasma_cloud_01;fx\bitmaps\2d\energy\plasma_cloud_02;fx\bitmaps\3d\energy\energy_vapor_01;fx\bitmaps\gradient\grad_covenant_carbine_muzzle_flash;fx\bitmaps\gradient\grad_plasma_blue;fx\reach\bitmaps\weapon_fire\gradients\muzzle_flare_needler;fx\reach\bitmaps\weapon_fire\muzzle_flash_round_fiery;fx\reach\bitmaps\weapon_fire\muzzle_flash_round_gaseous"
"Halo 4","objects\weapons\rifle\storm_covenant_carbine\storm_covenant_carbine","objects\weapons\rifle\storm_covenant_carbine\fx\firing","particle","muzzle_flash_round","objects\weapons\rifle\storm_covenant_carbine\fx\particles\muzzle_flash_round","primary_trigger","only in first person","fx\bitmaps\2d\clouds\cloud_07;fx\bitmaps\2d\energy\plasma_cloud_01;fx\bitmaps\2d\energy\plasma_cloud_02;fx\bitmaps\3d\energy\energy_vapor_01;fx\bitmaps\gradient\grad_covenant_carbine_muzzle_flash;fx\bitmaps\gradient\grad_plasma_blue;fx\reach\bitmaps\weapon_fire\gradients\muzzle_flare_needler;fx\reach\bitmaps\weapon_fire\muzzle_flash_round_fiery;fx\reach\bitmaps\weapon_fire\muzzle_flash_round_gaseous"
"Halo 4","objects\weapons\rifle\storm_covenant_carbine\storm_covenant_carbine","objects\weapons\rifle\storm_covenant_carbine\fx\firing","particle","muzzle_flash_round","objects\weapons\rifle\storm_covenant_carbine\fx\particles\muzzle_flash_round","primary_trigger","only in third person","fx\bitmaps\2d\clouds\cloud_07;fx\bitmaps\2d\energy\plasma_cloud_01;fx\bitmaps\2d\energy\plasma_cloud_02;fx\bitmaps\3d\energy\energy_vapor_01;fx\bitmaps\gradient\grad_covenant_carbine_muzzle_flash;fx\bitmaps\gradient\grad_plasma_blue;fx\reach\bitmaps\weapon_fire\gradients\muzzle_flare_needler;fx\reach\bitmaps\weapon_fire\muzzle_flash_round_fiery;fx\reach\bitmaps\weapon_fire\muzzle_flash_round_gaseous"
"Halo 4","objects\weapons\rifle\storm_covenant_carbine\storm_covenant_carbine","objects\weapons\rifle\storm_covenant_carbine\fx\firing","particle","muzzle_lens_flare_1st","objects\weapons\rifle\storm_covenant_carbine\fx\particles\muzzle_lens_flare_1st","primary_trigger","only in first person","fx\bitmaps\2d\flare\starburst_03;fx\bitmaps\gradient\grad_purple_carbine;fx\reach\bitmaps\flash\flash_large"
"Halo 4","objects\weapons\rifle\storm_covenant_carbine\storm_covenant_carbine","objects\weapons\rifle\storm_covenant_carbine\fx\firing","particle","muzzle_lens_flare_1st","objects\weapons\rifle\storm_covenant_carbine\fx\particles\muzzle_lens_flare_1st","primary_trigger","only in third person","fx\bitmaps\2d\flare\starburst_03;fx\bitmaps\gradient\grad_purple_carbine;fx\reach\bitmaps\flash\flash_large"
"Halo 4","objects\weapons\rifle\storm_dmr\storm_dmr","objects\weapons\rifle\storm_dmr\fx\firing","particle","glow_soft","fx\reach\particles\flare\glow_soft","primary_trigger","only in first person","fx\reach\bitmaps\flash\glow_soft"
"Halo 4","objects\weapons\rifle\storm_dmr\storm_dmr","objects\weapons\rifle\storm_dmr\fx\firing","particle","glow_soft","fx\reach\particles\flare\glow_soft","primary_trigger","only in third person","fx\reach\bitmaps\flash\glow_soft"
"Halo 4","objects\weapons\rifle\storm_dmr\storm_dmr","objects\weapons\rifle\storm_dmr\fx\firing","particle","muzzle_flash_long","objects\weapons\rifle\storm_dmr\fx\particles\muzzle_flash_long","primary_trigger","only in third person","fx\reach\bitmaps\weapon_fire\gradients\muzzle_flare_battle_rifle;fx\reach\bitmaps\weapon_fire\muzzle_flash_long_gaseous"
"Halo 4","objects\weapons\rifle\storm_dmr\storm_dmr","objects\weapons\rifle\storm_dmr\fx\firing","particle","muzzle_flash_long_brake","objects\weapons\rifle\storm_dmr\fx\particles\muzzle_flash_long_brake","muzzle_flash","only in first person","fx\reach\bitmaps\weapon_fire\gradients\muzzle_flare_battle_rifle;fx\reach\bitmaps\weapon_fire\muzzle_flash_long_gaseous"
"Halo 4","objects\weapons\rifle\storm_dmr\storm_dmr","objects\weapons\rifle\storm_dmr\fx\firing","particle","muzzle_flash_long_brake","objects\weapons\rifle\storm_dmr\fx\particles\muzzle_flash_long_brake","muzzle_flash","only in third person","fx\reach\bitmaps\weapon_fire\gradients\muzzle_flare_battle_rifle;fx\reach\bitmaps\weapon_fire\muzzle_flash_long_gaseous"
"Halo 4","objects\weapons\rifle\storm_dmr\storm_dmr","objects\weapons\rifle\storm_dmr\fx\firing","particle","muzzle_flash_long_soft","objects\weapons\rifle\storm_dmr\fx\particles\muzzle_flash_long_soft","muzzle_flash","only in first person","fx\reach\bitmaps\weapon_fire\gradients\muzzle_flare_battle_rifle;fx\reach\bitmaps\weapon_fire\muzzle_flash_long_soft"
"Halo 4","objects\weapons\rifle\storm_dmr\storm_dmr","objects\weapons\rifle\storm_dmr\fx\firing","particle","muzzle_flash_long_soft","objects\weapons\rifle\storm_dmr\fx\particles\muzzle_flash_long_soft","muzzle_flash","only in third person","fx\reach\bitmaps\weapon_fire\gradients\muzzle_flare_battle_rifle;fx\reach\bitmaps\weapon_fire\muzzle_flash_long_soft"
"Halo 4","objects\weapons\rifle\storm_dmr\storm_dmr","objects\weapons\rifle\storm_dmr\fx\firing","particle","muzzle_flash_long_soft","objects\weapons\rifle\storm_dmr\fx\particles\muzzle_flash_long_soft","primary_trigger","only in third person","fx\reach\bitmaps\weapon_fire\gradients\muzzle_flare_battle_rifle;fx\reach\bitmaps\weapon_fire\muzzle_flash_long_soft"
"Halo 4","objects\weapons\rifle\storm_dmr\storm_dmr","objects\weapons\rifle\storm_dmr\fx\firing","particle","muzzle_flash_round","objects\weapons\rifle\storm_dmr\fx\particles\muzzle_flash_round","primary_trigger","only in first person","fx\reach\bitmaps\weapon_fire\gradients\muzzle_flare_battle_rifle;fx\reach\bitmaps\weapon_fire\muzzle_flash_round_gaseous"
"Halo 4","objects\weapons\rifle\storm_dmr\storm_dmr","objects\weapons\rifle\storm_dmr\fx\firing","particle","muzzle_flash_round","objects\weapons\rifle\storm_dmr\fx\particles\muzzle_flash_round","primary_trigger","only in third person","fx\reach\bitmaps\weapon_fire\gradients\muzzle_flare_battle_rifle;fx\reach\bitmaps\weapon_fire\muzzle_flash_round_gaseous"
"Halo 4","objects\weapons\rifle\storm_dmr\storm_dmr","objects\weapons\rifle\storm_dmr\fx\firing","particle","muzzle_smoke","fx\library\weapons\parts\muzzle_smoke","primary_trigger","only in first person","fx\bitmaps\2d\clouds\cloud_07_small;fx\reach\bitmaps\atmospheric\soft_smoke_small;fx\reach\bitmaps\atmospheric\thin_smoke_small;fx\reach\particles\_gradients\grayscale_light"
"Halo 4","objects\weapons\rifle\storm_dmr\storm_dmr","objects\weapons\rifle\storm_dmr\fx\firing","particle","muzzle_smoke","fx\library\weapons\parts\muzzle_smoke","primary_trigger","only in third person","fx\bitmaps\2d\clouds\cloud_07_small;fx\reach\bitmaps\atmospheric\soft_smoke_small;fx\reach\bitmaps\atmospheric\thin_smoke_small;fx\reach\particles\_gradients\grayscale_light"
"Halo 4","objects\weapons\rifle\storm_forerunner_rifle\storm_forerunner_rifle","objects\weapons\rifle\storm_forerunner_rifle\fx\homingrifle_firing","lens","fr_lenseflare_rifle","objects\weapons\rifle\storm_forerunner_rifle\fx\parts\fr_lenseflare_rifle","primary_trigger","only in first person",""
"Halo 4","objects\weapons\rifle\storm_forerunner_rifle\storm_forerunner_rifle","objects\weapons\rifle\storm_forerunner_rifle\fx\homingrifle_firing","lens","fr_lenseflare_rifle","objects\weapons\rifle\storm_forerunner_rifle\fx\parts\fr_lenseflare_rifle","source_port","only in third person",""
"Halo 4","objects\weapons\rifle\storm_forerunner_rifle\storm_forerunner_rifle","objects\weapons\rifle\storm_forerunner_rifle\fx\homingrifle_firing","lens","fr_lenseflare_rifle_1st","objects\weapons\rifle\storm_forerunner_rifle\fx\parts\fr_lenseflare_rifle_1st","source_port","only in first person",""
"Halo 4","objects\weapons\rifle\storm_forerunner_rifle\storm_forerunner_rifle","objects\weapons\rifle\storm_forerunner_rifle\fx\homingrifle_firing","lens","fr_lenseflare_rifle_muzzle","objects\weapons\rifle\storm_forerunner_rifle\fx\parts\fr_lenseflare_rifle_muzzle","primary_trigger","only in third person",""
"Halo 4","objects\weapons\rifle\storm_forerunner_rifle\storm_forerunner_rifle","objects\weapons\rifle\storm_forerunner_rifle\fx\homingrifle_firing","lens","fr_lenseflare_rifle_muzzle_1st","objects\weapons\rifle\storm_forerunner_rifle\fx\parts\fr_lenseflare_rifle_muzzle_1st","primary_trigger","only in first person",""
"Halo 4","objects\weapons\rifle\storm_forerunner_rifle\storm_forerunner_rifle","objects\weapons\rifle\storm_forerunner_rifle\fx\homingrifle_firing","lens","fr_lenseflare_rifle_muzzle_soft_glow","objects\weapons\rifle\storm_forerunner_rifle\fx\parts\fr_lenseflare_rifle_muzzle_soft_glow","primary_trigger","only in first person",""
"Halo 4","objects\weapons\rifle\storm_forerunner_rifle\storm_forerunner_rifle","objects\weapons\rifle\storm_forerunner_rifle\fx\homingrifle_firing","lens","fr_lenseflare_rifle_muzzle_soft_glow","objects\weapons\rifle\storm_forerunner_rifle\fx\parts\fr_lenseflare_rifle_muzzle_soft_glow","primary_trigger","only in third person",""
"Halo 4","objects\weapons\rifle\storm_forerunner_rifle\storm_forerunner_rifle","objects\weapons\rifle\storm_forerunner_rifle\fx\homingrifle_firing","lens","fr_lenseflare_rifle_muzzle_soft_glow","objects\weapons\rifle\storm_forerunner_rifle\fx\parts\fr_lenseflare_rifle_muzzle_soft_glow","primary_trigger","only in third person",""
"Halo 4","objects\weapons\rifle\storm_forerunner_rifle\storm_forerunner_rifle","objects\weapons\rifle\storm_forerunner_rifle\fx\homingrifle_firing","ltvl","impact_glow","objects\weapons\rifle\storm_forerunner_rifle\fx\impact\impact_glow","primary_trigger","only in third person",""
"Halo 4","objects\weapons\rifle\storm_forerunner_rifle\storm_forerunner_rifle","objects\weapons\rifle\storm_forerunner_rifle\fx\homingrifle_firing","ltvl","impact_glow","objects\weapons\rifle\storm_forerunner_rifle\fx\impact\impact_glow","primary_trigger","only in third person",""
"Halo 4","objects\weapons\rifle\storm_forerunner_rifle\storm_forerunner_rifle","objects\weapons\rifle\storm_forerunner_rifle\fx\homingrifle_firing","ltvl","muzzle_glow_1p","objects\weapons\rifle\storm_forerunner_rifle\fx\parts\muzzle_glow_1p","primary_trigger","only in third person",""
"Halo 4","objects\weapons\rifle\storm_forerunner_rifle\storm_forerunner_rifle","objects\weapons\rifle\storm_forerunner_rifle\fx\homingrifle_firing","particle","fr_rifle_hardlight_muzzle_front","objects\weapons\rifle\storm_forerunner_rifle\fx\particles\fr_rifle_hardlight_muzzle_front","primary_trigger","only in first person","fx\bitmaps\2d\alphas\horizontal_grad_01;fx\bitmaps\2d\weapon_fire\fr_rifle_hard_light\fr_rifle_hardlight_muzzle_front;fx\bitmaps\gradient\grad_forerunner_hardlight_rifle"
"Halo 4","objects\weapons\rifle\storm_forerunner_rifle\storm_forerunner_rifle","objects\weapons\rifle\storm_forerunner_rifle\fx\homingrifle_firing","particle","fr_rifle_hardlight_muzzle_front","objects\weapons\rifle\storm_forerunner_rifle\fx\particles\fr_rifle_hardlight_muzzle_front","primary_trigger","only in first person","fx\bitmaps\2d\alphas\horizontal_grad_01;fx\bitmaps\2d\weapon_fire\fr_rifle_hard_light\fr_rifle_hardlight_muzzle_front;fx\bitmaps\gradient\grad_forerunner_hardlight_rifle"
"Halo 4","objects\weapons\rifle\storm_forerunner_rifle\storm_forerunner_rifle","objects\weapons\rifle\storm_forerunner_rifle\fx\homingrifle_firing","particle","fr_rifle_hardlight_muzzle_front","objects\weapons\rifle\storm_forerunner_rifle\fx\particles\fr_rifle_hardlight_muzzle_front","primary_trigger","only in third person","fx\bitmaps\2d\alphas\horizontal_grad_01;fx\bitmaps\2d\weapon_fire\fr_rifle_hard_light\fr_rifle_hardlight_muzzle_front;fx\bitmaps\gradient\grad_forerunner_hardlight_rifle"
"Halo 4","objects\weapons\rifle\storm_forerunner_rifle\storm_forerunner_rifle","objects\weapons\rifle\storm_forerunner_rifle\fx\homingrifle_firing","particle","fr_rifle_hardlight_muzzle_front_accent","objects\weapons\rifle\storm_forerunner_rifle\fx\particles\fr_rifle_hardlight_muzzle_front_accent","primary_trigger","only in first person","fx\bitmaps\2d\alphas\horizontal_grad_01;fx\bitmaps\2d\weapon_fire\fr_rifle_hard_light\fr_rifle_hardlight_muzzle_front;fx\bitmaps\gradient\grad_forerunner_hardlight_rifle"
"Halo 4","objects\weapons\rifle\storm_forerunner_rifle\storm_forerunner_rifle","objects\weapons\rifle\storm_forerunner_rifle\fx\homingrifle_firing","particle","fr_rifle_hardlight_muzzle_front_accent","objects\weapons\rifle\storm_forerunner_rifle\fx\particles\fr_rifle_hardlight_muzzle_front_accent","primary_trigger","only in third person","fx\bitmaps\2d\alphas\horizontal_grad_01;fx\bitmaps\2d\weapon_fire\fr_rifle_hard_light\fr_rifle_hardlight_muzzle_front;fx\bitmaps\gradient\grad_forerunner_hardlight_rifle"
"Halo 4","objects\weapons\rifle\storm_forerunner_rifle\storm_forerunner_rifle","objects\weapons\rifle\storm_forerunner_rifle\fx\homingrifle_firing","particle","fr_rifle_muzflash_break","objects\weapons\rifle\storm_forerunner_rifle\fx\parts\fr_rifle_muzflash_break","primary_trigger","only in first person","fx\bitmaps\2d\weapon_fire\forerunner_rifle_muzzleflash;fx\bitmaps\gradient\grad_forerunner_muzzle;fx\reach\bitmaps\weapon_fire\gradients\muzzle_flare_battle_rifle;fx\reach\bitmaps\weapon_fire\muzzle_flash_long_gaseous"
"Halo 4","objects\weapons\rifle\storm_forerunner_rifle\storm_forerunner_rifle","objects\weapons\rifle\storm_forerunner_rifle\fx\homingrifle_firing","particle","fr_rifle_muzflash_break","objects\weapons\rifle\storm_forerunner_rifle\fx\parts\fr_rifle_muzflash_break","primary_trigger","only in third person","fx\bitmaps\2d\weapon_fire\forerunner_rifle_muzzleflash;fx\bitmaps\gradient\grad_forerunner_muzzle;fx\reach\bitmaps\weapon_fire\gradients\muzzle_flare_battle_rifle;fx\reach\bitmaps\weapon_fire\muzzle_flash_long_gaseous"
"Halo 4","objects\weapons\rifle\storm_forerunner_rifle\storm_forerunner_rifle","objects\weapons\rifle\storm_forerunner_rifle\fx\homingrifle_firing","particle","fr_rifle_muzflash_break","objects\weapons\rifle\storm_forerunner_rifle\fx\parts\fr_rifle_muzflash_break","primary_trigger","only in third person","fx\bitmaps\2d\weapon_fire\forerunner_rifle_muzzleflash;fx\bitmaps\gradient\grad_forerunner_muzzle;fx\reach\bitmaps\weapon_fire\gradients\muzzle_flare_battle_rifle;fx\reach\bitmaps\weapon_fire\muzzle_flash_long_gaseous"
"Halo 4","objects\weapons\rifle\storm_forerunner_rifle\storm_forerunner_rifle","objects\weapons\rifle\storm_forerunner_rifle\fx\homingrifle_firing","particle","fr_rifle_muzzle_flare","objects\weapons\rifle\storm_forerunner_rifle\fx\parts\fr_rifle_muzzle_flare","primary_trigger","only in first person","fx\bitmaps\2d\flare\forerunner_lenseflare;fx\bitmaps\gradient\grad_forerunner_hardlight_rifle;fx\reach\bitmaps\weapon_fire\gradients\muzzle_flare_battle_rifle;fx\reach\bitmaps\weapon_fire\muzzle_flash_long_gaseous"
"Halo 4","objects\weapons\rifle\storm_forerunner_rifle\storm_forerunner_rifle","objects\weapons\rifle\storm_forerunner_rifle\fx\homingrifle_firing","particle","fr_rifle_muzzle_flare_glow","objects\weapons\rifle\storm_forerunner_rifle\fx\parts\fr_rifle_muzzle_flare_glow","primary_trigger","only in third person","fx\bitmaps\2d\weapon_fire\fr_rifle_muzzle_flare_glow;fx\bitmaps\gradient\grad_forerunner_heat;fx\reach\bitmaps\weapon_fire\gradients\muzzle_flare_battle_rifle;fx\reach\bitmaps\weapon_fire\muzzle_flash_long_gaseous"
"Halo 4","objects\weapons\rifle\storm_forerunner_rifle\storm_forerunner_rifle","objects\weapons\rifle\storm_forerunner_rifle\fx\homingrifle_firing","particle","hardlight_bits_core","objects\weapons\rifle\storm_forerunner_rifle\fx\particles\hardlight_bits_core","source_port","both first and third","fx\bitmaps\2d\flare\streak_05;fx\bitmaps\gradient\grad_forerunner_hardlight_rifle"
"Halo 4","objects\weapons\rifle\storm_forerunner_rifle\storm_forerunner_rifle","objects\weapons\rifle\storm_forerunner_rifle\fx\homingrifle_firing","particle","hardlight_bits_core","objects\weapons\rifle\storm_forerunner_rifle\fx\particles\hardlight_bits_core","source_port","both first and third","fx\bitmaps\2d\flare\streak_05;fx\bitmaps\gradient\grad_forerunner_hardlight_rifle"
"Halo 4","objects\weapons\rifle\storm_forerunner_rifle\storm_forerunner_rifle","objects\weapons\rifle\storm_forerunner_rifle\fx\homingrifle_firing","particle","homingrifle_muzflash_energy","objects\weapons\rifle\storm_homing_rifle\fx\homingrifle_muzflash_energy","primary_trigger","only in third person","fx\bitmaps\2d\weapon_fire\forerunner_rifle_muzzleflash;fx\bitmaps\gradient\grad_forerunner_muzzle;fx\reach\bitmaps\weapon_fire\gradients\muzzle_flare_battle_rifle;fx\reach\bitmaps\weapon_fire\muzzle_flash_long_gaseous"
"Halo 4","objects\weapons\rifle\storm_forerunner_rifle\storm_forerunner_rifle","objects\weapons\rifle\storm_forerunner_rifle\fx\homingrifle_firing","particle","homingrifle_muzflash_firey_round","objects\weapons\rifle\storm_homing_rifle\fx\homingrifle_muzflash_firey_round","primary_trigger","only in third person","fx\bitmaps\gradient\grad_didact_red;fx\reach\bitmaps\weapon_fire\gradients\muzzle_flare_plasma_rifle;fx\reach\bitmaps\weapon_fire\muzzle_flash_round_fiery"
"Halo 4","objects\weapons\rifle\storm_forerunner_rifle\storm_forerunner_rifle","objects\weapons\rifle\storm_forerunner_rifle\fx\homingrifle_firing","particle","homingrifle_muzflash_long_break","objects\weapons\rifle\storm_forerunner_rifle\fx\homingrifle_muzflash_long_break","primary_trigger","only in third person","fx\bitmaps\3d\energy\energy_muzzleflash_long;fx\bitmaps\gradient\grad_digital;fx\reach\bitmaps\weapon_fire\gradients\muzzle_flare_battle_rifle;fx\reach\bitmaps\weapon_fire\muzzle_flash_long_gaseous"
"Halo 4","objects\weapons\rifle\storm_forerunner_rifle\storm_forerunner_rifle","objects\weapons\rifle\storm_forerunner_rifle\fx\homingrifle_firing","particle","muzzle_flash_streaks","objects\weapons\rifle\storm_forerunner_rifle\fx\parts\muzzle_flash_streaks","primary_trigger","only in first person","fx\bitmaps\2d\glows\flash_streaks;fx\bitmaps\gradient\grad_forerunner_hardlight_rifle;fx\reach\bitmaps\weapon_fire\gradients\muzzle_flare_battle_rifle;fx\reach\bitmaps\weapon_fire\muzzle_flash_long_gaseous"
"Halo 4","objects\weapons\rifle\storm_forerunner_rifle\storm_forerunner_rifle","objects\weapons\rifle\storm_forerunner_rifle\fx\homingrifle_firing","particle","muzzle_flash_streaks","objects\weapons\rifle\storm_forerunner_rifle\fx\parts\muzzle_flash_streaks","primary_trigger","only in third person","fx\bitmaps\2d\glows\flash_streaks;fx\bitmaps\gradient\grad_forerunner_hardlight_rifle;fx\reach\bitmaps\weapon_fire\gradients\muzzle_flare_battle_rifle;fx\reach\bitmaps\weapon_fire\muzzle_flash_long_gaseous"
"Halo 4","objects\weapons\rifle\storm_forerunner_rifle\storm_forerunner_rifle","objects\weapons\rifle\storm_forerunner_rifle\fx\homingrifle_firing","particle","muzzle_glow_1p","objects\weapons\rifle\storm_forerunner_rifle\fx\particles\muzzle_glow_1p","primary_trigger","only in first person","fx\bitmaps\2d\flare\elliptical_glow;fx\bitmaps\gradient\grad_forerunner_hardlight_rifle;fx\reach\bitmaps\weapon_fire\gradients\muzzle_flare_battle_rifle;fx\reach\bitmaps\weapon_fire\muzzle_flash_long_gaseous"
"Halo 4","objects\weapons\rifle\storm_forerunner_rifle\storm_forerunner_rifle","objects\weapons\rifle\storm_forerunner_rifle\fx\homingrifle_firing","particle","muzzle_glow_1p","objects\weapons\rifle\storm_forerunner_rifle\fx\particles\muzzle_glow_1p","source_port","only in first person","fx\bitmaps\2d\flare\elliptical_glow;fx\bitmaps\gradient\grad_forerunner_hardlight_rifle;fx\reach\bitmaps\weapon_fire\gradients\muzzle_flare_battle_rifle;fx\reach\bitmaps\weapon_fire\muzzle_flash_long_gaseous"
"Halo 4","objects\weapons\rifle\storm_forerunner_rifle\storm_forerunner_rifle","objects\weapons\rifle\storm_forerunner_rifle\fx\homingrifle_firing","particle","muzzle_glow_accent","objects\weapons\rifle\storm_forerunner_rifle\fx\parts\muzzle_glow_accent","primary_trigger","only in first person","fx\bitmaps\2d\weapon_fire\fr_rifle_muzzle_flare_shape;fx\bitmaps\gradient\grad_forerunner_heat;fx\reach\bitmaps\weapon_fire\gradients\muzzle_flare_battle_rifle;fx\reach\bitmaps\weapon_fire\muzzle_flash_long_gaseous"
"Halo 4","objects\weapons\rifle\storm_forerunner_rifle\storm_forerunner_rifle","objects\weapons\rifle\storm_forerunner_rifle\fx\homingrifle_firing","particle","muzzle_glow_accent","objects\weapons\rifle\storm_forerunner_rifle\fx\parts\muzzle_glow_accent","primary_trigger","only in third person","fx\bitmaps\2d\weapon_fire\fr_rifle_muzzle_flare_shape;fx\bitmaps\gradient\grad_forerunner_heat;fx\reach\bitmaps\weapon_fire\gradients\muzzle_flare_battle_rifle;fx\reach\bitmaps\weapon_fire\muzzle_flash_long_gaseous"
"Halo 4","objects\weapons\rifle\storm_forerunner_rifle\storm_forerunner_rifle","objects\weapons\rifle\storm_forerunner_rifle\fx\homingrifle_firing","particle","muzzle_glow_accent_glows","objects\weapons\rifle\storm_forerunner_rifle\fx\parts\muzzle_glow_accent_glows","primary_trigger","only in third person","fx\bitmaps\2d\flare\starburst_09;fx\bitmaps\gradient\grad_forerunner_hardlight_rifle;fx\reach\bitmaps\weapon_fire\gradients\muzzle_flare_battle_rifle;fx\reach\bitmaps\weapon_fire\muzzle_flash_long_gaseous"
"Halo 4","objects\weapons\rifle\storm_forerunner_rifle\storm_forerunner_rifle","objects\weapons\rifle\storm_forerunner_rifle\fx\homingrifle_firing","particle","muzzle_glow_core","objects\weapons\rifle\storm_forerunner_rifle\fx\parts\muzzle_glow_core","primary_trigger","only in third person","fx\bitmaps\2d\flare\flare_g_ray_vert_diff;fx\bitmaps\gradient\grad_forerunner_hardlight_rifle;fx\reach\bitmaps\weapon_fire\gradients\muzzle_flare_battle_rifle;fx\reach\bitmaps\weapon_fire\muzzle_flash_long_gaseous"
"Halo 4","objects\weapons\rifle\storm_forerunner_rifle\storm_forerunner_rifle","objects\weapons\rifle\storm_forerunner_rifle\fx\homingrifle_firing","particle","muzzle_glow_core","objects\weapons\rifle\storm_forerunner_rifle\fx\parts\muzzle_glow_core","primary_trigger","only in third person","fx\bitmaps\2d\flare\flare_g_ray_vert_diff;fx\bitmaps\gradient\grad_forerunner_hardlight_rifle;fx\reach\bitmaps\weapon_fire\gradients\muzzle_flare_battle_rifle;fx\reach\bitmaps\weapon_fire\muzzle_flash_long_gaseous"
"Halo 4","objects\weapons\rifle\storm_forerunner_rifle\storm_forerunner_rifle","objects\weapons\rifle\storm_forerunner_rifle\fx\homingrifle_firing","particle","storm_forerunner_smg_muzflash_distortion","objects\weapons\rifle\storm_forerunner_smg\fx\particles\storm_forerunner_smg_muzflash_distortion","primary_trigger","only in first person","fx\bitmaps\distortion\distortion_forerunner_projectile;fx\bitmaps\gradient\grad_forerunner_muzzle_smg;fx\reach\bitmaps\weapon_fire\gradients\muzzle_flare_battle_rifle;fx\reach\bitmaps\weapon_fire\muzzle_flash_long_gaseous"
"Halo 4","objects\weapons\rifle\storm_forerunner_rifle\storm_forerunner_rifle","objects\weapons\rifle\storm_forerunner_rifle\fx\homingrifle_firing","particle","storm_forerunner_smg_muzflash_distortion","objects\weapons\rifle\storm_forerunner_smg\fx\particles\storm_forerunner_smg_muzflash_distortion","primary_trigger","only in first person","fx\bitmaps\distortion\distortion_forerunner_projectile;fx\bitmaps\gradient\grad_forerunner_muzzle_smg;fx\reach\bitmaps\weapon_fire\gradients\muzzle_flare_battle_rifle;fx\reach\bitmaps\weapon_fire\muzzle_flash_long_gaseous"
"Halo 4","objects\weapons\rifle\storm_forerunner_rifle\storm_forerunner_rifle","objects\weapons\rifle\storm_forerunner_rifle\fx\homingrifle_firing","particle","storm_forerunner_smg_muzflash_distortion","objects\weapons\rifle\storm_forerunner_smg\fx\particles\storm_forerunner_smg_muzflash_distortion","primary_trigger","only in third person","fx\bitmaps\distortion\distortion_forerunner_projectile;fx\bitmaps\gradient\grad_forerunner_muzzle_smg;fx\reach\bitmaps\weapon_fire\gradients\muzzle_flare_battle_rifle;fx\reach\bitmaps\weapon_fire\muzzle_flash_long_gaseous"
"Halo 4","objects\weapons\rifle\storm_forerunner_smg\storm_forerunner_smg","objects\weapons\rifle\storm_forerunner_smg\fx\fr_smg_firing_muzzle_flash","lens","firing_muzzle_flare_3p","objects\weapons\pistol\storm_stasis_pistol\fx\parts\firing_muzzle_flare_3p","primary_trigger_muzzle","only in third person",""
"Halo 4","objects\weapons\rifle\storm_forerunner_smg\storm_forerunner_smg","objects\weapons\rifle\storm_forerunner_smg\fx\fr_smg_firing_muzzle_flash","particle","firing_front_plate_1p","objects\weapons\rifle\storm_forerunner_smg\fx\particles\firing_front_plate_1p","front_plate","only in first person","fx\bitmaps\2d\weapon_fire\fr_smg_hard_light\fr_smg_front_plate;fx\bitmaps\gradient\grad_forerunner_muzzle_smg"
"Halo 4","objects\weapons\rifle\storm_forerunner_smg\storm_forerunner_smg","objects\weapons\rifle\storm_forerunner_smg\fx\fr_smg_firing_muzzle_flash","particle","firing_front_plate_1p","objects\weapons\rifle\storm_forerunner_smg\fx\particles\firing_front_plate_1p","front_plate","only in third person","fx\bitmaps\2d\weapon_fire\fr_smg_hard_light\fr_smg_front_plate;fx\bitmaps\gradient\grad_forerunner_muzzle_smg"
"Halo 4","objects\weapons\rifle\storm_forerunner_smg\storm_forerunner_smg","objects\weapons\rifle\storm_forerunner_smg\fx\fr_smg_firing_muzzle_flash","particle","firing_front_plate_1p","objects\weapons\rifle\storm_forerunner_smg\fx\particles\firing_front_plate_1p","fx_rear_slide","only in first person","fx\bitmaps\2d\weapon_fire\fr_smg_hard_light\fr_smg_front_plate;fx\bitmaps\gradient\grad_forerunner_muzzle_smg"
"Halo 4","objects\weapons\rifle\storm_forerunner_smg\storm_forerunner_smg","objects\weapons\rifle\storm_forerunner_smg\fx\fr_smg_firing_muzzle_flash","particle","firing_front_plate_1p","objects\weapons\rifle\storm_forerunner_smg\fx\particles\firing_front_plate_1p","fx_rear_slide","only in third person","fx\bitmaps\2d\weapon_fire\fr_smg_hard_light\fr_smg_front_plate;fx\bitmaps\gradient\grad_forerunner_muzzle_smg"
"Halo 4","objects\weapons\rifle\storm_forerunner_smg\storm_forerunner_smg","objects\weapons\rifle\storm_forerunner_smg\fx\fr_smg_firing_muzzle_flash","particle","firing_muzzle_flash_1p","objects\weapons\rifle\storm_forerunner_smg\fx\particles\firing_muzzle_flash_1p","primary_trigger_muzzle","only in first person","fx\bitmaps\gradient\grad_forerunner_muzzle_spread;fx\reach\bitmaps\flash\flash_soft"
"Halo 4","objects\weapons\rifle\storm_forerunner_smg\storm_forerunner_smg","objects\weapons\rifle\storm_forerunner_smg\fx\fr_smg_firing_muzzle_flash","particle","firing_muzzle_flash_1p","objects\weapons\rifle\storm_forerunner_smg\fx\particles\firing_muzzle_flash_1p","primary_trigger_muzzle","only in third person","fx\bitmaps\gradient\grad_forerunner_muzzle_spread;fx\reach\bitmaps\flash\flash_soft"
"Halo 4","objects\weapons\rifle\storm_forerunner_smg\storm_forerunner_smg","objects\weapons\rifle\storm_forerunner_smg\fx\fr_smg_firing_muzzle_flash","particle","firing_muzzle_flash_diamond_1p","objects\weapons\rifle\storm_forerunner_smg\fx\particles\firing_muzzle_flash_diamond_1p","primary_trigger_muzzle","only in first person","fx\bitmaps\2d\flare\forerunner_lensreflection;fx\bitmaps\gradient\grad_forerunner_muzzle_spread"
"Halo 4","objects\weapons\rifle\storm_forerunner_smg\storm_forerunner_smg","objects\weapons\rifle\storm_forerunner_smg\fx\fr_smg_firing_muzzle_flash","particle","firing_muzzle_flash_diamond_3p","objects\weapons\rifle\storm_forerunner_smg\fx\particles\firing_muzzle_flash_diamond_3p","primary_trigger_muzzle","only in third person","fx\bitmaps\2d\flare\forerunner_lensreflection;fx\bitmaps\gradient\grad_forerunner_muzzle_spread"
"Halo 4","objects\weapons\rifle\storm_forerunner_smg\storm_forerunner_smg","objects\weapons\rifle\storm_forerunner_smg\fx\fr_smg_firing_muzzle_flash","particle","firing_muzzle_flash_forward_3p","objects\weapons\rifle\storm_forerunner_smg\fx\particles\firing_muzzle_flash_forward_3p","primary_trigger_muzzle","only in third person","fx\bitmaps\2d\weapon_fire\fr_muzzle_flash_out;fx\bitmaps\gradient\grad_forerunner_muzzle_smg"
"Halo 4","objects\weapons\rifle\storm_forerunner_smg\storm_forerunner_smg","objects\weapons\rifle\storm_forerunner_smg\fx\fr_smg_firing_muzzle_flash","particle","firing_muzzle_flash_large","objects\weapons\rifle\storm_forerunner_smg\fx\particles\firing_muzzle_flash_large","primary_trigger_muzzle","only in first person","fx\bitmaps\2d\flare\starburst_09;fx\reach\bitmaps\flash\flash_large"
"Halo 4","objects\weapons\rifle\storm_forerunner_smg\storm_forerunner_smg","objects\weapons\rifle\storm_forerunner_smg\fx\fr_smg_firing_muzzle_flash","particle","firing_muzzle_flash_large","objects\weapons\rifle\storm_forerunner_smg\fx\particles\firing_muzzle_flash_large","primary_trigger_muzzle","only in third person","fx\bitmaps\2d\flare\starburst_09;fx\reach\bitmaps\flash\flash_large"
"Halo 4","objects\weapons\rifle\storm_forerunner_smg\storm_forerunner_smg","objects\weapons\rifle\storm_forerunner_smg\fx\fr_smg_firing_muzzle_flash","particle","firing_muzzle_flash_large_3p","objects\weapons\rifle\storm_forerunner_smg\fx\particles\firing_muzzle_flash_large_3p","primary_trigger_muzzle","only in third person","fx\bitmaps\2d\flare\starburst_09;fx\reach\bitmaps\flash\flash_large"
"Halo 4","objects\weapons\rifle\storm_forerunner_smg\storm_forerunner_smg","objects\weapons\rifle\storm_forerunner_smg\fx\fr_smg_firing_muzzle_flash","particle","reload_vent_ring2_1p","objects\weapons\rifle\storm_forerunner_smg\fx\particles\reload_vent_ring2_1p","fx_vent_large","only in third person","fx\bitmaps\2d\alphas\horizontal_grad_01;fx\bitmaps\2d\weapon_fire\fr_bolt_pistol\fr_bolt_pistol_ring_small2;fx\bitmaps\gradient\grad_forerunner_muzzle_smg"
"Halo 4","objects\weapons\rifle\storm_forerunner_sniper_rifle\storm_forerunner_sniper_rifle","objects\weapons\rifle\storm_forerunner_sniper_rifle\fx\fr_sniper_rifle_firing","particle","firing_bottom_plate_1p","objects\weapons\rifle\storm_forerunner_sniper_rifle\fx\particles\firing_bottom_plate_1p","bottom_plate","only in first person","fx\bitmaps\2d\weapon_fire\fr_sniper_rifle\fr_sniper_rifle_bottom_plate;fx\bitmaps\gradient\grad_forerunner_muzzle_sniper"
"Halo 4","objects\weapons\rifle\storm_forerunner_sniper_rifle\storm_forerunner_sniper_rifle","objects\weapons\rifle\storm_forerunner_sniper_rifle\fx\fr_sniper_rifle_firing","particle","firing_bottom_plate_1p","objects\weapons\rifle\storm_forerunner_sniper_rifle\fx\particles\firing_bottom_plate_1p","bottom_plate","only in third person","fx\bitmaps\2d\weapon_fire\fr_sniper_rifle\fr_sniper_rifle_bottom_plate;fx\bitmaps\gradient\grad_forerunner_muzzle_sniper"
"Halo 4","objects\weapons\rifle\storm_forerunner_sniper_rifle\storm_forerunner_sniper_rifle","objects\weapons\rifle\storm_forerunner_sniper_rifle\fx\fr_sniper_rifle_firing","particle","firing_cylinder_1p","objects\weapons\rifle\storm_forerunner_sniper_rifle\fx\particles\firing_cylinder_1p","cylinder","only in first person","fx\bitmaps\2d\weapon_fire\fr_sniper_rifle\fr_sniper_rifle_cylinder;fx\bitmaps\gradient\grad_forerunner_muzzle_sniper"
"Halo 4","objects\weapons\rifle\storm_forerunner_sniper_rifle\storm_forerunner_sniper_rifle","objects\weapons\rifle\storm_forerunner_sniper_rifle\fx\fr_sniper_rifle_firing","particle","firing_cylinder_1p","objects\weapons\rifle\storm_forerunner_sniper_rifle\fx\particles\firing_cylinder_1p","cylinder","only in third person","fx\bitmaps\2d\weapon_fire\fr_sniper_rifle\fr_sniper_rifle_cylinder;fx\bitmaps\gradient\grad_forerunner_muzzle_sniper"
"Halo 4","objects\weapons\rifle\storm_forerunner_sniper_rifle\storm_forerunner_sniper_rifle","objects\weapons\rifle\storm_forerunner_sniper_rifle\fx\fr_sniper_rifle_firing","particle","firing_front_plate_1p","objects\weapons\rifle\storm_forerunner_sniper_rifle\fx\particles\firing_front_plate_1p","front_plate","only in first person","fx\bitmaps\2d\weapon_fire\fr_sniper_rifle\fr_sniper_rifle_front_plate;fx\bitmaps\gradient\grad_forerunner_muzzle_sniper"
"Halo 4","objects\weapons\rifle\storm_forerunner_sniper_rifle\storm_forerunner_sniper_rifle","objects\weapons\rifle\storm_forerunner_sniper_rifle\fx\fr_sniper_rifle_firing","particle","firing_front_plate_1p","objects\weapons\rifle\storm_forerunner_sniper_rifle\fx\particles\firing_front_plate_1p","front_plate","only in third person","fx\bitmaps\2d\weapon_fire\fr_sniper_rifle\fr_sniper_rifle_front_plate;fx\bitmaps\gradient\grad_forerunner_muzzle_sniper"
"Halo 4","objects\weapons\rifle\storm_forerunner_sniper_rifle\storm_forerunner_sniper_rifle","objects\weapons\rifle\storm_forerunner_sniper_rifle\fx\fr_sniper_rifle_firing","particle","firing_muzzle_flare_glow","objects\weapons\rifle\storm_forerunner_sniper_rifle\fx\particles\firing_muzzle_flare_glow","primary_trigger","only in third person","fx\bitmaps\2d\weapon_fire\fr_rifle_muzzle_flare_glow;fx\bitmaps\gradient\grad_forerunner_muzzle_sniper;fx\reach\bitmaps\weapon_fire\gradients\muzzle_flare_battle_rifle;fx\reach\bitmaps\weapon_fire\muzzle_flash_long_gaseous"
"Halo 4","objects\weapons\rifle\storm_forerunner_sniper_rifle\storm_forerunner_sniper_rifle","objects\weapons\rifle\storm_forerunner_sniper_rifle\fx\fr_sniper_rifle_firing","particle","firing_muzzle_flash_1p","objects\weapons\rifle\storm_forerunner_sniper_rifle\fx\particles\firing_muzzle_flash_1p","primary_trigger","only in first person","fx\bitmaps\gradient\grad_forerunner_muzzle_spread;fx\reach\bitmaps\flash\flash_soft"
"Halo 4","objects\weapons\rifle\storm_forerunner_sniper_rifle\storm_forerunner_sniper_rifle","objects\weapons\rifle\storm_forerunner_sniper_rifle\fx\fr_sniper_rifle_firing","particle","firing_muzzle_flash_1p","objects\weapons\rifle\storm_forerunner_sniper_rifle\fx\particles\firing_muzzle_flash_1p","primary_trigger","only in third person","fx\bitmaps\gradient\grad_forerunner_muzzle_spread;fx\reach\bitmaps\flash\flash_soft"
"Halo 4","objects\weapons\rifle\storm_forerunner_sniper_rifle\storm_forerunner_sniper_rifle","objects\weapons\rifle\storm_forerunner_sniper_rifle\fx\fr_sniper_rifle_firing","particle","firing_muzzle_flash_diamond_1p","objects\weapons\rifle\storm_forerunner_sniper_rifle\fx\particles\firing_muzzle_flash_diamond_1p","primary_trigger","only in first person","fx\bitmaps\2d\weapon_fire\fr_sniper_rifle\fr_sniper_rifle_muzzle_flash_diamond;fx\bitmaps\gradient\grad_forerunner_muzzle_spread"
"Halo 4","objects\weapons\rifle\storm_forerunner_sniper_rifle\storm_forerunner_sniper_rifle","objects\weapons\rifle\storm_forerunner_sniper_rifle\fx\fr_sniper_rifle_firing","particle","firing_muzzle_flash_diamond_1p","objects\weapons\rifle\storm_forerunner_sniper_rifle\fx\particles\firing_muzzle_flash_diamond_1p","primary_trigger","only in third person","fx\bitmaps\2d\weapon_fire\fr_sniper_rifle\fr_sniper_rifle_muzzle_flash_diamond;fx\bitmaps\gradient\grad_forerunner_muzzle_spread"
"Halo 4","objects\weapons\rifle\storm_forerunner_sniper_rifle\storm_forerunner_sniper_rifle","objects\weapons\rifle\storm_forerunner_sniper_rifle\fx\fr_sniper_rifle_firing","particle","firing_muzzle_flash_large_1p","objects\weapons\rifle\storm_forerunner_sniper_rifle\fx\particles\firing_muzzle_flash_large_1p","primary_trigger","only in first person","fx\reach\bitmaps\flash\flash_large"
"Halo 4","objects\weapons\rifle\storm_forerunner_sniper_rifle\storm_forerunner_sniper_rifle","objects\weapons\rifle\storm_forerunner_sniper_rifle\fx\fr_sniper_rifle_firing","particle","firing_muzzle_flash_large_1p","objects\weapons\rifle\storm_forerunner_sniper_rifle\fx\particles\firing_muzzle_flash_large_1p","primary_trigger","only in third person","fx\reach\bitmaps\flash\flash_large"
"Halo 4","objects\weapons\rifle\storm_forerunner_sniper_rifle\storm_forerunner_sniper_rifle","objects\weapons\rifle\storm_forerunner_sniper_rifle\fx\fr_sniper_rifle_firing","particle","firing_muzzle_flash_soft_1p","objects\weapons\rifle\storm_forerunner_sniper_rifle\fx\particles\firing_muzzle_flash_soft_1p","primary_trigger","only in first person","fx\bitmaps\2d\glows\glow_soft;fx\bitmaps\gradient\grad_forerunner_muzzle_spread"
"Halo 4","objects\weapons\rifle\storm_forerunner_sniper_rifle\storm_forerunner_sniper_rifle","objects\weapons\rifle\storm_forerunner_sniper_rifle\fx\fr_sniper_rifle_firing","particle","firing_muzzle_flash_soft_1p","objects\weapons\rifle\storm_forerunner_sniper_rifle\fx\particles\firing_muzzle_flash_soft_1p","primary_trigger","only in third person","fx\bitmaps\2d\glows\glow_soft;fx\bitmaps\gradient\grad_forerunner_muzzle_spread"
"Halo 4","objects\weapons\rifle\storm_forerunner_sniper_rifle\storm_forerunner_sniper_rifle","objects\weapons\rifle\storm_forerunner_sniper_rifle\fx\fr_sniper_rifle_firing","particle","firing_muzzle_flash_soft_1p","objects\weapons\rifle\storm_forerunner_sniper_rifle\fx\particles\firing_muzzle_flash_soft_1p","secondary_trigger","only in first person","fx\bitmaps\2d\glows\glow_soft;fx\bitmaps\gradient\grad_forerunner_muzzle_spread"
"Halo 4","objects\weapons\rifle\storm_forerunner_sniper_rifle\storm_forerunner_sniper_rifle","objects\weapons\rifle\storm_forerunner_sniper_rifle\fx\fr_sniper_rifle_firing","particle","firing_muzzle_flash_soft_1p","objects\weapons\rifle\storm_forerunner_sniper_rifle\fx\particles\firing_muzzle_flash_soft_1p","secondary_trigger","only in third person","fx\bitmaps\2d\glows\glow_soft;fx\bitmaps\gradient\grad_forerunner_muzzle_spread"
"Halo 4","objects\weapons\rifle\storm_forerunner_sniper_rifle\storm_forerunner_sniper_rifle","objects\weapons\rifle\storm_forerunner_sniper_rifle\fx\fr_sniper_rifle_firing","particle","firing_muzzle_glow_accent","objects\weapons\rifle\storm_forerunner_sniper_rifle\fx\particles\firing_muzzle_glow_accent","primary_trigger","only in third person","fx\bitmaps\2d\weapon_fire\fr_rifle_muzzle_flare_shape;fx\bitmaps\gradient\grad_forerunner_muzzle_spread;fx\reach\bitmaps\weapon_fire\gradients\muzzle_flare_battle_rifle;fx\reach\bitmaps\weapon_fire\muzzle_flash_long_gaseous"
"Halo 4","objects\weapons\rifle\storm_forerunner_sniper_rifle\storm_forerunner_sniper_rifle","objects\weapons\rifle\storm_forerunner_sniper_rifle\fx\fr_sniper_rifle_firing","particle","firing_muzzle_glow_accent_glows","objects\weapons\rifle\storm_forerunner_sniper_rifle\fx\particles\firing_muzzle_glow_accent_glows","primary_trigger","only in third person","fx\bitmaps\2d\flare\starburst_09;fx\bitmaps\gradient\grad_forerunner_hardlight_rifle;fx\reach\bitmaps\weapon_fire\gradients\muzzle_flare_battle_rifle;fx\reach\bitmaps\weapon_fire\muzzle_flash_long_gaseous"
"Halo 4","objects\weapons\rifle\storm_forerunner_sniper_rifle\storm_forerunner_sniper_rifle","objects\weapons\rifle\storm_forerunner_sniper_rifle\fx\fr_sniper_rifle_firing","particle","firing_secondary_muzzle_flash_1p","objects\weapons\rifle\storm_forerunner_sniper_rifle\fx\particles\firing_secondary_muzzle_flash_1p","secondary_trigger","only in first person","fx\bitmaps\2d\flare\starburst_09;fx\bitmaps\gradient\grad_bishop_glow;fx\reach\bitmaps\flash\flash_large"
"Halo 4","objects\weapons\rifle\storm_forerunner_sniper_rifle\storm_forerunner_sniper_rifle","objects\weapons\rifle\storm_forerunner_sniper_rifle\fx\fr_sniper_rifle_firing","particle","firing_secondary_muzzle_flash_1p","objects\weapons\rifle\storm_forerunner_sniper_rifle\fx\particles\firing_secondary_muzzle_flash_1p","secondary_trigger","only in third person","fx\bitmaps\2d\flare\starburst_09;fx\bitmaps\gradient\grad_bishop_glow;fx\reach\bitmaps\flash\flash_large"
"Halo 4","objects\weapons\rifle\storm_forerunner_sniper_rifle\storm_forerunner_sniper_rifle","objects\weapons\rifle\storm_forerunner_sniper_rifle\fx\fr_sniper_rifle_firing","particle","firing_top_plate_1p","objects\weapons\rifle\storm_forerunner_sniper_rifle\fx\particles\firing_top_plate_1p","top_plate","only in first person","fx\bitmaps\2d\weapon_fire\fr_sniper_rifle\fr_sniper_rifle_top_plate;fx\bitmaps\gradient\grad_forerunner_muzzle_sniper"
"Halo 4","objects\weapons\rifle\storm_forerunner_sniper_rifle\storm_forerunner_sniper_rifle","objects\weapons\rifle\storm_forerunner_sniper_rifle\fx\fr_sniper_rifle_firing","particle","firing_top_plate_1p","objects\weapons\rifle\storm_forerunner_sniper_rifle\fx\particles\firing_top_plate_1p","top_plate","only in third person","fx\bitmaps\2d\weapon_fire\fr_sniper_rifle\fr_sniper_rifle_top_plate;fx\bitmaps\gradient\grad_forerunner_muzzle_sniper"
"Halo 4","objects\weapons\rifle\storm_forerunner_sniper_rifle\storm_forerunner_sniper_rifle","objects\weapons\rifle\storm_forerunner_sniper_rifle\fx\fr_sniper_rifle_firing","particle","firing_top_plate_slide_1p","objects\weapons\rifle\storm_forerunner_sniper_rifle\fx\particles\firing_top_plate_slide_1p","top_plate_slide","only in first person","fx\bitmaps\2d\weapon_fire\fr_sniper_rifle\fr_sniper_rifle_top_plate_slide;fx\bitmaps\gradient\grad_forerunner_muzzle_sniper"
"Halo 4","objects\weapons\rifle\storm_forerunner_sniper_rifle\storm_forerunner_sniper_rifle","objects\weapons\rifle\storm_forerunner_sniper_rifle\fx\fr_sniper_rifle_firing","particle","firing_top_plate_slide_1p","objects\weapons\rifle\storm_forerunner_sniper_rifle\fx\particles\firing_top_plate_slide_1p","top_plate_slide","only in third person","fx\bitmaps\2d\weapon_fire\fr_sniper_rifle\fr_sniper_rifle_top_plate_slide;fx\bitmaps\gradient\grad_forerunner_muzzle_sniper"
"Halo 4","objects\weapons\rifle\storm_forerunner_sniper_rifle\storm_forerunner_sniper_rifle","objects\weapons\rifle\storm_forerunner_sniper_rifle\fx\fr_sniper_rifle_firing","particle","firing_vent_bits_1p","objects\weapons\rifle\storm_forerunner_sniper_rifle\fx\particles\firing_vent_bits_1p","vent","only in first person","fx\bitmaps\3d\weapons\fr_weapon_tech_bits;fx\bitmaps\gradient\grad_forerunner_muzzle_sniper"
"Halo 4","objects\weapons\rifle\storm_forerunner_sniper_rifle\storm_forerunner_sniper_rifle","objects\weapons\rifle\storm_forerunner_sniper_rifle\fx\fr_sniper_rifle_firing","particle","firing_vent_bits_1p","objects\weapons\rifle\storm_forerunner_sniper_rifle\fx\particles\firing_vent_bits_1p","vent","only in third person","fx\bitmaps\3d\weapons\fr_weapon_tech_bits;fx\bitmaps\gradient\grad_forerunner_muzzle_sniper"
"Halo 4","objects\weapons\rifle\storm_forerunner_sniper_rifle\storm_forerunner_sniper_rifle","objects\weapons\rifle\storm_forerunner_sniper_rifle\fx\fr_sniper_rifle_firing","particle","firing_vent_ring1_1p","objects\weapons\rifle\storm_forerunner_sniper_rifle\fx\particles\firing_vent_ring1_1p","primary_trigger","only in first person","fx\bitmaps\2d\alphas\horizontal_grad_01;fx\bitmaps\2d\weapon_fire\fr_bolt_pistol\fr_bolt_pistol_ring_small1;fx\bitmaps\gradient\grad_forerunner_muzzle_sniper"
"Halo 4","objects\weapons\rifle\storm_forerunner_sniper_rifle\storm_forerunner_sniper_rifle","objects\weapons\rifle\storm_forerunner_sniper_rifle\fx\fr_sniper_rifle_firing","particle","firing_vent_ring1_1p","objects\weapons\rifle\storm_forerunner_sniper_rifle\fx\particles\firing_vent_ring1_1p","primary_trigger","only in third person","fx\bitmaps\2d\alphas\horizontal_grad_01;fx\bitmaps\2d\weapon_fire\fr_bolt_pistol\fr_bolt_pistol_ring_small1;fx\bitmaps\gradient\grad_forerunner_muzzle_sniper"
"Halo 4","objects\weapons\rifle\storm_forerunner_sniper_rifle\storm_forerunner_sniper_rifle","objects\weapons\rifle\storm_forerunner_sniper_rifle\fx\fr_sniper_rifle_firing","particle","firing_vent_ring1_1p","objects\weapons\rifle\storm_forerunner_sniper_rifle\fx\particles\firing_vent_ring1_1p","secondary_trigger","only in first person","fx\bitmaps\2d\alphas\horizontal_grad_01;fx\bitmaps\2d\weapon_fire\fr_bolt_pistol\fr_bolt_pistol_ring_small1;fx\bitmaps\gradient\grad_forerunner_muzzle_sniper"
"Halo 4","objects\weapons\rifle\storm_forerunner_sniper_rifle\storm_forerunner_sniper_rifle","objects\weapons\rifle\storm_forerunner_sniper_rifle\fx\fr_sniper_rifle_firing","particle","firing_vent_ring1_1p","objects\weapons\rifle\storm_forerunner_sniper_rifle\fx\particles\firing_vent_ring1_1p","secondary_trigger","only in third person","fx\bitmaps\2d\alphas\horizontal_grad_01;fx\bitmaps\2d\weapon_fire\fr_bolt_pistol\fr_bolt_pistol_ring_small1;fx\bitmaps\gradient\grad_forerunner_muzzle_sniper"
"Halo 4","objects\weapons\rifle\storm_forerunner_sniper_rifle\storm_forerunner_sniper_rifle","objects\weapons\rifle\storm_forerunner_sniper_rifle\fx\fr_sniper_rifle_firing","particle","firing_vent_ring1_1p","objects\weapons\rifle\storm_forerunner_sniper_rifle\fx\particles\firing_vent_ring1_1p","vent","only in first person","fx\bitmaps\2d\alphas\horizontal_grad_01;fx\bitmaps\2d\weapon_fire\fr_bolt_pistol\fr_bolt_pistol_ring_small1;fx\bitmaps\gradient\grad_forerunner_muzzle_sniper"
"Halo 4","objects\weapons\rifle\storm_forerunner_sniper_rifle\storm_forerunner_sniper_rifle","objects\weapons\rifle\storm_forerunner_sniper_rifle\fx\fr_sniper_rifle_firing","particle","firing_vent_ring1_1p","objects\weapons\rifle\storm_forerunner_sniper_rifle\fx\particles\firing_vent_ring1_1p","vent","only in third person","fx\bitmaps\2d\alphas\horizontal_grad_01;fx\bitmaps\2d\weapon_fire\fr_bolt_pistol\fr_bolt_pistol_ring_small1;fx\bitmaps\gradient\grad_forerunner_muzzle_sniper"
"Halo 4","objects\weapons\rifle\storm_forerunner_sniper_rifle\storm_forerunner_sniper_rifle","objects\weapons\rifle\storm_forerunner_sniper_rifle\fx\fr_sniper_rifle_firing","particle","firing_vent_ring2_1p","objects\weapons\rifle\storm_forerunner_sniper_rifle\fx\particles\firing_vent_ring2_1p","primary_trigger","only in first person","fx\bitmaps\2d\alphas\horizontal_grad_01;fx\bitmaps\2d\weapon_fire\fr_bolt_pistol\fr_bolt_pistol_ring_small2;fx\bitmaps\gradient\grad_forerunner_muzzle_sniper"
"Halo 4","objects\weapons\rifle\storm_forerunner_sniper_rifle\storm_forerunner_sniper_rifle","objects\weapons\rifle\storm_forerunner_sniper_rifle\fx\fr_sniper_rifle_firing","particle","firing_vent_ring2_1p","objects\weapons\rifle\storm_forerunner_sniper_rifle\fx\particles\firing_vent_ring2_1p","primary_trigger","only in third person","fx\bitmaps\2d\alphas\horizontal_grad_01;fx\bitmaps\2d\weapon_fire\fr_bolt_pistol\fr_bolt_pistol_ring_small2;fx\bitmaps\gradient\grad_forerunner_muzzle_sniper"
"Halo 4","objects\weapons\rifle\storm_forerunner_sniper_rifle\storm_forerunner_sniper_rifle","objects\weapons\rifle\storm_forerunner_sniper_rifle\fx\fr_sniper_rifle_firing","particle","firing_vent_ring2_1p","objects\weapons\rifle\storm_forerunner_sniper_rifle\fx\particles\firing_vent_ring2_1p","secondary_trigger","only in first person","fx\bitmaps\2d\alphas\horizontal_grad_01;fx\bitmaps\2d\weapon_fire\fr_bolt_pistol\fr_bolt_pistol_ring_small2;fx\bitmaps\gradient\grad_forerunner_muzzle_sniper"
"Halo 4","objects\weapons\rifle\storm_forerunner_sniper_rifle\storm_forerunner_sniper_rifle","objects\weapons\rifle\storm_forerunner_sniper_rifle\fx\fr_sniper_rifle_firing","particle","firing_vent_ring2_1p","objects\weapons\rifle\storm_forerunner_sniper_rifle\fx\particles\firing_vent_ring2_1p","secondary_trigger","only in third person","fx\bitmaps\2d\alphas\horizontal_grad_01;fx\bitmaps\2d\weapon_fire\fr_bolt_pistol\fr_bolt_pistol_ring_small2;fx\bitmaps\gradient\grad_forerunner_muzzle_sniper"
"Halo 4","objects\weapons\rifle\storm_forerunner_sniper_rifle\storm_forerunner_sniper_rifle","objects\weapons\rifle\storm_forerunner_sniper_rifle\fx\fr_sniper_rifle_firing","particle","firing_vent_ring2_1p","objects\weapons\rifle\storm_forerunner_sniper_rifle\fx\particles\firing_vent_ring2_1p","vent","only in first person","fx\bitmaps\2d\alphas\horizontal_grad_01;fx\bitmaps\2d\weapon_fire\fr_bolt_pistol\fr_bolt_pistol_ring_small2;fx\bitmaps\gradient\grad_forerunner_muzzle_sniper"
"Halo 4","objects\weapons\rifle\storm_forerunner_sniper_rifle\storm_forerunner_sniper_rifle","objects\weapons\rifle\storm_forerunner_sniper_rifle\fx\fr_sniper_rifle_firing","particle","firing_vent_ring2_1p","objects\weapons\rifle\storm_forerunner_sniper_rifle\fx\particles\firing_vent_ring2_1p","vent","only in third person","fx\bitmaps\2d\alphas\horizontal_grad_01;fx\bitmaps\2d\weapon_fire\fr_bolt_pistol\fr_bolt_pistol_ring_small2;fx\bitmaps\gradient\grad_forerunner_muzzle_sniper"
"Halo 4","objects\weapons\rifle\storm_lmg\storm_lmg","objects\weapons\rifle\storm_lmg\fx\firing","particle","glow_soft","fx\reach\particles\flare\glow_soft","primary_trigger","only in first person","fx\reach\bitmaps\flash\glow_soft"
"Halo 4","objects\weapons\rifle\storm_lmg\storm_lmg","objects\weapons\rifle\storm_lmg\fx\firing","particle","glow_soft","fx\reach\particles\flare\glow_soft","primary_trigger","only in third person","fx\reach\bitmaps\flash\glow_soft"
"Halo 4","objects\weapons\rifle\storm_lmg\storm_lmg","objects\weapons\rifle\storm_lmg\fx\firing","particle","muzzle_flash_long","objects\weapons\rifle\storm_lmg\fx\particles\muzzle_flash_long","primary_trigger","only in third person","fx\reach\bitmaps\weapon_fire\gradients\muzzle_flare_assault_rifle_long;fx\reach\bitmaps\weapon_fire\muzzle_flash_long_gaseous"
"Halo 4","objects\weapons\rifle\storm_lmg\storm_lmg","objects\weapons\rifle\storm_lmg\fx\firing","particle","muzzle_flash_long_brake","objects\weapons\rifle\storm_lmg\fx\particles\muzzle_flash_long_brake","muzzle_flash","only in first person","fx\reach\bitmaps\weapon_fire\gradients\muzzle_flare_assault_rifle;fx\reach\bitmaps\weapon_fire\muzzle_flash_long_gaseous"
"Halo 4","objects\weapons\rifle\storm_lmg\storm_lmg","objects\weapons\rifle\storm_lmg\fx\firing","particle","muzzle_flash_long_brake","objects\weapons\rifle\storm_lmg\fx\particles\muzzle_flash_long_brake","muzzle_flash","only in third person","fx\reach\bitmaps\weapon_fire\gradients\muzzle_flare_assault_rifle;fx\reach\bitmaps\weapon_fire\muzzle_flash_long_gaseous"
"Halo 4","objects\weapons\rifle\storm_lmg\storm_lmg","objects\weapons\rifle\storm_lmg\fx\firing","particle","muzzle_flash_long_brake","objects\weapons\rifle\storm_lmg\fx\particles\muzzle_flash_long_brake","muzzle_flash","only in third person","fx\reach\bitmaps\weapon_fire\gradients\muzzle_flare_assault_rifle;fx\reach\bitmaps\weapon_fire\muzzle_flash_long_gaseous"
"Halo 4","objects\weapons\rifle\storm_lmg\storm_lmg","objects\weapons\rifle\storm_lmg\fx\firing","particle","muzzle_flash_round","objects\weapons\rifle\storm_lmg\fx\particles\muzzle_flash_round","primary_trigger","only in first person","fx\reach\bitmaps\weapon_fire\gradients\muzzle_flare_assault_rifle;fx\reach\bitmaps\weapon_fire\muzzle_flash_round_gaseous"
"Halo 4","objects\weapons\rifle\storm_lmg\storm_lmg","objects\weapons\rifle\storm_lmg\fx\firing","particle","muzzle_flash_round","objects\weapons\rifle\storm_lmg\fx\particles\muzzle_flash_round","primary_trigger","only in third person","fx\reach\bitmaps\weapon_fire\gradients\muzzle_flare_assault_rifle;fx\reach\bitmaps\weapon_fire\muzzle_flash_round_gaseous"
"Halo 4","objects\weapons\rifle\storm_lmg\storm_lmg","objects\weapons\rifle\storm_lmg\fx\firing","particle","muzzle_smoke","fx\library\weapons\parts\muzzle_smoke","primary_trigger","only in first person","fx\bitmaps\2d\clouds\cloud_07_small;fx\reach\bitmaps\atmospheric\soft_smoke_small;fx\reach\bitmaps\atmospheric\thin_smoke_small;fx\reach\particles\_gradients\grayscale_light"
"Halo 4","objects\weapons\rifle\storm_lmg\storm_lmg","objects\weapons\rifle\storm_lmg\fx\firing","particle","muzzle_smoke","fx\library\weapons\parts\muzzle_smoke","primary_trigger","only in third person","fx\bitmaps\2d\clouds\cloud_07_small;fx\reach\bitmaps\atmospheric\soft_smoke_small;fx\reach\bitmaps\atmospheric\thin_smoke_small;fx\reach\particles\_gradients\grayscale_light"
"Halo 4","objects\weapons\rifle\storm_rail_gun\storm_rail_gun","objects\weapons\pistol\storm_plasma_pistol\fx\firing","particle","anamorphic_flare","objects\weapons\pistol\storm_plasma_pistol\fx\particles\anamorphic_flare","horizontal_flare","only in first person","fx\reach\bitmaps\lens_flares\anamorphic_flare"
"Halo 4","objects\weapons\rifle\storm_rail_gun\storm_rail_gun","objects\weapons\pistol\storm_plasma_pistol\fx\firing","particle","charging_plasma_ring","objects\weapons\pistol\storm_plasma_pistol\fx\particles\charging_plasma_ring","primary_trigger","only in first person","fx\reach\bitmaps\plasma\plasma_ring;fx\reach\particles\plasma\gradients\soft_plasma_green"
"Halo 4","objects\weapons\rifle\storm_rail_gun\storm_rail_gun","objects\weapons\pistol\storm_plasma_pistol\fx\firing","particle","charging_plasma_ring","objects\weapons\pistol\storm_plasma_pistol\fx\particles\charging_plasma_ring","primary_trigger","only in third person","fx\reach\bitmaps\plasma\plasma_ring;fx\reach\particles\plasma\gradients\soft_plasma_green"
"Halo 4","objects\weapons\rifle\storm_rail_gun\storm_rail_gun","objects\weapons\pistol\storm_plasma_pistol\fx\firing","particle","flash_large","objects\weapons\pistol\storm_plasma_pistol\fx\particles\flash_large","primary_trigger","only in first person","fx\reach\bitmaps\flash\flash_large"
"Halo 4","objects\weapons\rifle\storm_rail_gun\storm_rail_gun","objects\weapons\pistol\storm_plasma_pistol\fx\firing","particle","flash_large","objects\weapons\pistol\storm_plasma_pistol\fx\particles\flash_large","primary_trigger","only in third person","fx\reach\bitmaps\flash\flash_large"
"Halo 4","objects\weapons\rifle\storm_rail_gun\storm_rail_gun","objects\weapons\pistol\storm_plasma_pistol\fx\firing","particle","glow_soft","objects\weapons\pistol\storm_plasma_pistol\fx\particles\glow_soft","primary_trigger","only in first person","fx\reach\bitmaps\flash\glow_soft"
"Halo 4","objects\weapons\rifle\storm_rail_gun\storm_rail_gun","objects\weapons\pistol\storm_plasma_pistol\fx\firing","particle","glow_soft","objects\weapons\pistol\storm_plasma_pistol\fx\particles\glow_soft","primary_trigger","only in third person","fx\reach\bitmaps\flash\glow_soft"
"Halo 4","objects\weapons\rifle\storm_rail_gun\storm_rail_gun","objects\weapons\pistol\storm_plasma_pistol\fx\firing","particle","muzzle_flash_long","objects\weapons\pistol\storm_plasma_pistol\fx\particles\muzzle_flash_long","primary_trigger","only in third person","fx\reach\bitmaps\weapon_fire\gradients\muzzle_flare_plasma_pistol_long;fx\reach\bitmaps\weapon_fire\muzzle_flash_long_fiery"
"Halo 4","objects\weapons\rifle\storm_rail_gun\storm_rail_gun","objects\weapons\pistol\storm_plasma_pistol\fx\firing","particle","muzzle_flash_long_soft","objects\weapons\pistol\storm_plasma_pistol\fx\particles\muzzle_flash_long_soft","horizontal_flare","only in first person","fx\reach\bitmaps\weapon_fire\gradients\muzzle_flare_plasma_pistol_long_soft;fx\reach\bitmaps\weapon_fire\muzzle_flash_long_soft"
"Halo 4","objects\weapons\rifle\storm_rail_gun\storm_rail_gun","objects\weapons\pistol\storm_plasma_pistol\fx\firing","particle","muzzle_flash_long_soft","objects\weapons\pistol\storm_plasma_pistol\fx\particles\muzzle_flash_long_soft","primary_trigger","only in third person","fx\reach\bitmaps\weapon_fire\gradients\muzzle_flare_plasma_pistol_long_soft;fx\reach\bitmaps\weapon_fire\muzzle_flash_long_soft"
"Halo 4","objects\weapons\rifle\storm_rail_gun\storm_rail_gun","objects\weapons\pistol\storm_plasma_pistol\fx\firing","particle","muzzle_flash_round","objects\weapons\pistol\storm_plasma_pistol\fx\particles\muzzle_flash_round","primary_trigger","only in first person","fx\reach\bitmaps\weapon_fire\gradients\muzzle_flare_plasma_pistol;fx\reach\bitmaps\weapon_fire\muzzle_flash_round_fiery"
"Halo 4","objects\weapons\rifle\storm_rail_gun\storm_rail_gun","objects\weapons\pistol\storm_plasma_pistol\fx\firing","particle","muzzle_flash_round","objects\weapons\pistol\storm_plasma_pistol\fx\particles\muzzle_flash_round","primary_trigger","only in third person","fx\reach\bitmaps\weapon_fire\gradients\muzzle_flare_plasma_pistol;fx\reach\bitmaps\weapon_fire\muzzle_flash_round_fiery"
"Halo 4","objects\weapons\rifle\storm_rail_gun\storm_rail_gun","objects\weapons\rifle\storm_rail_gun\fx\firing","particle","firing_flash_ring","objects\weapons\rifle\storm_rail_gun\fx\particles\firing_flash_ring","primary_trigger","only in first person","fx\bitmaps\2d\weapon_fire\rail_gun_sonic_ring;fx\reach\bitmaps\plasma\plasma_ring;fx\reach\bitmaps\weapon_fire\gradients\muzzle_flare_needler_long"
"Halo 4","objects\weapons\rifle\storm_rail_gun\storm_rail_gun","objects\weapons\rifle\storm_rail_gun\fx\firing","particle","firing_flash_ring","objects\weapons\rifle\storm_rail_gun\fx\particles\firing_flash_ring","primary_trigger","only in third person","fx\bitmaps\2d\weapon_fire\rail_gun_sonic_ring;fx\reach\bitmaps\plasma\plasma_ring;fx\reach\bitmaps\weapon_fire\gradients\muzzle_flare_needler_long"
"Halo 4","objects\weapons\rifle\storm_rail_gun\storm_rail_gun","objects\weapons\rifle\storm_rail_gun\fx\firing","particle","firing_glow_soft","objects\weapons\rifle\storm_rail_gun\fx\particles\firing_glow_soft","primary_trigger","only in third person","fx\reach\bitmaps\flash\glow_soft"
"Halo 4","objects\weapons\rifle\storm_rail_gun\storm_rail_gun","objects\weapons\rifle\storm_rail_gun\fx\firing","particle","firing_plasma_ring","objects\weapons\rifle\storm_rail_gun\fx\particles\firing_plasma_ring","primary_trigger","only in first person","fx\bitmaps\2d\energy\energy_swirl_02;fx\reach\bitmaps\plasma\plasma_ring;fx\reach\bitmaps\weapon_fire\gradients\muzzle_flare_needler_long"
"Halo 4","objects\weapons\rifle\storm_rail_gun\storm_rail_gun","objects\weapons\rifle\storm_rail_gun\fx\firing","particle","firing_plasma_ring","objects\weapons\rifle\storm_rail_gun\fx\particles\firing_plasma_ring","primary_trigger","only in third person","fx\bitmaps\2d\energy\energy_swirl_02;fx\reach\bitmaps\plasma\plasma_ring;fx\reach\bitmaps\weapon_fire\gradients\muzzle_flare_needler_long"
"Halo 4","objects\weapons\rifle\storm_rail_gun\storm_rail_gun","objects\weapons\rifle\storm_rail_gun\fx\firing","particle","firing_rail_flare","objects\weapons\rifle\storm_rail_gun\fx\particles\firing_rail_flare","rail_charge","only in first person","fx\bitmaps\2d\flare\starburst_09;fx\bitmaps\gradient\grad_bishop_glow;fx\reach\bitmaps\flash\flash_large"
"Halo 4","objects\weapons\rifle\storm_rail_gun\storm_rail_gun","objects\weapons\rifle\storm_rail_gun\fx\firing","particle","firing_rail_flare","objects\weapons\rifle\storm_rail_gun\fx\particles\firing_rail_flare","rail_charge","only in third person","fx\bitmaps\2d\flare\starburst_09;fx\bitmaps\gradient\grad_bishop_glow;fx\reach\bitmaps\flash\flash_large"
"Halo 4","objects\weapons\rifle\storm_rail_gun\storm_rail_gun","objects\weapons\rifle\storm_rail_gun\fx\firing","particle","firing_soft_flare","objects\weapons\rifle\storm_rail_gun\fx\particles\firing_soft_flare","primary_trigger","only in first person","fx\bitmaps\2d\flare\starburst_05;fx\bitmaps\gradient\grad_bishop_glow;fx\reach\bitmaps\flash\flash_large"
"Halo 4","objects\weapons\rifle\storm_rail_gun\storm_rail_gun","objects\weapons\rifle\storm_rail_gun\fx\firing","particle","firing_soft_flare","objects\weapons\rifle\storm_rail_gun\fx\particles\firing_soft_flare","primary_trigger","only in third person","fx\bitmaps\2d\flare\starburst_05;fx\bitmaps\gradient\grad_bishop_glow;fx\reach\bitmaps\flash\flash_large"
"Halo 4","objects\weapons\rifle\storm_rail_gun\storm_rail_gun","objects\weapons\rifle\storm_rail_gun\fx\firing","particle","muzzle_flash_long","objects\weapons\rifle\storm_rail_gun\fx\particles\muzzle_flash_long","primary_trigger","only in third person","fx\bitmaps\gradient\grad_bishop_glow;fx\reach\bitmaps\weapon_fire\gradients\muzzle_flare_needler_long;fx\reach\bitmaps\weapon_fire\muzzle_flash_long_gaseous"
"Halo 4","objects\weapons\rifle\storm_rail_gun\storm_rail_gun","objects\weapons\rifle\storm_rail_gun\fx\firing","particle","muzzle_flash_long_soft","objects\weapons\rifle\storm_rail_gun\fx\particles\muzzle_flash_long_soft","horizontal_flare","only in third person","fx\bitmaps\gradient\grad_bishop_glow;fx\reach\bitmaps\weapon_fire\gradients\muzzle_flare_needler_long;fx\reach\bitmaps\weapon_fire\muzzle_flash_long_soft"
"Halo 4","objects\weapons\rifle\storm_rail_gun\storm_rail_gun","objects\weapons\rifle\storm_rail_gun\fx\firing","particle","muzzle_flash_long_soft","objects\weapons\rifle\storm_rail_gun\fx\particles\muzzle_flash_long_soft","primary_trigger","only in third person","fx\bitmaps\gradient\grad_bishop_glow;fx\reach\bitmaps\weapon_fire\gradients\muzzle_flare_needler_long;fx\reach\bitmaps\weapon_fire\muzzle_flash_long_soft"
"Halo 4","objects\weapons\rifle\storm_rail_gun\storm_rail_gun","objects\weapons\rifle\storm_rail_gun\fx\firing","particle","muzzle_smoke","fx\reach\particles\atmospheric\soft_smoke\muzzle_smoke","primary_trigger","only in first person","fx\reach\bitmaps\atmospheric\soft_smoke_small;fx\reach\bitmaps\atmospheric\thin_smoke_small;fx\reach\particles\_gradients\grayscale_light;shaders\default_bitmaps\bitmaps\color_white"
"Halo 4","objects\weapons\rifle\storm_rail_gun\storm_rail_gun","objects\weapons\rifle\storm_rail_gun\fx\firing","particle","muzzle_smoke","fx\reach\particles\atmospheric\soft_smoke\muzzle_smoke","primary_trigger","only in third person","fx\reach\bitmaps\atmospheric\soft_smoke_small;fx\reach\bitmaps\atmospheric\thin_smoke_small;fx\reach\particles\_gradients\grayscale_light;shaders\default_bitmaps\bitmaps\color_white"
"Halo 4","objects\weapons\rifle\storm_shotgun\storm_shotgun","objects\weapons\rifle\storm_shotgun\fx\firing","particle","glow_soft","fx\reach\particles\flare\glow_soft","primary_trigger","only in first person","fx\reach\bitmaps\flash\glow_soft"
"Halo 4","objects\weapons\rifle\storm_shotgun\storm_shotgun","objects\weapons\rifle\storm_shotgun\fx\firing","particle","glow_soft","fx\reach\particles\flare\glow_soft","primary_trigger","only in third person","fx\reach\bitmaps\flash\glow_soft"
"Halo 4","objects\weapons\rifle\storm_shotgun\storm_shotgun","objects\weapons\rifle\storm_shotgun\fx\firing","particle","muzzle_flash_long_gaseous","objects\weapons\rifle\storm_shotgun\fx\particles\muzzle_flash_long_gaseous","primary_trigger","only in third person","fx\reach\bitmaps\weapon_fire\gradients\muzzle_flare_shotgun;fx\reach\bitmaps\weapon_fire\muzzle_flash_long_gaseous"
"Halo 4","objects\weapons\rifle\storm_shotgun\storm_shotgun","objects\weapons\rifle\storm_shotgun\fx\firing","particle","muzzle_flash_round","objects\weapons\rifle\storm_shotgun\fx\particles\muzzle_flash_round","primary_trigger","only in first person","fx\reach\bitmaps\weapon_fire\gradients\muzzle_flare_assault_rifle;fx\reach\bitmaps\weapon_fire\gradients\muzzle_flare_shotgun;fx\reach\bitmaps\weapon_fire\muzzle_flash_round_fiery;fx\reach\bitmaps\weapon_fire\muzzle_flash_round_gaseous"
"Halo 4","objects\weapons\rifle\storm_shotgun\storm_shotgun","objects\weapons\rifle\storm_shotgun\fx\firing","particle","muzzle_flash_round","objects\weapons\rifle\storm_shotgun\fx\particles\muzzle_flash_round","primary_trigger","only in third person","fx\reach\bitmaps\weapon_fire\gradients\muzzle_flare_assault_rifle;fx\reach\bitmaps\weapon_fire\gradients\muzzle_flare_shotgun;fx\reach\bitmaps\weapon_fire\muzzle_flash_round_fiery;fx\reach\bitmaps\weapon_fire\muzzle_flash_round_gaseous"
"Halo 4","objects\weapons\rifle\storm_shotgun\storm_shotgun","objects\weapons\rifle\storm_shotgun\fx\firing","particle","muzzle_flash_round_fiery","objects\weapons\rifle\storm_shotgun\fx\particles\muzzle_flash_round_fiery","primary_trigger","only in third person","fx\reach\bitmaps\weapon_fire\gradients\muzzle_flare_shotgun;fx\reach\bitmaps\weapon_fire\muzzle_flash_round_fiery"
"Halo 4","objects\weapons\rifle\storm_shotgun\storm_shotgun","objects\weapons\rifle\storm_shotgun\fx\firing","particle","muzzle_smoke","fx\library\weapons\parts\muzzle_smoke","primary_trigger","only in first person","fx\bitmaps\2d\clouds\cloud_07_small;fx\reach\bitmaps\atmospheric\soft_smoke_small;fx\reach\bitmaps\atmospheric\thin_smoke_small;fx\reach\particles\_gradients\grayscale_light"
"Halo 4","objects\weapons\rifle\storm_shotgun\storm_shotgun","objects\weapons\rifle\storm_shotgun\fx\firing","particle","muzzle_smoke","fx\library\weapons\parts\muzzle_smoke","primary_trigger","only in third person","fx\bitmaps\2d\clouds\cloud_07_small;fx\reach\bitmaps\atmospheric\soft_smoke_small;fx\reach\bitmaps\atmospheric\thin_smoke_small;fx\reach\particles\_gradients\grayscale_light"
"Halo 4","objects\weapons\rifle\storm_shotgun\storm_shotgun","objects\weapons\rifle\storm_shotgun\fx\firing","particle","spark_ember","objects\weapons\rifle\storm_shotgun\fx\firing\parts\spark_ember","primary_trigger","only in third person","fx\reach\bitmaps\sparks\spark_burst_small;fx\reach\bitmaps\sparks\spark_ember"
"Halo 4","objects\weapons\rifle\storm_sniper_rifle\storm_sniper_rifle","objects\weapons\rifle\storm_sniper_rifle\fx\sr_firing","particle","muzzle_smoke","fx\library\weapons\parts\muzzle_smoke","primary_trigger","only in third person","fx\bitmaps\2d\clouds\cloud_07_small;fx\reach\bitmaps\atmospheric\soft_smoke_small;fx\reach\bitmaps\atmospheric\thin_smoke_small;fx\reach\particles\_gradients\grayscale_light"
"Halo 4","objects\weapons\rifle\storm_sniper_rifle\storm_sniper_rifle","objects\weapons\rifle\storm_sniper_rifle\fx\sr_firing","particle","sr_glow_soft","objects\weapons\rifle\storm_sniper_rifle\fx\sr_glow_soft","primary_trigger","only in first person","fx\reach\bitmaps\flash\glow_soft"
"Halo 4","objects\weapons\rifle\storm_sniper_rifle\storm_sniper_rifle","objects\weapons\rifle\storm_sniper_rifle\fx\sr_firing","particle","sr_glow_soft","objects\weapons\rifle\storm_sniper_rifle\fx\sr_glow_soft","primary_trigger","only in third person","fx\reach\bitmaps\flash\glow_soft"
"Halo 4","objects\weapons\rifle\storm_sniper_rifle\storm_sniper_rifle","objects\weapons\rifle\storm_sniper_rifle\fx\sr_firing","particle","sr_muzzle_flash_long_brake","objects\weapons\rifle\storm_sniper_rifle\fx\sr_muzzle_flash_long_brake","muzzle_brake","only in first person","fx\reach\bitmaps\weapon_fire\gradients\muzzle_flare_assault_rifle_long;fx\reach\bitmaps\weapon_fire\gradients\muzzle_flare_battle_rifle;fx\reach\bitmaps\weapon_fire\muzzle_flash_long_gaseous"
"Halo 4","objects\weapons\rifle\storm_sniper_rifle\storm_sniper_rifle","objects\weapons\rifle\storm_sniper_rifle\fx\sr_firing","particle","sr_muzzle_flash_long_soft","objects\weapons\rifle\storm_sniper_rifle\fx\sr_muzzle_flash_long_soft","muzzle_brake","only in first person","fx\reach\bitmaps\weapon_fire\gradients\muzzle_flare_assault_rifle_long;fx\reach\bitmaps\weapon_fire\gradients\muzzle_flare_sniper;fx\reach\bitmaps\weapon_fire\muzzle_flash_long_soft"
"Halo 4","objects\weapons\rifle\storm_sniper_rifle\storm_sniper_rifle","objects\weapons\rifle\storm_sniper_rifle\fx\sr_firing","particle","sr_muzzle_flash_long_soft","objects\weapons\rifle\storm_sniper_rifle\fx\sr_muzzle_flash_long_soft","muzzle_brake","only in third person","fx\reach\bitmaps\weapon_fire\gradients\muzzle_flare_assault_rifle_long;fx\reach\bitmaps\weapon_fire\gradients\muzzle_flare_sniper;fx\reach\bitmaps\weapon_fire\muzzle_flash_long_soft"
"Halo 4","objects\weapons\rifle\storm_sniper_rifle\storm_sniper_rifle","objects\weapons\rifle\storm_sniper_rifle\fx\sr_firing","particle","sr_muzzle_flash_long_soft","objects\weapons\rifle\storm_sniper_rifle\fx\sr_muzzle_flash_long_soft","primary_trigger","only in third person","fx\reach\bitmaps\weapon_fire\gradients\muzzle_flare_assault_rifle_long;fx\reach\bitmaps\weapon_fire\gradients\muzzle_flare_sniper;fx\reach\bitmaps\weapon_fire\muzzle_flash_long_soft"
"Halo 4","objects\weapons\rifle\storm_sniper_rifle\storm_sniper_rifle","objects\weapons\rifle\storm_sniper_rifle\fx\sr_firing","particle","sr_muzzle_flash_round_fiery","objects\weapons\rifle\storm_sniper_rifle\fx\sr_muzzle_flash_round_fiery","primary_trigger","only in first person","fx\reach\bitmaps\weapon_fire\gradients\muzzle_flare_assault_rifle_long;fx\reach\bitmaps\weapon_fire\gradients\muzzle_flare_sniper;fx\reach\bitmaps\weapon_fire\muzzle_flash_round_fiery"
"Halo 4","objects\weapons\rifle\storm_sniper_rifle\storm_sniper_rifle","objects\weapons\rifle\storm_sniper_rifle\fx\sr_firing","particle","sr_muzzle_flash_round_fiery","objects\weapons\rifle\storm_sniper_rifle\fx\sr_muzzle_flash_round_fiery","primary_trigger","only in third person","fx\reach\bitmaps\weapon_fire\gradients\muzzle_flare_assault_rifle_long;fx\reach\bitmaps\weapon_fire\gradients\muzzle_flare_sniper;fx\reach\bitmaps\weapon_fire\muzzle_flash_round_fiery"
"Halo 4","objects\weapons\rifle\storm_sniper_rifle\storm_sniper_rifle","objects\weapons\rifle\storm_sniper_rifle\fx\sr_firing","particle","sr_muzzle_smoke","objects\weapons\rifle\storm_sniper_rifle\fx\sr_muzzle_smoke","primary_trigger","only in first person","fx\bitmaps\2d\clouds\cloud_07_small;fx\reach\bitmaps\atmospheric\soft_smoke_small;fx\reach\particles\_gradients\grayscale_light;objects\weapons\rifle\storm_sniper_rifle\fx\sr_soft_smoke_small"
"Halo 4","objects\weapons\rifle\storm_sniper_rifle\storm_sniper_rifle","objects\weapons\rifle\storm_sniper_rifle\fx\sr_firing","particle","sr_muzzle_smoke","objects\weapons\rifle\storm_sniper_rifle\fx\sr_muzzle_smoke","primary_trigger","only in third person","fx\bitmaps\2d\clouds\cloud_07_small;fx\reach\bitmaps\atmospheric\soft_smoke_small;fx\reach\particles\_gradients\grayscale_light;objects\weapons\rifle\storm_sniper_rifle\fx\sr_soft_smoke_small"
"Halo 4","objects\weapons\rifle\storm_spread_gun\storm_spread_gun","objects\weapons\rifle\storm_spread_gun\fx\firing\sg_firing","gldf","muzzle_flash","objects\weapons\rifle\storm_spread_gun\fx\firing\parts\muzzle_flash","primary_trigger","only in first person",""
"Halo 4","objects\weapons\rifle\storm_spread_gun\storm_spread_gun","objects\weapons\rifle\storm_spread_gun\fx\firing\sg_firing","gldf","muzzle_flash_3p","objects\weapons\rifle\storm_spread_gun\fx\firing\parts\muzzle_flash_3p","primary_trigger","only in third person",""
"Halo 4","objects\weapons\rifle\storm_spread_gun\storm_spread_gun","objects\weapons\rifle\storm_spread_gun\fx\firing\sg_firing","ltvl","firing_forward_flash_1p","objects\weapons\rifle\storm_spread_gun\fx\firing\parts\firing_forward_flash_1p","secondary_trigger","only in first person",""
"Halo 4","objects\weapons\rifle\storm_spread_gun\storm_spread_gun","objects\weapons\rifle\storm_spread_gun\fx\firing\sg_firing","ltvl","firing_forward_flash_3p","objects\weapons\rifle\storm_spread_gun\fx\firing\parts\firing_forward_flash_3p","secondary_trigger","only in third person",""
"Halo 4","objects\weapons\rifle\storm_spread_gun\storm_spread_gun","objects\weapons\rifle\storm_spread_gun\fx\firing\sg_firing","particle","front_rail_1p","objects\weapons\rifle\storm_spread_gun\fx\firing\parts\front_rail_1p","front_rail","only in first person","fx\bitmaps\2d\weapon_fire\fr_spread_gun_front_rail;fx\bitmaps\gradient\grad_forerunner_muzzle_spread"
"Halo 4","objects\weapons\rifle\storm_spread_gun\storm_spread_gun","objects\weapons\rifle\storm_spread_gun\fx\firing\sg_firing","particle","front_rail_1p","objects\weapons\rifle\storm_spread_gun\fx\firing\parts\front_rail_1p","front_rail","only in third person","fx\bitmaps\2d\weapon_fire\fr_spread_gun_front_rail;fx\bitmaps\gradient\grad_forerunner_muzzle_spread"
"Halo 4","objects\weapons\rifle\storm_spread_gun\storm_spread_gun","objects\weapons\rifle\storm_spread_gun\fx\firing\sg_firing","particle","mid_rail_1p","objects\weapons\rifle\storm_spread_gun\fx\firing\parts\mid_rail_1p","mid_rail","only in first person","fx\bitmaps\2d\weapon_fire\fr_spread_gun_mid_rail;fx\bitmaps\gradient\grad_forerunner_muzzle_spread"
"Halo 4","objects\weapons\rifle\storm_spread_gun\storm_spread_gun","objects\weapons\rifle\storm_spread_gun\fx\firing\sg_firing","particle","mid_rail_1p","objects\weapons\rifle\storm_spread_gun\fx\firing\parts\mid_rail_1p","mid_rail","only in third person","fx\bitmaps\2d\weapon_fire\fr_spread_gun_mid_rail;fx\bitmaps\gradient\grad_forerunner_muzzle_spread"
"Halo 4","objects\weapons\rifle\storm_spread_gun\storm_spread_gun","objects\weapons\rifle\storm_spread_gun\fx\firing\sg_firing","particle","muzzle_bits_1p","objects\weapons\rifle\storm_spread_gun\fx\firing\parts\muzzle_bits_1p","primary_trigger","only in first person","fx\bitmaps\3d\weapons\fr_weapon_tech_bits;fx\bitmaps\gradient\grad_forerunner_muzzle_spread"
"Halo 4","objects\weapons\rifle\storm_spread_gun\storm_spread_gun","objects\weapons\rifle\storm_spread_gun\fx\firing\sg_firing","particle","muzzle_bits_1p","objects\weapons\rifle\storm_spread_gun\fx\firing\parts\muzzle_bits_1p","primary_trigger","only in first person","fx\bitmaps\3d\weapons\fr_weapon_tech_bits;fx\bitmaps\gradient\grad_forerunner_muzzle_spread"
"Halo 4","objects\weapons\rifle\storm_spread_gun\storm_spread_gun","objects\weapons\rifle\storm_spread_gun\fx\firing\sg_firing","particle","muzzle_bits_1p","objects\weapons\rifle\storm_spread_gun\fx\firing\parts\muzzle_bits_1p","primary_trigger","only in third person","fx\bitmaps\3d\weapons\fr_weapon_tech_bits;fx\bitmaps\gradient\grad_forerunner_muzzle_spread"
"Halo 4","objects\weapons\rifle\storm_spread_gun\storm_spread_gun","objects\weapons\rifle\storm_spread_gun\fx\firing\sg_firing","particle","muzzle_bits_1p","objects\weapons\rifle\storm_spread_gun\fx\firing\parts\muzzle_bits_1p","primary_trigger","only in third person","fx\bitmaps\3d\weapons\fr_weapon_tech_bits;fx\bitmaps\gradient\grad_forerunner_muzzle_spread"
"Halo 4","objects\weapons\rifle\storm_spread_gun\storm_spread_gun","objects\weapons\rifle\storm_spread_gun\fx\firing\sg_firing","particle","muzzle_bits_1p","objects\weapons\rifle\storm_spread_gun\fx\firing\parts\muzzle_bits_1p","vent","both first and third","fx\bitmaps\3d\weapons\fr_weapon_tech_bits;fx\bitmaps\gradient\grad_forerunner_muzzle_spread"
"Halo 4","objects\weapons\rifle\storm_spread_gun\storm_spread_gun","objects\weapons\rifle\storm_spread_gun\fx\firing\sg_firing","particle","muzzle_bits_1p","objects\weapons\rifle\storm_spread_gun\fx\firing\parts\muzzle_bits_1p","vent","only in first person","fx\bitmaps\3d\weapons\fr_weapon_tech_bits;fx\bitmaps\gradient\grad_forerunner_muzzle_spread"
"Halo 4","objects\weapons\rifle\storm_spread_gun\storm_spread_gun","objects\weapons\rifle\storm_spread_gun\fx\firing\sg_firing","particle","muzzle_flash_large","objects\weapons\rifle\storm_spread_gun\fx\firing\parts\muzzle_flash_large","primary_trigger","only in first person","fx\bitmaps\2d\weapon_fire\fr_muzzle_flash;fx\bitmaps\gradient\grad_forerunner_muzzle_spread"
"Halo 4","objects\weapons\rifle\storm_spread_gun\storm_spread_gun","objects\weapons\rifle\storm_spread_gun\fx\firing\sg_firing","particle","muzzle_flash_large","objects\weapons\rifle\storm_spread_gun\fx\firing\parts\muzzle_flash_large","primary_trigger","only in first person","fx\bitmaps\2d\weapon_fire\fr_muzzle_flash;fx\bitmaps\gradient\grad_forerunner_muzzle_spread"
"Halo 4","objects\weapons\rifle\storm_spread_gun\storm_spread_gun","objects\weapons\rifle\storm_spread_gun\fx\firing\sg_firing","particle","muzzle_flash_large","objects\weapons\rifle\storm_spread_gun\fx\firing\parts\muzzle_flash_large","secondary_trigger","only in third person","fx\bitmaps\2d\weapon_fire\fr_muzzle_flash;fx\bitmaps\gradient\grad_forerunner_muzzle_spread"
"Halo 4","objects\weapons\rifle\storm_spread_gun\storm_spread_gun","objects\weapons\rifle\storm_spread_gun\fx\firing\sg_firing","particle","muzzle_forward_3p","objects\weapons\rifle\storm_spread_gun\fx\firing\parts\muzzle_forward_3p","primary_trigger","only in third person","fx\bitmaps\2d\weapon_fire\fr_muzzle_flash_out;fx\bitmaps\gradient\grad_forerunner_muzzle_spread"
"Halo 4","objects\weapons\rifle\storm_spread_gun\storm_spread_gun","objects\weapons\rifle\storm_spread_gun\fx\firing\sg_firing","particle","muzzle_glow_1p","objects\weapons\rifle\storm_spread_gun\fx\firing\parts\muzzle_glow_1p","secondary_trigger","only in first person","fx\bitmaps\2d\glows\glow_soft;fx\bitmaps\gradient\grad_forerunner_muzzle_spread"
"Halo 4","objects\weapons\rifle\storm_spread_gun\storm_spread_gun","objects\weapons\rifle\storm_spread_gun\fx\firing\sg_firing","particle","muzzle_glow_3p","objects\weapons\rifle\storm_spread_gun\fx\firing\parts\muzzle_glow_3p","secondary_trigger","only in third person","fx\bitmaps\2d\glows\glow_soft;fx\bitmaps\gradient\grad_forerunner_muzzle_spread"
"Halo 4","objects\weapons\rifle\storm_spread_gun\storm_spread_gun","objects\weapons\rifle\storm_spread_gun\fx\firing\sg_firing","particle","muzzle_rings_1p","objects\weapons\rifle\storm_spread_gun\fx\firing\parts\muzzle_rings_1p","secondary_trigger","only in first person","fx\bitmaps\2d\weapon_fire\fr_muzzle_flash_ring1;fx\bitmaps\gradient\grad_forerunner_muzzle_spread"
"Halo 4","objects\weapons\rifle\storm_spread_gun\storm_spread_gun","objects\weapons\rifle\storm_spread_gun\fx\firing\sg_firing","particle","muzzle_rings_1p","objects\weapons\rifle\storm_spread_gun\fx\firing\parts\muzzle_rings_1p","secondary_trigger","only in third person","fx\bitmaps\2d\weapon_fire\fr_muzzle_flash_ring1;fx\bitmaps\gradient\grad_forerunner_muzzle_spread"
"Halo 4","objects\weapons\rifle\storm_spread_gun\storm_spread_gun","objects\weapons\rifle\storm_spread_gun\fx\firing\sg_firing","particle","muzzle_rings_1p","objects\weapons\rifle\storm_spread_gun\fx\firing\parts\muzzle_rings_1p","vent","only in first person","fx\bitmaps\2d\weapon_fire\fr_muzzle_flash_ring1;fx\bitmaps\gradient\grad_forerunner_muzzle_spread"
"Halo 4","objects\weapons\rifle\storm_spread_gun\storm_spread_gun","objects\weapons\rifle\storm_spread_gun\fx\firing\sg_firing","particle","muzzle_rings_1p","objects\weapons\rifle\storm_spread_gun\fx\firing\parts\muzzle_rings_1p","vent","only in third person","fx\bitmaps\2d\weapon_fire\fr_muzzle_flash_ring1;fx\bitmaps\gradient\grad_forerunner_muzzle_spread"
"Halo 4","objects\weapons\rifle\storm_spread_gun\storm_spread_gun","objects\weapons\rifle\storm_spread_gun\fx\firing\sg_firing","particle","muzzle_rings_small_1p","objects\weapons\rifle\storm_spread_gun\fx\firing\parts\muzzle_rings_small_1p","vent","only in first person","fx\bitmaps\2d\weapon_fire\fr_muzzle_flash_ring2;fx\bitmaps\gradient\grad_forerunner_muzzle_spread"
"Halo 4","objects\weapons\rifle\storm_spread_gun\storm_spread_gun","objects\weapons\rifle\storm_spread_gun\fx\firing\sg_firing","particle","muzzle_rings_small_1p","objects\weapons\rifle\storm_spread_gun\fx\firing\parts\muzzle_rings_small_1p","vent","only in third person","fx\bitmaps\2d\weapon_fire\fr_muzzle_flash_ring2;fx\bitmaps\gradient\grad_forerunner_muzzle_spread"
"Halo 4","objects\weapons\rifle\storm_spread_gun\storm_spread_gun","objects\weapons\rifle\storm_spread_gun\fx\firing\sg_firing","particle","muzzle_streak_1p","objects\weapons\rifle\storm_spread_gun\fx\firing\parts\muzzle_streak_1p","secondary_trigger","only in first person","fx\bitmaps\2d\flare\streak_05;fx\bitmaps\gradient\grad_forerunner_muzzle_spread"
"Halo 4","objects\weapons\rifle\storm_spread_gun\storm_spread_gun","objects\weapons\rifle\storm_spread_gun\fx\firing\sg_firing","particle","slide_rail_1p","objects\weapons\rifle\storm_spread_gun\fx\firing\parts\slide_rail_1p","front_slide","only in first person","fx\bitmaps\2d\weapon_fire\fr_spread_gun_slide;fx\bitmaps\gradient\grad_forerunner_muzzle_spread"
"Halo 4","objects\weapons\rifle\storm_spread_gun\storm_spread_gun","objects\weapons\rifle\storm_spread_gun\fx\firing\sg_firing","particle","slide_rail_1p","objects\weapons\rifle\storm_spread_gun\fx\firing\parts\slide_rail_1p","front_slide","only in third person","fx\bitmaps\2d\weapon_fire\fr_spread_gun_slide;fx\bitmaps\gradient\grad_forerunner_muzzle_spread"
"Halo 4","objects\weapons\rifle\storm_spread_gun\storm_spread_gun","objects\weapons\rifle\storm_spread_gun\fx\firing\sg_firing","particle","slide_rail_1p","objects\weapons\rifle\storm_spread_gun\fx\firing\parts\slide_rail_1p","top_slide","only in first person","fx\bitmaps\2d\weapon_fire\fr_spread_gun_slide;fx\bitmaps\gradient\grad_forerunner_muzzle_spread"
"Halo 4","objects\weapons\rifle\storm_spread_gun\storm_spread_gun","objects\weapons\rifle\storm_spread_gun\fx\firing\sg_firing","particle","slide_rail_1p","objects\weapons\rifle\storm_spread_gun\fx\firing\parts\slide_rail_1p","top_slide","only in third person","fx\bitmaps\2d\weapon_fire\fr_spread_gun_slide;fx\bitmaps\gradient\grad_forerunner_muzzle_spread"
"Halo 4","objects\weapons\rifle\storm_stasis_rifle\storm_stasis_rifle","objects\weapons\rifle\storm_stasis_rifle\fx\sts_firing","particle","sts_flash_large","objects\weapons\rifle\storm_stasis_rifle\fx\sts_flash_large","primary_trigger","only in first person","fx\reach\bitmaps\flash\flash_large;objects\weapons\rifle\storm_stasis_rifle\fx\sts_flash_large"
"Halo 4","objects\weapons\rifle\storm_stasis_rifle\storm_stasis_rifle","objects\weapons\rifle\storm_stasis_rifle\fx\sts_firing","particle","sts_flash_large","objects\weapons\rifle\storm_stasis_rifle\fx\sts_flash_large","primary_trigger","only in third person","fx\reach\bitmaps\flash\flash_large;objects\weapons\rifle\storm_stasis_rifle\fx\sts_flash_large"
"Halo 4","objects\weapons\rifle\storm_stasis_rifle\storm_stasis_rifle","objects\weapons\rifle\storm_stasis_rifle\fx\sts_firing","particle","sts_glow_soft","objects\weapons\rifle\storm_stasis_rifle\fx\sts_glow_soft","primary_trigger","only in first person","fx\reach\bitmaps\flash\glow_soft;objects\weapons\rifle\storm_stasis_rifle\fx\sts_glow_soft"
"Halo 4","objects\weapons\rifle\storm_stasis_rifle\storm_stasis_rifle","objects\weapons\rifle\storm_stasis_rifle\fx\sts_firing","particle","sts_glow_soft","objects\weapons\rifle\storm_stasis_rifle\fx\sts_glow_soft","primary_trigger","only in third person","fx\reach\bitmaps\flash\glow_soft;objects\weapons\rifle\storm_stasis_rifle\fx\sts_glow_soft"
"Halo 4","objects\weapons\rifle\storm_stasis_rifle\storm_stasis_rifle","objects\weapons\rifle\storm_stasis_rifle\fx\sts_firing","particle","sts_muzzle_flash_long","objects\weapons\rifle\storm_stasis_rifle\fx\sts_muzzle_flash_long","primary_trigger","only in third person","fx\bitmaps\gradient\grad_anim_hot_blue_diff;fx\bitmaps\weapon_fire\gradients\muzzle_flare_carbine_long;fx\reach\bitmaps\weapon_fire\muzzle_flash_long_fiery;objects\weapons\rifle\storm_stasis_rifle\fx\sts_muzzle_flash_long_fiery"
"Halo 4","objects\weapons\rifle\storm_stasis_rifle\storm_stasis_rifle","objects\weapons\rifle\storm_stasis_rifle\fx\sts_firing","particle","sts_muzzle_flash_long","objects\weapons\rifle\storm_stasis_rifle\fx\sts_muzzle_flash_long","primary_trigger","only in third person","fx\bitmaps\gradient\grad_anim_hot_blue_diff;fx\bitmaps\weapon_fire\gradients\muzzle_flare_carbine_long;fx\reach\bitmaps\weapon_fire\muzzle_flash_long_fiery;objects\weapons\rifle\storm_stasis_rifle\fx\sts_muzzle_flash_long_fiery"
"Halo 4","objects\weapons\rifle\storm_stasis_rifle\storm_stasis_rifle","objects\weapons\rifle\storm_stasis_rifle\fx\sts_firing","particle","sts_muzzle_flash_round","objects\weapons\rifle\storm_stasis_rifle\fx\sts_muzzle_flash_round","primary_trigger","only in first person","fx\bitmaps\gradient\grad_spark;fx\reach\bitmaps\weapon_fire\gradients\muzzle_flare_flak_cannon;fx\reach\bitmaps\weapon_fire\muzzle_flash_round_fiery;objects\weapons\rifle\storm_stasis_rifle\fx\sts_muzzle_flash_round_fiery"
"Halo 4","objects\weapons\rifle\storm_stasis_rifle\storm_stasis_rifle","objects\weapons\rifle\storm_stasis_rifle\fx\sts_firing","particle","sts_muzzle_flash_round","objects\weapons\rifle\storm_stasis_rifle\fx\sts_muzzle_flash_round","primary_trigger","only in third person","fx\bitmaps\gradient\grad_spark;fx\reach\bitmaps\weapon_fire\gradients\muzzle_flare_flak_cannon;fx\reach\bitmaps\weapon_fire\muzzle_flash_round_fiery;objects\weapons\rifle\storm_stasis_rifle\fx\sts_muzzle_flash_round_fiery"
"Halo 4","objects\weapons\support_high\storm_forerunner_incineration_launcher\storm_forerunner_incineration_launcher","objects\weapons\support_high\storm_forerunner_incineration_launcher\fx\fr_incin_firing","gldf","muzzle_flash_1p","objects\weapons\support_high\storm_forerunner_incineration_launcher\fx\parts\muzzle_flash_1p","primary_trigger","independent of camera mode",""
"Halo 4","objects\weapons\support_high\storm_forerunner_incineration_launcher\storm_forerunner_incineration_launcher","objects\weapons\support_high\storm_forerunner_incineration_launcher\fx\fr_incin_firing","particle","firing_back_plate_1p","objects\weapons\support_high\storm_forerunner_incineration_launcher\fx\particles\firing_back_plate_1p","back_plate","only in first person","fx\bitmaps\2d\weapon_fire\fr_incineration_launcher\fr_incin_back_plate;fx\bitmaps\gradient\grad_forerunner_muzzle_incinerator"
"Halo 4","objects\weapons\support_high\storm_forerunner_incineration_launcher\storm_forerunner_incineration_launcher","objects\weapons\support_high\storm_forerunner_incineration_launcher\fx\fr_incin_firing","particle","firing_back_plate_1p","objects\weapons\support_high\storm_forerunner_incineration_launcher\fx\particles\firing_back_plate_1p","back_plate","only in third person","fx\bitmaps\2d\weapon_fire\fr_incineration_launcher\fr_incin_back_plate;fx\bitmaps\gradient\grad_forerunner_muzzle_incinerator"
"Halo 4","objects\weapons\support_high\storm_forerunner_incineration_launcher\storm_forerunner_incineration_launcher","objects\weapons\support_high\storm_forerunner_incineration_launcher\fx\fr_incin_firing","particle","firing_barrel_1p","objects\weapons\support_high\storm_forerunner_incineration_launcher\fx\particles\firing_barrel_1p","barrel","only in first person","fx\bitmaps\2d\weapon_fire\fr_incineration_launcher\fr_incin_barrel;fx\bitmaps\gradient\grad_forerunner_muzzle_incinerator"
"Halo 4","objects\weapons\support_high\storm_forerunner_incineration_launcher\storm_forerunner_incineration_launcher","objects\weapons\support_high\storm_forerunner_incineration_launcher\fx\fr_incin_firing","particle","firing_barrel_1p","objects\weapons\support_high\storm_forerunner_incineration_launcher\fx\particles\firing_barrel_1p","barrel","only in third person","fx\bitmaps\2d\weapon_fire\fr_incineration_launcher\fr_incin_barrel;fx\bitmaps\gradient\grad_forerunner_muzzle_incinerator"
"Halo 4","objects\weapons\support_high\storm_forerunner_incineration_launcher\storm_forerunner_incineration_launcher","objects\weapons\support_high\storm_forerunner_incineration_launcher\fx\fr_incin_firing","particle","firing_barrel_slide_1p","objects\weapons\support_high\storm_forerunner_incineration_launcher\fx\particles\firing_barrel_slide_1p","barrel_slide","only in first person","fx\bitmaps\2d\weapon_fire\fr_incineration_launcher\fr_incin_barrel_slide;fx\bitmaps\gradient\grad_forerunner_muzzle_incinerator"
"Halo 4","objects\weapons\support_high\storm_forerunner_incineration_launcher\storm_forerunner_incineration_launcher","objects\weapons\support_high\storm_forerunner_incineration_launcher\fx\fr_incin_firing","particle","firing_barrel_slide_1p","objects\weapons\support_high\storm_forerunner_incineration_launcher\fx\particles\firing_barrel_slide_1p","barrel_slide","only in third person","fx\bitmaps\2d\weapon_fire\fr_incineration_launcher\fr_incin_barrel_slide;fx\bitmaps\gradient\grad_forerunner_muzzle_incinerator"
"Halo 4","objects\weapons\support_high\storm_forerunner_incineration_launcher\storm_forerunner_incineration_launcher","objects\weapons\support_high\storm_forerunner_incineration_launcher\fx\fr_incin_firing","particle","firing_energy_wave_1p","objects\weapons\support_high\storm_forerunner_incineration_launcher\fx\particles\firing_energy_wave_1p","primary_trigger","only in first person","fx\bitmaps\2d\clouds\soft_smoke_small_fix;fx\bitmaps\2d\energy\energy_wisps_01;fx\bitmaps\2d\shapes\soft_fill_01;fx\bitmaps\distortion\fire_seamless_distortion_01;fx\bitmaps\gradient\grad_forerunner_muzzle_pistol"
"Halo 4","objects\weapons\support_high\storm_forerunner_incineration_launcher\storm_forerunner_incineration_launcher","objects\weapons\support_high\storm_forerunner_incineration_launcher\fx\fr_incin_firing","particle","firing_energy_wave_1p","objects\weapons\support_high\storm_forerunner_incineration_launcher\fx\particles\firing_energy_wave_1p","primary_trigger","only in first person","fx\bitmaps\2d\clouds\soft_smoke_small_fix;fx\bitmaps\2d\energy\energy_wisps_01;fx\bitmaps\2d\shapes\soft_fill_01;fx\bitmaps\distortion\fire_seamless_distortion_01;fx\bitmaps\gradient\grad_forerunner_muzzle_pistol"
"Halo 4","objects\weapons\support_high\storm_forerunner_incineration_launcher\storm_forerunner_incineration_launcher","objects\weapons\support_high\storm_forerunner_incineration_launcher\fx\fr_incin_firing","particle","firing_energy_wave_1p","objects\weapons\support_high\storm_forerunner_incineration_launcher\fx\particles\firing_energy_wave_1p","primary_trigger","only in third person","fx\bitmaps\2d\clouds\soft_smoke_small_fix;fx\bitmaps\2d\energy\energy_wisps_01;fx\bitmaps\2d\shapes\soft_fill_01;fx\bitmaps\distortion\fire_seamless_distortion_01;fx\bitmaps\gradient\grad_forerunner_muzzle_pistol"
"Halo 4","objects\weapons\support_high\storm_forerunner_incineration_launcher\storm_forerunner_incineration_launcher","objects\weapons\support_high\storm_forerunner_incineration_launcher\fx\fr_incin_firing","particle","firing_energy_wave_1p","objects\weapons\support_high\storm_forerunner_incineration_launcher\fx\particles\firing_energy_wave_1p","primary_trigger","only in third person","fx\bitmaps\2d\clouds\soft_smoke_small_fix;fx\bitmaps\2d\energy\energy_wisps_01;fx\bitmaps\2d\shapes\soft_fill_01;fx\bitmaps\distortion\fire_seamless_distortion_01;fx\bitmaps\gradient\grad_forerunner_muzzle_pistol"
"Halo 4","objects\weapons\support_high\storm_forerunner_incineration_launcher\storm_forerunner_incineration_launcher","objects\weapons\support_high\storm_forerunner_incineration_launcher\fx\fr_incin_firing","particle","firing_energy_wave_front_3p","objects\weapons\support_high\storm_forerunner_incineration_launcher\fx\particles\firing_energy_wave_front_3p","primary_trigger","only in third person","fx\bitmaps\2d\clouds\soft_smoke_small_fix;fx\bitmaps\2d\energy\energy_wisps_01;fx\bitmaps\2d\shapes\soft_fill_01;fx\bitmaps\distortion\fire_seamless_distortion_01;fx\bitmaps\gradient\grad_forerunner_muzzle_pistol"
"Halo 4","objects\weapons\support_high\storm_forerunner_incineration_launcher\storm_forerunner_incineration_launcher","objects\weapons\support_high\storm_forerunner_incineration_launcher\fx\fr_incin_firing","particle","firing_energy_wave_side_3p","objects\weapons\support_high\storm_forerunner_incineration_launcher\fx\particles\firing_energy_wave_side_3p","primary_trigger","only in third person","fx\bitmaps\2d\clouds\soft_smoke_small_fix;fx\bitmaps\2d\energy\energy_wisps_01;fx\bitmaps\2d\shapes\soft_fill_01;fx\bitmaps\distortion\fire_seamless_distortion_01;fx\bitmaps\gradient\grad_forerunner_muzzle_pistol"
"Halo 4","objects\weapons\support_high\storm_forerunner_incineration_launcher\storm_forerunner_incineration_launcher","objects\weapons\support_high\storm_forerunner_incineration_launcher\fx\fr_incin_firing","particle","firing_muzzle_flash_1p","objects\weapons\support_high\storm_forerunner_incineration_launcher\fx\particles\firing_muzzle_flash_1p","primary_trigger","only in first person","fx\bitmaps\gradient\grad_forerunner_muzzle_spread;fx\reach\bitmaps\flash\flash_soft"
"Halo 4","objects\weapons\support_high\storm_forerunner_incineration_launcher\storm_forerunner_incineration_launcher","objects\weapons\support_high\storm_forerunner_incineration_launcher\fx\fr_incin_firing","particle","firing_muzzle_flash_1p","objects\weapons\support_high\storm_forerunner_incineration_launcher\fx\particles\firing_muzzle_flash_1p","secondary_trigger","only in third person","fx\bitmaps\gradient\grad_forerunner_muzzle_spread;fx\reach\bitmaps\flash\flash_soft"
"Halo 4","objects\weapons\support_high\storm_forerunner_incineration_launcher\storm_forerunner_incineration_launcher","objects\weapons\support_high\storm_forerunner_incineration_launcher\fx\fr_incin_firing","particle","firing_muzzle_rings_large_1p","objects\weapons\support_high\storm_forerunner_incineration_launcher\fx\particles\firing_muzzle_rings_large_1p","secondary_trigger","only in first person","fx\bitmaps\2d\weapon_fire\fr_muzzle_flash_ring1;fx\bitmaps\gradient\grad_forerunner_muzzle_incinerator"
"Halo 4","objects\weapons\support_high\storm_forerunner_incineration_launcher\storm_forerunner_incineration_launcher","objects\weapons\support_high\storm_forerunner_incineration_launcher\fx\fr_incin_firing","particle","firing_muzzle_rings_large_1p","objects\weapons\support_high\storm_forerunner_incineration_launcher\fx\particles\firing_muzzle_rings_large_1p","secondary_trigger","only in third person","fx\bitmaps\2d\weapon_fire\fr_muzzle_flash_ring1;fx\bitmaps\gradient\grad_forerunner_muzzle_incinerator"
"Halo 4","objects\weapons\support_high\storm_forerunner_incineration_launcher\storm_forerunner_incineration_launcher","objects\weapons\support_high\storm_forerunner_incineration_launcher\fx\fr_incin_firing","particle","firing_muzzle_rings_small_1p","objects\weapons\support_high\storm_forerunner_incineration_launcher\fx\particles\firing_muzzle_rings_small_1p","secondary_trigger","only in first person","fx\bitmaps\2d\alphas\horizontal_grad_01;fx\bitmaps\2d\weapon_fire\fr_bolt_pistol\fr_bolt_pistol_ring_small1;fx\bitmaps\gradient\grad_forerunner_muzzle_incinerator"
"Halo 4","objects\weapons\support_high\storm_forerunner_incineration_launcher\storm_forerunner_incineration_launcher","objects\weapons\support_high\storm_forerunner_incineration_launcher\fx\fr_incin_firing","particle","firing_muzzle_rings_small_1p","objects\weapons\support_high\storm_forerunner_incineration_launcher\fx\particles\firing_muzzle_rings_small_1p","secondary_trigger","only in third person","fx\bitmaps\2d\alphas\horizontal_grad_01;fx\bitmaps\2d\weapon_fire\fr_bolt_pistol\fr_bolt_pistol_ring_small1;fx\bitmaps\gradient\grad_forerunner_muzzle_incinerator"
"Halo 4","objects\weapons\support_high\storm_forerunner_incineration_launcher\storm_forerunner_incineration_launcher","objects\weapons\support_high\storm_forerunner_incineration_launcher\fx\fr_incin_firing","particle","firing_top_plate_1p","objects\weapons\support_high\storm_forerunner_incineration_launcher\fx\particles\firing_top_plate_1p","top_plate","only in first person","fx\bitmaps\2d\weapon_fire\fr_incineration_launcher\fr_incin_top_plate;fx\bitmaps\gradient\grad_forerunner_muzzle_incinerator"
"Halo 4","objects\weapons\support_high\storm_forerunner_incineration_launcher\storm_forerunner_incineration_launcher","objects\weapons\support_high\storm_forerunner_incineration_launcher\fx\fr_incin_firing","particle","firing_top_plate_1p","objects\weapons\support_high\storm_forerunner_incineration_launcher\fx\particles\firing_top_plate_1p","top_plate","only in third person","fx\bitmaps\2d\weapon_fire\fr_incineration_launcher\fr_incin_top_plate;fx\bitmaps\gradient\grad_forerunner_muzzle_incinerator"
"Halo 4","objects\weapons\support_high\storm_forerunner_incineration_launcher\storm_forerunner_incineration_launcher","objects\weapons\support_high\storm_forerunner_incineration_launcher\fx\fr_incin_firing","particle","firing_top_plate_slide_1p","objects\weapons\support_high\storm_forerunner_incineration_launcher\fx\particles\firing_top_plate_slide_1p","top_plate_slide","only in first person","fx\bitmaps\2d\weapon_fire\fr_incineration_launcher\fr_incin_top_plate_slide;fx\bitmaps\gradient\grad_forerunner_muzzle_incinerator"
"Halo 4","objects\weapons\support_high\storm_forerunner_incineration_launcher\storm_forerunner_incineration_launcher","objects\weapons\support_high\storm_forerunner_incineration_launcher\fx\fr_incin_firing","particle","firing_top_plate_slide_1p","objects\weapons\support_high\storm_forerunner_incineration_launcher\fx\particles\firing_top_plate_slide_1p","top_plate_slide","only in third person","fx\bitmaps\2d\weapon_fire\fr_incineration_launcher\fr_incin_top_plate_slide;fx\bitmaps\gradient\grad_forerunner_muzzle_incinerator"
"Halo 4","objects\weapons\support_high\storm_forerunner_incineration_launcher\storm_forerunner_incineration_launcher","objects\weapons\support_high\storm_forerunner_incineration_launcher\fx\fr_incin_firing","particle","firing_vent_1p","objects\weapons\support_high\storm_forerunner_incineration_launcher\fx\particles\firing_vent_1p","vent","only in first person","fx\bitmaps\2d\weapon_fire\fr_incineration_launcher\fr_incin_vent;fx\bitmaps\gradient\grad_forerunner_muzzle_incinerator"
"Halo 4","objects\weapons\support_high\storm_forerunner_incineration_launcher\storm_forerunner_incineration_launcher","objects\weapons\support_high\storm_forerunner_incineration_launcher\fx\fr_incin_firing","particle","firing_vent_1p","objects\weapons\support_high\storm_forerunner_incineration_launcher\fx\particles\firing_vent_1p","vent","only in third person","fx\bitmaps\2d\weapon_fire\fr_incineration_launcher\fr_incin_vent;fx\bitmaps\gradient\grad_forerunner_muzzle_incinerator"
"Halo 4","objects\weapons\support_high\storm_fuel_rod_cannon\storm_fuel_rod_cannon","objects\weapons\support_high\storm_fuel_rod_cannon\fx\firing","particle","flash_large","fx\reach\particles\flare\flash_large","primary_trigger","only in first person","fx\reach\bitmaps\flash\flash_large"
"Halo 4","objects\weapons\support_high\storm_fuel_rod_cannon\storm_fuel_rod_cannon","objects\weapons\support_high\storm_fuel_rod_cannon\fx\firing","particle","flash_large","fx\reach\particles\flare\flash_large","primary_trigger","only in third person","fx\reach\bitmaps\flash\flash_large"
"Halo 4","objects\weapons\support_high\storm_fuel_rod_cannon\storm_fuel_rod_cannon","objects\weapons\support_high\storm_fuel_rod_cannon\fx\firing","particle","muzzle_flash_long","objects\weapons\support_high\storm_fuel_rod_cannon\fx\particles\muzzle_flash_long","primary_trigger","only in third person","fx\reach\bitmaps\weapon_fire\gradients\muzzle_flare_flak_cannon_long;fx\reach\bitmaps\weapon_fire\muzzle_flash_long_gaseous"
"Halo 4","objects\weapons\support_high\storm_fuel_rod_cannon\storm_fuel_rod_cannon","objects\weapons\support_high\storm_fuel_rod_cannon\fx\firing","particle","muzzle_flash_long_soft","objects\weapons\support_high\storm_fuel_rod_cannon\fx\particles\muzzle_flash_long_soft","primary_trigger","only in third person","fx\reach\bitmaps\weapon_fire\gradients\muzzle_flare_flak_cannon_long_soft;fx\reach\bitmaps\weapon_fire\muzzle_flash_long_soft"
"Halo 4","objects\weapons\support_high\storm_fuel_rod_cannon\storm_fuel_rod_cannon","objects\weapons\support_high\storm_fuel_rod_cannon\fx\firing","particle","muzzle_flash_round","objects\weapons\support_high\storm_fuel_rod_cannon\fx\particles\muzzle_flash_round","primary_trigger","only in first person","fx\reach\bitmaps\weapon_fire\gradients\muzzle_flare_flak_cannon;fx\reach\bitmaps\weapon_fire\muzzle_flash_round_gaseous"
"Halo 4","objects\weapons\support_high\storm_fuel_rod_cannon\storm_fuel_rod_cannon","objects\weapons\support_high\storm_fuel_rod_cannon\fx\firing","particle","muzzle_flash_round","objects\weapons\support_high\storm_fuel_rod_cannon\fx\particles\muzzle_flash_round","primary_trigger","only in third person","fx\reach\bitmaps\weapon_fire\gradients\muzzle_flare_flak_cannon;fx\reach\bitmaps\weapon_fire\muzzle_flash_round_gaseous"
"Halo 4","objects\weapons\support_high\storm_rocket_launcher\storm_rocket_launcher","objects\weapons\support_high\storm_rocket_launcher\fx\firing","particle","backwash_fire","objects\weapons\support_high\storm_rocket_launcher\fx\particles\backwash_fire","fx_backwash","only in third person","fx\reach\bitmaps\atmospheric_rolling\rolling_smoke_plate;fx\reach\bitmaps\atmospheric\smoke_fiery_small;fx\reach\particles\_gradients\fireball_human"
"Halo 4","objects\weapons\support_high\storm_rocket_launcher\storm_rocket_launcher","objects\weapons\support_high\storm_rocket_launcher\fx\firing","particle","backwash_fire","objects\weapons\support_high\storm_rocket_launcher\fx\particles\backwash_fire","primary_trigger","only in third person","fx\reach\bitmaps\atmospheric_rolling\rolling_smoke_plate;fx\reach\bitmaps\atmospheric\smoke_fiery_small;fx\reach\particles\_gradients\fireball_human"
"Halo 4","objects\weapons\support_high\storm_rocket_launcher\storm_rocket_launcher","objects\weapons\support_high\storm_rocket_launcher\fx\firing","particle","burst_spray","objects\weapons\support_high\storm_rocket_launcher\fx\particles\burst_spray","fx_backwash","independent of camera mode","fx\reach\bitmaps\material\burst_spray;fx\reach\particles\_gradients\fire"
"Halo 4","objects\weapons\support_high\storm_rocket_launcher\storm_rocket_launcher","objects\weapons\support_high\storm_rocket_launcher\fx\firing","particle","firing_smoke","objects\weapons\support_high\storm_rocket_launcher\fx\particles\firing_smoke","primary_trigger","only in first person","fx\reach\bitmaps\atmospheric\soft_smoke_small;fx\reach\particles\_gradients\grayscale_light"
"Halo 4","objects\weapons\support_high\storm_rocket_launcher\storm_rocket_launcher","objects\weapons\support_high\storm_rocket_launcher\fx\firing","particle","glow_soft","fx\reach\particles\flare\glow_soft","primary_trigger","only in first person","fx\reach\bitmaps\flash\glow_soft"
"Halo 4","objects\weapons\support_high\storm_rocket_launcher\storm_rocket_launcher","objects\weapons\support_high\storm_rocket_launcher\fx\firing","particle","muzzle_flash_long","objects\weapons\support_high\storm_rocket_launcher\fx\particles\muzzle_flash_long","primary_trigger","only in third person","fx\reach\bitmaps\weapon_fire\gradients\muzzle_flare_assault_rifle_long;fx\reach\bitmaps\weapon_fire\gradients\muzzle_flare_shotgun;fx\reach\bitmaps\weapon_fire\muzzle_flash_long_fiery;fx\reach\bitmaps\weapon_fire\muzzle_flash_long_gaseous"
"Halo 4","objects\weapons\support_high\storm_rocket_launcher\storm_rocket_launcher","objects\weapons\support_high\storm_rocket_launcher\fx\firing","particle","muzzle_flash_round","objects\weapons\support_high\storm_rocket_launcher\fx\particles\muzzle_flash_round","primary_trigger","only in first person","fx\reach\bitmaps\weapon_fire\gradients\muzzle_flare_assault_rifle_long;fx\reach\bitmaps\weapon_fire\gradients\muzzle_flare_shotgun;fx\reach\bitmaps\weapon_fire\muzzle_flash_round_fiery"
"Halo 4","objects\weapons\support_high\storm_rocket_launcher\storm_rocket_launcher","objects\weapons\support_high\storm_rocket_launcher\fx\firing","particle","muzzle_flash_round","objects\weapons\support_high\storm_rocket_launcher\fx\particles\muzzle_flash_round","primary_trigger","only in third person","fx\reach\bitmaps\weapon_fire\gradients\muzzle_flare_assault_rifle_long;fx\reach\bitmaps\weapon_fire\gradients\muzzle_flare_shotgun;fx\reach\bitmaps\weapon_fire\muzzle_flash_round_fiery"
"Halo 4","objects\weapons\support_high\storm_spartan_laser\storm_spartan_laser","objects\weapons\support_high\storm_spartan_laser\fx\firing","particle","charging_starburst","objects\weapons\support_high\storm_spartan_laser\fx\particles\charging_starburst","primary_trigger","only in first person","fx\bitmaps\2d\clouds\smoke_large_01;fx\bitmaps\2d\weapon_fire\laser_starburst;fx\bitmaps\gradient\grad_laser_red"
"Halo 4","objects\weapons\support_high\storm_spartan_laser\storm_spartan_laser","objects\weapons\support_high\storm_spartan_laser\fx\firing","particle","charging_starburst","objects\weapons\support_high\storm_spartan_laser\fx\particles\charging_starburst","primary_trigger","only in third person","fx\bitmaps\2d\clouds\smoke_large_01;fx\bitmaps\2d\weapon_fire\laser_starburst;fx\bitmaps\gradient\grad_laser_red"
"Halo 4","objects\weapons\support_high\storm_spartan_laser\storm_spartan_laser","objects\weapons\support_high\storm_spartan_laser\fx\firing","particle","firing_glow","objects\weapons\support_high\storm_spartan_laser\fx\particles\firing_glow","primary_trigger","only in first person","fx\bitmaps\2d\glows\glow_disc_1;fx\bitmaps\gradient\grad_didact_red;fx\reach\bitmaps\flash\glow_soft"
"Halo 4","objects\weapons\support_high\storm_spartan_laser\storm_spartan_laser","objects\weapons\support_high\storm_spartan_laser\fx\firing","particle","firing_starburst","objects\weapons\support_high\storm_spartan_laser\fx\particles\firing_starburst","primary_trigger","only in first person","fx\bitmaps\2d\flare\starburst_07"
"Halo 4","objects\weapons\support_high\storm_spartan_laser\storm_spartan_laser","objects\weapons\support_high\storm_spartan_laser\fx\firing","particle","firing_starburst","objects\weapons\support_high\storm_spartan_laser\fx\particles\firing_starburst","primary_trigger","only in third person","fx\bitmaps\2d\flare\starburst_07"
"Halo 4","objects\weapons\support_high\storm_spartan_laser\storm_spartan_laser","objects\weapons\support_high\storm_spartan_laser\fx\firing","particle","post_fire_heat_distort","objects\weapons\support_high\storm_spartan_laser\fx\particles\post_fire_heat_distort","primary_trigger","only in first person","fx\bitmaps\2d\caustics\caustics_04;fx\reach\bitmaps\atmospheric\soft_smoke_large;fx\reach\bitmaps\distortion\distortion_shimmer;fx\reach\bitmaps\fire\fire_burst_med"
